id,name,dob,email,gender,country,region,city,asset,marital_status,education
4501,Ebony Spears,2023-05-25,ebonyspears@ymail.com,Female,India,Tamil Nadu,Vellore,753873,Single,Bachelor's Degree
4502,Kerry Stewart,2023-07-31,kerrystewart@gmail.com,Male,India,Dadra and Nagar Haveli,Silvassa,271890,Divorced,Master's Degree
4503,Cullen Edwards,2024-07-19,cullenedwards8523@ymail.com,Female,India,West Bengal,Ingraj Bazar,691984,Married,Bachelor's Degree
4504,Clementine Cross,2025-01-29,clementinecross@ymail.com,Female,United States,Arkansas,Springdale,409762,Married,Postgraduate Degree
4505,Priscilla Hopper,2024-01-07,priscillahopper@ymail.com,Female,India,Chandigarh,Chandigarh,312038,Married,Postgraduate Degree
4506,Dennis Irwin,2023-10-31,dennisirwin@gmail.com,Female,United States,Nevada,Carson City,852769,Married,Postgraduate Degree
4507,Holly Webster,2023-06-01,hollywebster1295@yahoomail.com,Transgender,India,Nagaland,Kohima,765548,Divorced,Bachelor's Degree
4508,Griffith Brock,2023-05-12,griffithbrock@ymail.com,Male,India,Jharkhand,Ranchi,787061,Single,Postgraduate Degree
4509,Bryar Schwartz,2023-10-15,bryarschwartz9085@yahoomail.com,Male,United States,Alaska,College,455931,Married,Bachelor's Degree
4510,Aladdin Cooley,2024-06-14,aladdincooley@ymail.com,Transgender,India,Lakshadweep,Kavaratti,741124,Common Law,Master's Degree
4511,Cheyenne Galloway,2024-11-06,cheyennegalloway6258@gmail.com,Male,India,Jharkhand,Hazaribag,981854,Divorced,Bachelor's Degree
4512,Jenna Barr,2023-08-21,jennabarr@gmail.com,Male,United States,Georgia,Atlanta,639731,Divorced,Postgraduate Degree
4513,Kenyon Cardenas,2024-09-09,kenyoncardenas2538@ymail.com,Transgender,United States,Wisconsin,Kenosha,476582,Divorced,Postgraduate Degree
4514,Gwendolyn Foley,2024-10-12,gwendolynfoley@gmail.com,Female,India,Karnataka,Raichur,137868,Divorced,Postgraduate Degree
4515,Nolan Sellers,2024-08-15,nolansellers@ymail.com,Male,India,West Bengal,Krishnanagar,431188,Divorced,Postgraduate Degree
4516,Bryar Drake,2023-09-16,bryardrake9601@ymail.com,Transgender,United States,Oregon,Eugene,194778,Common Law,Master's Degree
4517,Iona Greene,2023-11-05,ionagreene@ymail.com,Male,India,Delhi,Delhi,859586,Common Law,Bachelor's Degree
4518,Kaitlin Oneal,2023-12-18,kaitlinoneal@ymail.com,Male,United States,Delaware,Dover,997574,Divorced,Bachelor's Degree
4519,Ivory Brewer,2023-05-29,ivorybrewer@gmail.com,Female,India,Assam,Nagaon,437307,Married,Postgraduate Degree
4520,Linda Rojas,2023-03-29,lindarojas5474@yahoomail.com,Transgender,United States,Nebraska,Bellevue,448383,Single,Postgraduate Degree
4521,Madeline Graham,2024-01-15,madelinegraham@ymail.com,Male,India,Lakshadweep,Kavaratti,864692,Common Law,Bachelor's Degree
4522,Anastasia Dillon,2025-02-08,anastasiadillon4642@gmail.com,Male,United States,Missouri,Jefferson City,303327,Single,Master's Degree
4523,Henry Conrad,2023-04-14,henryconrad@ymail.com,Transgender,United States,Vermont,South Burlington,979153,Divorced,Postgraduate Degree
4524,Daniel Beasley,2024-01-08,danielbeasley9@yahoomail.com,Female,United States,Florida,Tallahassee,631153,Common Law,Postgraduate Degree
4525,Stone Juarez,2024-03-30,stonejuarez@yahoomail.com,Male,India,Gujarat,Nadiad,326048,Single,Bachelor's Degree
4526,Dahlia Burt,2023-09-13,dahliaburt@ymail.com,Transgender,United States,Michigan,Grand Rapids,405569,Single,Postgraduate Degree
4527,Ashely Hays,2023-07-20,ashelyhays@gmail.com,Male,United States,Kansas,Kansas City,662455,Common Law,Master's Degree
4528,Ora Little,2023-12-12,oralittle8517@gmail.com,Male,India,Manipur,Imphal,448974,Common Law,Master's Degree
4529,Quentin Monroe,2024-04-12,quentinmonroe@yahoomail.com,Female,United States,Georgia,Columbus,290480,Common Law,Bachelor's Degree
4530,Tate Curry,2024-08-08,tatecurry1243@yahoomail.com,Transgender,India,Madhya Pradesh,Murwara,272107,Common Law,Bachelor's Degree
4531,Roth Giles,2024-05-22,rothgiles3992@gmail.com,Male,United States,Maine,South Portland,775247,Common Law,Bachelor's Degree
4532,Salvador Terry,2024-04-09,salvadorterry@ymail.com,Female,United States,Arkansas,Springdale,775554,Married,Postgraduate Degree
4533,Oren Small,2023-05-08,orensmall3109@ymail.com,Male,United States,Wisconsin,Green Bay,407146,Common Law,Postgraduate Degree
4534,Nigel Weiss,2023-08-22,nigelweiss9943@yahoomail.com,Female,India,West Bengal,Barahanagar,673599,Married,Master's Degree
4535,Scarlett Hood,2024-02-05,scarletthood8233@yahoomail.com,Female,India,Daman and Diu,Daman,670081,Single,Bachelor's Degree
4536,Beatrice Henry,2024-07-17,beatricehenry@ymail.com,Female,India,Jharkhand,Bokaro Steel City,178529,Common Law,Bachelor's Degree
4537,Jordan Potter,2024-01-11,jordanpotter6613@gmail.com,Transgender,United States,Maine,Bangor,238987,Single,Postgraduate Degree
4538,Ria Heath,2024-05-20,riaheath8280@gmail.com,Female,India,Odisha,Bhubaneswar,213051,Married,Postgraduate Degree
4539,Addison Whitley,2023-07-08,addisonwhitley@gmail.com,Female,United States,Alabama,Montgomery,469664,Married,Postgraduate Degree
4540,Daryl Gamble,2023-08-28,darylgamble9475@yahoomail.com,Transgender,United States,Tennessee,Chattanooga,341939,Married,Bachelor's Degree
4541,Reagan Hardy,2023-11-21,reaganhardy4667@gmail.com,Female,United States,Florida,Orlando,669252,Common Law,Bachelor's Degree
4542,Jordan Bates,2023-07-15,jordanbates@ymail.com,Female,India,Nagaland,Kohima,427962,Divorced,Postgraduate Degree
4543,Yoshio Schwartz,2024-07-17,yoshioschwartz@ymail.com,Female,United States,Montana,Butte,998875,Divorced,Master's Degree
4544,Ivor Barrera,2024-02-11,ivorbarrera@ymail.com,Female,India,Gujarat,Bhavnagar,863946,Married,Bachelor's Degree
4545,Keith Robertson,2024-01-11,keithrobertson3614@ymail.com,Female,India,Uttarakhand,Dehradun,377455,Single,Bachelor's Degree
4546,Rigel Gallagher,2024-01-03,rigelgallagher9679@gmail.com,Female,India,Andhra Pradesh,Qutubullapur,720273,Married,Master's Degree
4547,Miranda Leach,2024-03-18,mirandaleach3251@ymail.com,Female,United States,Florida,Tampa,232155,Divorced,Postgraduate Degree
4548,Alisa Alvarado,2023-11-24,alisaalvarado4842@yahoomail.com,Male,United States,Washington,Bellevue,761379,Divorced,Master's Degree
4549,Imani Chang,2023-04-27,imanichang@ymail.com,Transgender,India,Meghalaya,Shillong,544499,Common Law,Postgraduate Degree
4550,Chaney Jimenez,2023-09-06,chaneyjimenez@yahoomail.com,Male,United States,Iowa,Des Moines,484386,Common Law,Master's Degree
4551,Marcia Gould,2023-04-22,marciagould@yahoomail.com,Transgender,United States,Idaho,Boise,388078,Divorced,Master's Degree
4552,Fallon Clemons,2024-03-07,fallonclemons7738@yahoomail.com,Transgender,United States,Idaho,Idaho Falls,457501,Single,Master's Degree
4553,Lacy Chang,2023-08-29,lacychang@yahoomail.com,Male,India,Tripura,Agartala,583245,Common Law,Postgraduate Degree
4554,Vaughan Jimenez,2024-07-11,vaughanjimenez4597@yahoomail.com,Transgender,United States,Nebraska,Grand Island,650763,Married,Postgraduate Degree
4555,Velma Richards,2023-12-13,velmarichards@yahoomail.com,Transgender,India,Assam,Nagaon,857143,Married,Postgraduate Degree
4556,Griffin Hoffman,2023-05-09,griffinhoffman@yahoomail.com,Transgender,United States,Tennessee,Chattanooga,746968,Single,Postgraduate Degree
4557,Phyllis Munoz,2024-11-03,phyllismunoz7369@ymail.com,Transgender,India,Tripura,Agartala,604171,Divorced,Postgraduate Degree
4558,Kerry Cline,2024-08-25,kerrycline8804@gmail.com,Male,India,Andaman and Nicobar Islands,Port Blair,930238,Common Law,Bachelor's Degree
4559,Jason Bright,2024-01-30,jasonbright4448@ymail.com,Female,India,Andaman and Nicobar Islands,Port Blair,704266,Married,Postgraduate Degree
4560,Tatum Dejesus,2024-05-10,tatumdejesus@yahoomail.com,Transgender,United States,Iowa,Iowa City,125955,Married,Master's Degree
4561,Noble Wright,2024-06-02,noblewright8689@ymail.com,Transgender,India,Andhra Pradesh,Nizamabad,497667,Single,Postgraduate Degree
4562,Cheyenne Kaufman,2024-11-02,cheyennekaufman@yahoomail.com,Male,United States,Missouri,Columbia,249700,Divorced,Bachelor's Degree
4563,Zenia Roach,2023-04-14,zeniaroach@yahoomail.com,Female,India,Uttar Pradesh,Farrukhabad-cum-Fatehgarh,240462,Married,Postgraduate Degree
4564,Rooney Wong,2024-09-19,rooneywong@yahoomail.com,Female,United States,Kansas,Topeka,675884,Divorced,Master's Degree
4565,Janna Sargent,2024-07-16,jannasargent@gmail.com,Transgender,United States,Nevada,North Las Vegas,641076,Divorced,Postgraduate Degree
4566,Mari Miranda,2024-01-29,marimiranda4139@ymail.com,Male,United States,Massachusetts,Lowell,252595,Common Law,Bachelor's Degree
4567,Pamela Mckinney,2025-02-02,pamelamckinney469@gmail.com,Female,United States,Alabama,Montgomery,307026,Common Law,Bachelor's Degree
4568,Samuel Forbes,2024-07-24,samuelforbes@ymail.com,Male,United States,Utah,West Valley City,414311,Married,Master's Degree
4569,Patience Kim,2025-01-31,patiencekim1815@yahoomail.com,Female,United States,Wisconsin,Racine,288879,Divorced,Postgraduate Degree
4570,Emmanuel Holder,2025-03-26,emmanuelholder@ymail.com,Male,India,Haryana,Sirsa,486378,Common Law,Bachelor's Degree
4571,Rina Charles,2023-05-11,rinacharles@ymail.com,Male,United States,Nevada,North Las Vegas,571032,Common Law,Bachelor's Degree
4572,Harper Chapman,2024-06-21,harperchapman4334@ymail.com,Male,United States,California,San Jose,225670,Married,Postgraduate Degree
4573,Tanner Rush,2024-06-17,tannerrush1465@yahoomail.com,Female,India,Bihar,Bettiah,784869,Divorced,Bachelor's Degree
4574,Ferris Robinson,2024-12-24,ferrisrobinson2305@gmail.com,Transgender,India,Arunachal Pradesh,Itanagar,650609,Single,Master's Degree
4575,Ruby Brock,2024-11-30,rubybrock1390@yahoomail.com,Female,United States,Montana,Billings,251053,Divorced,Postgraduate Degree
4576,Zelda Ray,2023-12-30,zeldaray@ymail.com,Transgender,United States,Vermont,Essex,457660,Divorced,Postgraduate Degree
4577,Ramona Bentley,2024-03-27,ramonabentley4464@yahoomail.com,Transgender,India,Tripura,Agartala,531458,Married,Master's Degree
4578,Wyatt Carey,2024-06-01,wyattcarey@gmail.com,Male,India,Maharastra,Jalna,349040,Single,Postgraduate Degree
4579,Christian Talley,2024-04-01,christiantalley1634@ymail.com,Transgender,United States,Maryland,Columbia,659885,Common Law,Master's Degree
4580,Wylie Heath,2024-10-31,wylieheath@ymail.com,Female,India,Karnataka,Hassan,994166,Married,Master's Degree
4581,Baker Vega,2023-09-01,bakervega@ymail.com,Transgender,United States,Wisconsin,Milwaukee,142672,Common Law,Bachelor's Degree
4582,Deirdre Leach,2024-06-25,deirdreleach6359@gmail.com,Female,United States,Nebraska,Kearney,258616,Divorced,Bachelor's Degree
4583,Noelani Parsons,2024-04-08,noelaniparsons3217@gmail.com,Transgender,United States,Montana,Billings,505807,Married,Postgraduate Degree
4584,Susan Hudson,2024-09-20,susanhudson@gmail.com,Female,United States,Washington,Olympia,781129,Married,Bachelor's Degree
4585,Keith Farley,2024-05-21,keithfarley9441@gmail.com,Female,United States,Pennsylvania,Allentown,659841,Married,Postgraduate Degree
4586,Oleg Sparks,2023-08-19,olegsparks@yahoomail.com,Female,United States,Arizona,Mesa,460778,Divorced,Bachelor's Degree
4587,Evangeline Strickland,2023-06-01,evangelinestrickland2266@ymail.com,Transgender,United States,Colorado,Fort Collins,897903,Married,Master's Degree
4588,Akeem Hickman,2023-12-07,akeemhickman@gmail.com,Male,United States,Delaware,Pike Creek,863336,Single,Master's Degree
4589,Burke Ellison,2023-04-14,burkeellison3954@gmail.com,Male,India,Delhi,Delhi,869003,Divorced,Bachelor's Degree
4590,Kadeem Murphy,2024-12-03,kadeemmurphy4182@yahoomail.com,Female,United States,Alabama,Montgomery,230631,Single,Master's Degree
4591,Calvin Burgess,2024-12-10,calvinburgess1813@gmail.com,Male,United States,Wisconsin,Milwaukee,752422,Single,Master's Degree
4592,Benedict Cox,2024-01-06,benedictcox9808@ymail.com,Male,United States,Michigan,Lansing,952593,Common Law,Bachelor's Degree
4593,Eaton Welch,2024-10-15,eatonwelch9587@yahoomail.com,Transgender,United States,Wyoming,Rock Springs,981847,Divorced,Postgraduate Degree
4594,Deirdre Wallace,2024-04-13,deirdrewallace9118@yahoomail.com,Female,United States,Delaware,Newark,924666,Common Law,Postgraduate Degree
4595,Tucker Short,2023-11-21,tuckershort3550@yahoomail.com,Male,United States,Nevada,Carson City,736322,Common Law,Bachelor's Degree
4596,Zoe Rollins,2024-11-09,zoerollins2491@ymail.com,Transgender,United States,Missouri,Jefferson City,248931,Married,Master's Degree
4597,Hayes Duran,2024-03-28,hayesduran@gmail.com,Transgender,United States,Arkansas,Springdale,359784,Single,Master's Degree
4598,Elizabeth George,2024-10-16,elizabethgeorge@gmail.com,Transgender,India,Chandigarh,Chandigarh,534364,Single,Bachelor's Degree
4599,Garth Gonzales,2023-09-14,garthgonzales7927@yahoomail.com,Female,India,Tripura,Agartala,118279,Married,Postgraduate Degree
4600,Jermaine Duran,2023-07-30,jermaineduran5530@yahoomail.com,Transgender,United States,Montana,Great Falls,435269,Married,Bachelor's Degree
4601,Sharon Hebert,2023-10-17,sharonhebert@yahoomail.com,Transgender,India,Assam,Dibrugarh,472712,Single,Postgraduate Degree
4602,Dillon Rodgers,2025-02-09,dillonrodgers@gmail.com,Male,United States,Utah,West Valley City,565825,Single,Master's Degree
4603,Boris Golden,2023-05-08,borisgolden@ymail.com,Transgender,United States,Maryland,Rockville,714099,Married,Bachelor's Degree
4604,Raja Carey,2024-05-31,rajacarey@yahoomail.com,Female,India,Pondicherry,Pondicherry,999862,Single,Postgraduate Degree
4605,Xander Ortega,2023-03-28,xanderortega2798@yahoomail.com,Male,India,Arunachal Pradesh,Itanagar,856807,Common Law,Master's Degree
4606,Quintessa Myers,2024-10-05,quintessamyers9328@yahoomail.com,Transgender,India,Manipur,Imphal,972978,Common Law,Bachelor's Degree
4607,Stewart Barton,2023-05-11,stewartbarton@ymail.com,Female,United States,Georgia,Augusta,549443,Single,Bachelor's Degree
4608,Murphy Mccall,2023-12-26,murphymccall@ymail.com,Transgender,India,Tamil Nadu,Avadi,591219,Divorced,Postgraduate Degree
4609,Nina Reed,2025-03-03,ninareed@yahoomail.com,Transgender,United States,Delaware,Bear,751901,Common Law,Bachelor's Degree
4610,Ray Robles,2023-11-05,rayrobles3251@gmail.com,Male,United States,Arizona,Glendale,507427,Single,Bachelor's Degree
4611,Alexis Rhodes,2025-02-21,alexisrhodes1518@gmail.com,Female,United States,Pennsylvania,Pittsburgh,722664,Single,Bachelor's Degree
4612,Irma Pickett,2024-04-28,irmapickett7815@yahoomail.com,Transgender,United States,Missouri,Independence,824524,Divorced,Bachelor's Degree
4613,Ira Logan,2025-02-11,iralogan@gmail.com,Female,United States,Georgia,Augusta,809060,Common Law,Master's Degree
4614,Leila Garcia,2024-03-05,leilagarcia@yahoomail.com,Transgender,India,Jharkhand,Bokaro Steel City,796794,Common Law,Bachelor's Degree
4615,Harper Stephens,2024-05-17,harperstephens9115@gmail.com,Male,India,Uttar Pradesh,Jhansi,544047,Single,Bachelor's Degree
4616,Kylynn Hunter,2024-07-03,kylynnhunter@yahoomail.com,Male,India,Uttar Pradesh,Ghaziabad,907592,Married,Bachelor's Degree
4617,Zephania Vinson,2023-08-21,zephaniavinson@ymail.com,Female,United States,Michigan,Sterling Heights,593021,Divorced,Master's Degree
4618,Alvin Buckner,2024-12-07,alvinbuckner@yahoomail.com,Male,India,Andhra Pradesh,Chittoor,146524,Common Law,Master's Degree
4619,Kibo Glass,2024-11-07,kiboglass6988@yahoomail.com,Male,United States,Montana,Billings,879677,Single,Postgraduate Degree
4620,Porter Tanner,2023-05-09,portertanner@ymail.com,Transgender,United States,Vermont,Colchester,870087,Divorced,Postgraduate Degree
4621,Jordan Mullins,2023-08-30,jordanmullins6026@yahoomail.com,Transgender,India,Himachal Pradesh,Shimla,617470,Divorced,Postgraduate Degree
4622,Rosalyn Shelton,2024-02-10,rosalynshelton@ymail.com,Male,India,Manipur,Imphal,143697,Divorced,Bachelor's Degree
4623,Isabelle Ferrell,2025-03-23,isabelleferrell@ymail.com,Female,India,Uttarakhand,Haridwar,662427,Married,Bachelor's Degree
4624,Hadassah Lindsey,2024-02-09,hadassahlindsey@yahoomail.com,Female,India,Andhra Pradesh,Chittoor,388384,Married,Bachelor's Degree
4625,Ciara Mcdowell,2024-11-05,ciaramcdowell@ymail.com,Transgender,India,Punjab,Jaranwala,205294,Divorced,Master's Degree
4626,Jescie Lyons,2025-01-04,jescielyons@ymail.com,Transgender,United States,Colorado,Aurora,705034,Divorced,Master's Degree
4627,Beau Weiss,2024-12-18,beauweiss1849@ymail.com,Female,United States,Pennsylvania,Pittsburgh,339809,Single,Master's Degree
4628,Haviva Gill,2024-11-19,havivagill@yahoomail.com,Transgender,United States,Hawaii,Hilo,868596,Common Law,Master's Degree
4629,Bertha Dodson,2024-06-06,berthadodson@yahoomail.com,Transgender,United States,Montana,Great Falls,660880,Common Law,Master's Degree
4630,Nehru Casey,2023-05-24,nehrucasey550@yahoomail.com,Male,United States,Utah,Provo,647263,Married,Postgraduate Degree
4631,Patrick Fitzgerald,2024-11-07,patrickfitzgerald4218@ymail.com,Female,United States,Kansas,Olathe,431274,Divorced,Postgraduate Degree
4632,Xaviera Nichols,2024-07-16,xavieranichols@gmail.com,Transgender,India,Maharastra,Gondiya,192703,Common Law,Postgraduate Degree
4633,Nicholas O'donnell,2024-07-31,nicholasodonnell3079@gmail.com,Transgender,United States,Pennsylvania,Allentown,484272,Divorced,Postgraduate Degree
4634,Sybil Ayers,2023-05-18,sybilayers4006@gmail.com,Female,United States,Wyoming,Rock Springs,570246,Divorced,Postgraduate Degree
4635,India Patrick,2024-05-27,indiapatrick@ymail.com,Female,India,Assam,Guwahati,588428,Divorced,Master's Degree
4636,Galvin Curtis,2024-05-05,galvincurtis3151@ymail.com,Male,United States,Vermont,Essex,739535,Married,Postgraduate Degree
4637,Odysseus Buck,2024-05-12,odysseusbuck@ymail.com,Female,United States,Mississippi,Southaven,686743,Married,Postgraduate Degree
4638,Xandra Howe,2023-10-22,xandrahowe@ymail.com,Female,United States,Oregon,Hillsboro,781356,Common Law,Postgraduate Degree
4639,Macey Donaldson,2024-05-07,maceydonaldson9805@yahoomail.com,Male,United States,Nebraska,Lincoln,916520,Common Law,Postgraduate Degree
4640,Clare Bray,2023-07-27,clarebray@yahoomail.com,Transgender,United States,Delaware,Pike Creek,649757,Married,Postgraduate Degree
4641,Josephine Cameron,2024-05-13,josephinecameron@yahoomail.com,Transgender,United States,Iowa,Iowa City,947310,Married,Bachelor's Degree
4642,Ian Wynn,2025-02-22,ianwynn@yahoomail.com,Transgender,United States,Nebraska,Bellevue,394274,Common Law,Master's Degree
4643,Germaine Romero,2023-10-07,germaineromero5679@yahoomail.com,Transgender,India,Karnataka,Mangalore,684617,Divorced,Postgraduate Degree
4644,Kelly Walker,2024-01-26,kellywalker362@gmail.com,Transgender,United States,Louisiana,Shreveport,686322,Single,Master's Degree
4645,Len Thomas,2023-07-05,lenthomas@yahoomail.com,Male,India,Chandigarh,Chandigarh,738676,Common Law,Postgraduate Degree
4646,Damon Salas,2023-04-18,damonsalas4829@ymail.com,Male,United States,Nevada,Reno,179370,Common Law,Postgraduate Degree
4647,Basia Roach,2023-12-17,basiaroach@gmail.com,Male,India,Haryana,Hisar,623030,Divorced,Bachelor's Degree
4648,Elmo Atkinson,2023-04-26,elmoatkinson@ymail.com,Female,United States,Nevada,Henderson,495399,Common Law,Bachelor's Degree
4649,Neville Fitzpatrick,2023-05-08,nevillefitzpatrick9204@gmail.com,Female,United States,Utah,Sandy,765871,Married,Postgraduate Degree
4650,Lacey Clayton,2025-02-03,laceyclayton6898@yahoomail.com,Transgender,India,Delhi,Delhi,445658,Divorced,Master's Degree
4651,Tad Hewitt,2025-03-05,tadhewitt4732@yahoomail.com,Male,India,Goa,Panjim,831669,Common Law,Master's Degree
4652,Sybill Russo,2023-09-13,sybillrusso3964@yahoomail.com,Transgender,United States,Illinois,Joliet,674484,Common Law,Bachelor's Degree
4653,Liberty Dunn,2023-11-24,libertydunn@yahoomail.com,Female,United States,Missouri,Saint Louis,763453,Divorced,Bachelor's Degree
4654,Lareina Lawrence,2024-08-09,lareinalawrence@ymail.com,Female,India,Sikkim,Gangtok,656064,Divorced,Postgraduate Degree
4655,Jaquelyn Robinson,2024-09-11,jaquelynrobinson@ymail.com,Male,India,Haryana,Ambala Sadar,510326,Divorced,Bachelor's Degree
4656,Kasimir Bowman,2023-06-13,kasimirbowman@ymail.com,Male,United States,Minnesota,Rochester,314978,Single,Master's Degree
4657,Dale Bass,2024-01-25,dalebass@yahoomail.com,Transgender,United States,Michigan,Flint,241497,Common Law,Postgraduate Degree
4658,Amery Larsen,2023-07-29,amerylarsen8829@gmail.com,Female,India,Himachal Pradesh,Shimla,977031,Single,Bachelor's Degree
4659,Inga Harvey,2023-08-06,ingaharvey@ymail.com,Male,United States,Nevada,Carson City,114784,Married,Bachelor's Degree
4660,Clayton Koch,2024-11-07,claytonkoch1068@gmail.com,Male,United States,Oklahoma,Broken Arrow,211205,Single,Master's Degree
4661,Quynn Snyder,2023-05-19,quynnsnyder4498@yahoomail.com,Male,India,Andhra Pradesh,Secunderabad,217599,Single,Postgraduate Degree
4662,Mark Barrera,2024-02-02,markbarrera3813@ymail.com,Male,United States,Wisconsin,Green Bay,964607,Common Law,Bachelor's Degree
4663,Alfonso Pollard,2025-01-09,alfonsopollard365@gmail.com,Female,India,Jharkhand,Hazaribag,823141,Common Law,Master's Degree
4664,Samantha Gillespie,2024-11-01,samanthagillespie@gmail.com,Male,India,Madhya Pradesh,Jabalpur,152099,Married,Bachelor's Degree
4665,Zephania Olsen,2024-05-21,zephaniaolsen4868@yahoomail.com,Transgender,United States,Colorado,Lakewood,393134,Divorced,Postgraduate Degree
4666,Meredith Duncan,2024-03-29,meredithduncan@yahoomail.com,Transgender,India,Karnataka,Mysore,971811,Divorced,Postgraduate Degree
4667,Amber Goodwin,2023-05-28,ambergoodwin574@yahoomail.com,Male,India,Uttarakhand,Haridwar,969587,Single,Postgraduate Degree
4668,Kenyon Wiley,2024-03-30,kenyonwiley511@gmail.com,Transgender,India,Arunachal Pradesh,Itanagar,231257,Common Law,Postgraduate Degree
4669,Olga Hodges,2023-05-02,olgahodges@ymail.com,Female,United States,Minnesota,Bloomington,629596,Divorced,Bachelor's Degree
4670,Christopher Hutchinson,2024-07-12,christopherhutchinson@ymail.com,Female,United States,Maine,Lewiston,950486,Single,Master's Degree
4671,Allen Brown,2023-08-21,allenbrown@yahoomail.com,Male,India,Uttarakhand,Dehradun,873050,Common Law,Bachelor's Degree
4672,Chloe Mccray,2024-03-03,chloemccray747@yahoomail.com,Male,India,Arunachal Pradesh,Itanagar,805575,Married,Master's Degree
4673,Maia Copeland,2024-04-14,maiacopeland@yahoomail.com,Male,United States,Delaware,Wilmington,407482,Single,Bachelor's Degree
4674,Summer Harrison,2024-11-30,summerharrison@yahoomail.com,Female,India,Chandigarh,Chandigarh,689490,Common Law,Master's Degree
4675,Jared Bender,2025-02-16,jaredbender7521@gmail.com,Female,India,Mizoram,Aizwal,231590,Common Law,Postgraduate Degree
4676,Linus Curtis,2025-01-06,linuscurtis888@yahoomail.com,Male,United States,Oklahoma,Tulsa,338546,Married,Master's Degree
4677,Talon George,2024-01-16,talongeorge@gmail.com,Male,India,Delhi,Delhi,486924,Married,Master's Degree
4678,Maris Romero,2024-05-18,marisromero@ymail.com,Male,India,Maharastra,Solapur,150982,Married,Bachelor's Degree
4679,Suki Sherman,2025-03-22,sukisherman6489@ymail.com,Male,United States,Indiana,Evansville,332239,Divorced,Master's Degree
4680,Felix Lynch,2025-02-16,felixlynch@ymail.com,Male,India,Chandigarh,Chandigarh,467699,Divorced,Master's Degree
4681,Rebecca Everett,2023-04-30,rebeccaeverett@gmail.com,Male,United States,Massachusetts,Cambridge,464907,Divorced,Postgraduate Degree
4682,Ebony Alvarado,2024-08-26,ebonyalvarado4517@ymail.com,Female,United States,Tennessee,Clarksville,539817,Divorced,Postgraduate Degree
4683,Ethan Cook,2023-07-17,ethancook@yahoomail.com,Female,India,Haryana,Sirsa,894140,Married,Postgraduate Degree
4684,Debra Moore,2024-04-22,debramoore@gmail.com,Transgender,United States,Hawaii,Kailua,883073,Divorced,Master's Degree
4685,Eric Jenkins,2023-04-04,ericjenkins@yahoomail.com,Transgender,United States,Nevada,Henderson,425118,Divorced,Bachelor's Degree
4686,Alma Donovan,2023-11-22,almadonovan@gmail.com,Male,United States,Texas,Dallas,474709,Single,Master's Degree
4687,Caesar O'donnell,2024-09-13,caesarodonnell1688@gmail.com,Male,United States,Oklahoma,Broken Arrow,697925,Common Law,Bachelor's Degree
4688,Ignatius Gaines,2024-10-16,ignatiusgaines@gmail.com,Transgender,United States,Florida,St. Petersburg,839113,Single,Postgraduate Degree
4689,Madison Briggs,2024-10-23,madisonbriggs5280@ymail.com,Male,India,Gujarat,Morvi,116471,Married,Master's Degree
4690,Sylvester Marshall,2024-06-16,sylvestermarshall@gmail.com,Male,United States,Kentucky,Covington,497318,Single,Bachelor's Degree
4691,Ahmed Adams,2024-03-18,ahmedadams@yahoomail.com,Transgender,United States,Missouri,Saint Louis,509892,Married,Bachelor's Degree
4692,Jelani Turner,2024-01-06,jelaniturner9802@ymail.com,Male,India,Nagaland,Kohima,324950,Divorced,Bachelor's Degree
4693,Camden Wilson,2024-10-11,camdenwilson@gmail.com,Female,India,Punjab,Amritsar,800686,Common Law,Postgraduate Degree
4694,Lois Goodwin,2024-07-09,loisgoodwin@ymail.com,Transgender,United States,Maine,Bangor,876769,Married,Bachelor's Degree
4695,Aretha Fuentes,2023-06-02,arethafuentes@ymail.com,Female,United States,Utah,Sandy,987758,Divorced,Bachelor's Degree
4696,Tobias Ingram,2023-05-11,tobiasingram5672@ymail.com,Transgender,India,Andaman and Nicobar Islands,Port Blair,710943,Single,Bachelor's Degree
4697,Nicholas Hutchinson,2023-12-14,nicholashutchinson@gmail.com,Female,India,Daman and Diu,Daman,454253,Divorced,Bachelor's Degree
4698,Maxwell Patel,2024-11-13,maxwellpatel7115@yahoomail.com,Transgender,United States,Georgia,Atlanta,975391,Common Law,Bachelor's Degree
4699,Jamalia Maddox,2023-10-20,jamaliamaddox1478@gmail.com,Transgender,India,Kerala,Thalassery,198953,Divorced,Postgraduate Degree
4700,Ivan Boyle,2023-09-22,ivanboyle3658@ymail.com,Female,United States,Utah,Sandy,909467,Married,Postgraduate Degree
4701,Simone Fowler,2023-12-25,simonefowler4325@yahoomail.com,Male,India,Gujarat,Navsari,638279,Single,Bachelor's Degree
4702,Steel Smith,2024-02-22,steelsmith@ymail.com,Male,United States,Minnesota,Duluth,418267,Single,Bachelor's Degree
4703,Jana Chandler,2024-09-23,janachandler1726@gmail.com,Male,United States,Kansas,Topeka,887687,Divorced,Postgraduate Degree
4704,Hedda Ortega,2025-01-28,heddaortega9184@gmail.com,Female,India,Meghalaya,Shillong,407075,Divorced,Postgraduate Degree
4705,Rina Giles,2024-09-26,rinagiles@ymail.com,Transgender,United States,Tennessee,Knoxville,303761,Single,Bachelor's Degree
4706,Rafael Oneil,2023-09-15,rafaeloneil@yahoomail.com,Male,United States,Florida,Jacksonville,846250,Common Law,Bachelor's Degree
4707,Hector Guy,2024-10-29,hectorguy@yahoomail.com,Male,India,Jharkhand,Hazaribag,857840,Common Law,Master's Degree
4708,Nell Conrad,2023-08-16,nellconrad@gmail.com,Female,United States,Illinois,Naperville,579447,Single,Bachelor's Degree
4709,Zena Parsons,2024-11-14,zenaparsons@gmail.com,Transgender,United States,Indiana,Gary,371813,Common Law,Master's Degree
4710,Jonah Gay,2023-05-13,jonahgay@gmail.com,Transgender,India,Chandigarh,Chandigarh,853779,Married,Bachelor's Degree
4711,Lance James,2023-06-10,lancejames3449@yahoomail.com,Female,India,Goa,Panjim,779236,Single,Bachelor's Degree
4712,Kimberly Reese,2024-01-16,kimberlyreese4634@gmail.com,Female,India,Manipur,Imphal,578586,Married,Master's Degree
4713,Ima Mcconnell,2023-10-26,imamcconnell@yahoomail.com,Transgender,India,Nagaland,Kohima,202593,Single,Master's Degree
4714,Roth Porter,2025-03-04,rothporter@yahoomail.com,Female,India,Gujarat,Nadiad,128082,Married,Postgraduate Degree
4715,Jordan Henson,2024-01-09,jordanhenson@gmail.com,Male,United States,Tennessee,Chattanooga,155581,Divorced,Postgraduate Degree
4716,Jena Palmer,2024-03-07,jenapalmer@gmail.com,Male,United States,Utah,West Jordan,891776,Single,Postgraduate Degree
4717,Kamal Hebert,2023-09-29,kamalhebert4337@ymail.com,Female,India,Sikkim,Gangtok,776137,Common Law,Bachelor's Degree
4718,Martha Butler,2025-01-03,marthabutler@ymail.com,Transgender,United States,Mississippi,Hattiesburg,106819,Divorced,Master's Degree
4719,Ora Erickson,2024-10-14,oraerickson@ymail.com,Male,United States,Michigan,Flint,630056,Single,Master's Degree
4720,Trevor Beasley,2023-07-26,trevorbeasley@gmail.com,Transgender,United States,Oregon,Hillsboro,393669,Single,Postgraduate Degree
4721,Dora Campos,2024-01-16,doracampos@yahoomail.com,Transgender,United States,Illinois,Springfield,397558,Married,Postgraduate Degree
4722,Amir Robinson,2025-03-09,amirrobinson4459@ymail.com,Male,United States,Hawaii,Hilo,532601,Single,Postgraduate Degree
4723,Erica Ayala,2024-02-08,ericaayala@yahoomail.com,Female,India,Karnataka,Mandya,297914,Married,Postgraduate Degree
4724,Heather Steele,2025-03-11,heathersteele@yahoomail.com,Female,India,Madhya Pradesh,Indore,160635,Divorced,Master's Degree
4725,Ferdinand Rivera,2025-01-18,ferdinandrivera667@ymail.com,Male,India,Uttarakhand,Dehradun,807124,Common Law,Master's Degree
4726,Noah Farmer,2024-11-29,noahfarmer4445@gmail.com,Male,India,Daman and Diu,Daman,886030,Common Law,Bachelor's Degree
4727,Phillip Livingston,2023-12-16,philliplivingston@gmail.com,Female,United States,Florida,Miami,554539,Single,Master's Degree
4728,Gillian Bird,2025-03-19,gillianbird@yahoomail.com,Female,India,Assam,Silchar,458458,Single,Bachelor's Degree
4729,Jayme Rivers,2024-02-02,jaymerivers@gmail.com,Female,United States,Virginia,Newport News,161224,Divorced,Master's Degree
4730,Iris Norton,2025-01-19,irisnorton1226@gmail.com,Male,United States,Arizona,Phoenix,444076,Divorced,Bachelor's Degree
4731,Kaitlin Jarvis,2024-04-05,kaitlinjarvis2100@yahoomail.com,Male,India,Chhattisgarh,Raipur,611080,Single,Postgraduate Degree
4732,Venus Collins,2024-08-10,venuscollins9916@gmail.com,Transgender,United States,Texas,Austin,117809,Common Law,Master's Degree
4733,Ferdinand Gallegos,2025-02-11,ferdinandgallegos7012@yahoomail.com,Male,United States,Washington,Olympia,192372,Divorced,Master's Degree
4734,Elizabeth Harding,2025-01-16,elizabethharding666@gmail.com,Transgender,United States,Arizona,Chandler,342597,Single,Postgraduate Degree
4735,Fritz Howe,2023-08-31,fritzhowe@gmail.com,Transgender,India,Meghalaya,Shillong,921834,Married,Bachelor's Degree
4736,Paul Bates,2023-07-15,paulbates@ymail.com,Female,India,Chandigarh,Chandigarh,425411,Common Law,Master's Degree
4737,Cally Wooten,2024-09-05,callywooten5671@ymail.com,Transgender,United States,Ohio,Toledo,285143,Divorced,Master's Degree
4738,Ashton Butler,2023-10-28,ashtonbutler@ymail.com,Transgender,United States,Missouri,Jefferson City,789350,Married,Postgraduate Degree
4739,Stephanie Harrington,2025-02-10,stephanieharrington@gmail.com,Female,United States,Maine,Augusta,512736,Divorced,Bachelor's Degree
4740,Maxwell Rhodes,2023-11-06,maxwellrhodes3666@ymail.com,Male,United States,Oregon,Eugene,677103,Married,Master's Degree
4741,Fletcher Buckner,2024-12-09,fletcherbuckner@gmail.com,Female,India,Haryana,Faridabad,817681,Divorced,Postgraduate Degree
4742,Hedda Burke,2023-11-25,heddaburke4663@ymail.com,Transgender,United States,Pennsylvania,Pittsburgh,198264,Single,Postgraduate Degree
4743,Lydia Martin,2024-12-01,lydiamartin@ymail.com,Transgender,India,Uttar Pradesh,Agra,995989,Divorced,Postgraduate Degree
4744,Anthony Chang,2023-05-28,anthonychang1780@gmail.com,Female,India,Nagaland,Kohima,758418,Single,Bachelor's Degree
4745,Cathleen Wooten,2024-10-16,cathleenwooten@yahoomail.com,Female,India,Andaman and Nicobar Islands,Port Blair,661933,Single,Master's Degree
4746,Erasmus Fuller,2023-08-25,erasmusfuller6589@yahoomail.com,Female,United States,Virginia,Chesapeake,172273,Single,Postgraduate Degree
4747,Gil Stevens,2023-12-09,gilstevens6599@yahoomail.com,Transgender,United States,Washington,Seattle,973935,Divorced,Bachelor's Degree
4748,Quamar Weaver,2023-08-10,quamarweaver@yahoomail.com,Female,India,Daman and Diu,Daman,513345,Divorced,Postgraduate Degree
4749,David Peters,2023-07-04,davidpeters656@ymail.com,Female,United States,Utah,Salt Lake City,544685,Divorced,Postgraduate Degree
4750,Shad Frost,2024-08-27,shadfrost@yahoomail.com,Transgender,India,Odisha,Brahmapur,954328,Single,Master's Degree
4751,Emmanuel Carroll,2023-05-05,emmanuelcarroll842@gmail.com,Male,United States,Wisconsin,Racine,193194,Common Law,Master's Degree
4752,Alexander Meyer,2023-08-11,alexandermeyer@gmail.com,Female,United States,Georgia,Savannah,203823,Married,Master's Degree
4753,Damian Houston,2025-02-20,damianhouston@yahoomail.com,Transgender,United States,Washington,Spokane,603074,Divorced,Postgraduate Degree
4754,Brooke Acosta,2024-04-26,brookeacosta@gmail.com,Male,India,Goa,Panjim,704171,Married,Bachelor's Degree
4755,Jenna Hardy,2025-03-23,jennahardy8644@gmail.com,Transgender,India,Tamil Nadu,Ambattur,358530,Common Law,Bachelor's Degree
4756,Lesley Beard,2023-05-29,lesleybeard@yahoomail.com,Female,United States,Delaware,Newark,756436,Divorced,Bachelor's Degree
4757,Reed George,2023-06-05,reedgeorge@ymail.com,Transgender,India,Delhi,Delhi,675137,Common Law,Bachelor's Degree
4758,Asher Barton,2024-04-11,asherbarton@gmail.com,Transgender,United States,Alabama,Montgomery,788393,Single,Master's Degree
4759,Jerome Holder,2024-11-27,jeromeholder4325@yahoomail.com,Transgender,United States,Pennsylvania,Philadelphia,910544,Divorced,Bachelor's Degree
4760,Octavia Pennington,2025-03-05,octaviapennington@gmail.com,Male,India,Goa,Panjim,767766,Single,Bachelor's Degree
4761,Amery Mcclain,2023-11-05,amerymcclain@gmail.com,Transgender,United States,Nevada,Reno,825647,Married,Postgraduate Degree
4762,Hyatt Russo,2024-05-23,hyattrusso2960@yahoomail.com,Transgender,India,Tamil Nadu,Kumbakonam,230316,Married,Postgraduate Degree
4763,Kasper Leon,2024-02-07,kasperleon@ymail.com,Transgender,United States,Alabama,Montgomery,675731,Married,Postgraduate Degree
4764,Neville Hamilton,2025-02-11,nevillehamilton872@gmail.com,Transgender,United States,Iowa,Cedar Rapids,725634,Single,Bachelor's Degree
4765,Fay Elliott,2024-04-16,fayelliott@gmail.com,Transgender,United States,Wyoming,Laramie,111596,Divorced,Bachelor's Degree
4766,Zephania Bass,2023-09-14,zephaniabass8025@gmail.com,Female,India,Goa,Panjim,652222,Single,Master's Degree
4767,Marah O'connor,2024-06-22,marahoconnor@gmail.com,Female,United States,Oklahoma,Tulsa,856403,Divorced,Bachelor's Degree
4768,Mikayla Weiss,2024-07-04,mikaylaweiss@yahoomail.com,Male,India,Uttar Pradesh,Mathura,697027,Common Law,Postgraduate Degree
4769,Burke Hancock,2023-10-12,burkehancock2941@ymail.com,Male,India,Jharkhand,Hazaribag,606815,Divorced,Master's Degree
4770,Jared Slater,2023-08-26,jaredslater720@ymail.com,Transgender,India,Tripura,Agartala,122250,Common Law,Bachelor's Degree
4771,Howard Ortiz,2024-10-25,howardortiz2667@yahoomail.com,Male,India,Nagaland,Kohima,285937,Divorced,Master's Degree
4772,Skyler Perez,2023-07-14,skylerperez4796@ymail.com,Male,India,Rajasthan,Udaipur,391387,Single,Master's Degree
4773,Daryl Landry,2024-07-18,daryllandry1356@ymail.com,Female,India,Goa,Panjim,676880,Single,Postgraduate Degree
4774,Erica Houston,2024-05-30,ericahouston9835@gmail.com,Male,United States,Washington,Tacoma,541770,Common Law,Master's Degree
4775,Elizabeth Ferrell,2023-11-12,elizabethferrell@ymail.com,Female,India,Goa,Panjim,242554,Married,Master's Degree
4776,Gary Burnett,2023-12-07,garyburnett605@gmail.com,Male,India,Delhi,Delhi,172993,Divorced,Bachelor's Degree
4777,Ivor Sampson,2023-08-12,ivorsampson8020@gmail.com,Male,United States,Vermont,Montpelier,423881,Common Law,Bachelor's Degree
4778,Lewis Peters,2023-09-06,lewispeters8810@yahoomail.com,Transgender,United States,Alabama,Tuscaloosa,743144,Single,Master's Degree
4779,Maite Pierce,2023-12-30,maitepierce7507@yahoomail.com,Transgender,India,Rajasthan,Sikar,360883,Divorced,Postgraduate Degree
4780,Latifah Guerra,2024-02-02,latifahguerra@ymail.com,Transgender,India,Jharkhand,Jamshedpur,768026,Single,Bachelor's Degree
4781,Hiram Guthrie,2024-03-19,hiramguthrie8171@gmail.com,Transgender,United States,Connecticut,Hartford,378997,Single,Bachelor's Degree
4782,Morgan Peters,2023-10-08,morganpeters@gmail.com,Female,United States,Washington,Vancouver,370180,Common Law,Postgraduate Degree
4783,Kaitlin Wolf,2023-10-10,kaitlinwolf107@ymail.com,Male,United States,Louisiana,New Orleans,544717,Married,Bachelor's Degree
4784,Davis Boyer,2024-02-29,davisboyer8781@yahoomail.com,Male,India,Jammu and Kashmir,Jammu,737440,Married,Master's Degree
4785,Lance Steele,2024-01-23,lancesteele263@ymail.com,Transgender,United States,Arizona,Tucson,418217,Common Law,Master's Degree
4786,Rigel Golden,2024-07-21,rigelgolden6302@yahoomail.com,Female,India,Sikkim,Gangtok,397909,Divorced,Postgraduate Degree
4787,Kareem Mcmahon,2024-01-27,kareemmcmahon@gmail.com,Transgender,United States,Tennessee,Clarksville,817012,Divorced,Master's Degree
4788,Adena Gilliam,2024-01-12,adenagilliam@yahoomail.com,Male,India,Madhya Pradesh,Rewa,642435,Common Law,Postgraduate Degree
4789,Ginger Morin,2024-08-02,gingermorin1142@ymail.com,Male,United States,Maine,South Portland,131016,Single,Master's Degree
4790,Josephine Dyer,2023-05-27,josephinedyer6525@ymail.com,Female,India,Rajasthan,Beawar,242104,Single,Postgraduate Degree
4791,Shelley Meyer,2024-05-04,shelleymeyer@ymail.com,Female,India,Sikkim,Gangtok,485388,Common Law,Bachelor's Degree
4792,Jorden Serrano,2023-06-28,jordenserrano@ymail.com,Female,India,Sikkim,Gangtok,770212,Divorced,Postgraduate Degree
4793,Brianna Rhodes,2023-07-24,briannarhodes@gmail.com,Female,India,Chandigarh,Chandigarh,161477,Common Law,Bachelor's Degree
4794,Shafira Carr,2025-03-11,shafiracarr@gmail.com,Transgender,United States,Kansas,Topeka,542795,Common Law,Master's Degree
4795,Orlando Yang,2024-11-21,orlandoyang@gmail.com,Female,United States,Colorado,Aurora,618911,Married,Postgraduate Degree
4796,Elliott Simpson,2024-12-14,elliottsimpson5860@yahoomail.com,Female,India,West Bengal,Kulti-Barakar,741919,Common Law,Master's Degree
4797,Diana Mckay,2023-08-20,dianamckay4243@yahoomail.com,Male,India,Haryana,Rohtak,440077,Common Law,Bachelor's Degree
4798,Veronica Blankenship,2025-01-12,veronicablankenship@gmail.com,Transgender,India,Tamil Nadu,Tiruppur,859063,Common Law,Bachelor's Degree
4799,Conan Lamb,2024-09-28,conanlamb@ymail.com,Male,India,Pondicherry,Pondicherry,752099,Common Law,Master's Degree
4800,Jacob Camacho,2024-01-27,jacobcamacho@yahoomail.com,Transgender,United States,Kentucky,Louisville,377596,Common Law,Bachelor's Degree
4801,Maia Odom,2023-04-24,maiaodom6511@gmail.com,Male,India,West Bengal,Barahanagar,517861,Divorced,Master's Degree
4802,Kay Rodgers,2024-12-20,kayrodgers@yahoomail.com,Female,United States,Michigan,Flint,362422,Married,Postgraduate Degree
4803,Halee Maynard,2024-09-18,haleemaynard@ymail.com,Female,United States,Michigan,Flint,369179,Divorced,Master's Degree
4804,Wynne Mccall,2024-09-25,wynnemccall5649@ymail.com,Male,United States,Massachusetts,Boston,270172,Common Law,Master's Degree
4805,Alisa Alford,2025-03-15,alisaalford@gmail.com,Female,United States,Louisiana,New Orleans,228648,Divorced,Bachelor's Degree
4806,Dorian Stevens,2024-12-30,dorianstevens8801@yahoomail.com,Male,United States,Minnesota,Bloomington,834302,Common Law,Master's Degree
4807,Erasmus Madden,2023-12-11,erasmusmadden@yahoomail.com,Male,United States,Idaho,Meridian,674295,Married,Postgraduate Degree
4808,Sharon Fletcher,2023-06-10,sharonfletcher5375@ymail.com,Transgender,India,Karnataka,Belgaum,177526,Married,Bachelor's Degree
4809,Brittany Gilliam,2024-05-02,brittanygilliam8051@yahoomail.com,Transgender,United States,Arkansas,Fort Smith,402643,Divorced,Postgraduate Degree
4810,Shaine Stewart,2024-06-10,shainestewart@ymail.com,Transgender,India,Chandigarh,Chandigarh,646351,Married,Postgraduate Degree
4811,Xantha Fischer,2024-07-17,xanthafischer1509@gmail.com,Male,India,Daman and Diu,Daman,862832,Married,Master's Degree
4812,Gail Odom,2024-08-12,gailodom8715@ymail.com,Transgender,India,Madhya Pradesh,Gwalior,901466,Divorced,Master's Degree
4813,Hasad Roman,2025-01-21,hasadroman7498@ymail.com,Female,United States,Indiana,South Bend,972383,Common Law,Bachelor's Degree
4814,Sawyer Hernandez,2023-04-20,sawyerhernandez6785@yahoomail.com,Transgender,United States,Missouri,Kansas City,319539,Common Law,Bachelor's Degree
4815,Xavier Mccormick,2023-12-17,xaviermccormick@gmail.com,Male,India,Punjab,Daska,592460,Divorced,Postgraduate Degree
4816,Connor Francis,2023-10-05,connorfrancis@gmail.com,Transgender,India,Haryana,Ambala,691725,Divorced,Master's Degree
4817,Olivia Reynolds,2024-11-08,oliviareynolds3103@gmail.com,Transgender,United States,Michigan,Sterling Heights,169193,Married,Master's Degree
4818,Moses Waters,2024-09-23,moseswaters@ymail.com,Transgender,United States,Utah,Provo,419027,Divorced,Postgraduate Degree
4819,Lillith Montgomery,2024-11-09,lillithmontgomery5207@yahoomail.com,Male,India,Tripura,Agartala,242222,Common Law,Master's Degree
4820,Aristotle Cobb,2024-10-29,aristotlecobb9830@gmail.com,Female,United States,Louisiana,Baton Rouge,781829,Married,Bachelor's Degree
4821,Aladdin Garza,2024-08-09,aladdingarza@gmail.com,Male,India,Himachal Pradesh,Shimla,120216,Divorced,Master's Degree
4822,Fritz Vega,2024-04-26,fritzvega@yahoomail.com,Male,India,Arunachal Pradesh,Itanagar,876820,Divorced,Postgraduate Degree
4823,Indigo Potts,2023-11-11,indigopotts7664@gmail.com,Transgender,United States,Delaware,Pike Creek,422787,Divorced,Postgraduate Degree
4824,Madonna Vance,2024-02-04,madonnavance9370@gmail.com,Transgender,India,Andaman and Nicobar Islands,Port Blair,202242,Single,Bachelor's Degree
4825,Rigel Briggs,2025-01-24,rigelbriggs@gmail.com,Female,United States,Arizona,Phoenix,457358,Common Law,Postgraduate Degree
4826,Faith Guerra,2024-04-09,faithguerra@gmail.com,Transgender,United States,Michigan,Lansing,446252,Common Law,Bachelor's Degree
4827,Dean Huber,2023-06-15,deanhuber@gmail.com,Female,India,Arunachal Pradesh,Itanagar,442512,Common Law,Bachelor's Degree
4828,Sybill Caldwell,2024-04-01,sybillcaldwell6728@gmail.com,Female,India,Karnataka,Bellary,392641,Divorced,Master's Degree
4829,Dylan Mcknight,2024-12-04,dylanmcknight9489@gmail.com,Transgender,India,Manipur,Imphal,408017,Divorced,Master's Degree
4830,Destiny Fields,2024-05-25,destinyfields2596@ymail.com,Transgender,India,Uttarakhand,Haridwar,734242,Single,Bachelor's Degree
4831,Charlotte Park,2024-11-12,charlottepark5097@yahoomail.com,Female,India,West Bengal,Uttarpara-Kotrung,962943,Common Law,Master's Degree
4832,Dominic Anderson,2023-06-18,dominicanderson356@ymail.com,Female,India,Sikkim,Gangtok,161114,Divorced,Postgraduate Degree
4833,Solomon Reed,2024-08-05,solomonreed@ymail.com,Female,India,Dadra and Nagar Haveli,Silvassa,775416,Single,Postgraduate Degree
4834,Samantha Young,2024-10-01,samanthayoung1436@ymail.com,Transgender,India,Madhya Pradesh,Shivapuri,162922,Common Law,Postgraduate Degree
4835,Serina Wilkinson,2025-02-21,serinawilkinson@yahoomail.com,Transgender,India,Meghalaya,Shillong,278718,Common Law,Bachelor's Degree
4836,Lars Pittman,2024-10-18,larspittman1995@gmail.com,Female,United States,California,San Francisco,457739,Common Law,Postgraduate Degree
4837,Hoyt Stone,2023-10-24,hoytstone9328@ymail.com,Male,India,Jammu and Kashmir,Srinagar,418072,Single,Postgraduate Degree
4838,September Craig,2024-09-26,septembercraig9454@ymail.com,Female,India,Kerala,Palakkad,454322,Married,Master's Degree
4839,Ryder William,2024-10-02,ryderwilliam6953@gmail.com,Transgender,United States,Oregon,Salem,146319,Common Law,Postgraduate Degree
4840,Britanni Farrell,2023-08-22,britannifarrell@yahoomail.com,Transgender,India,Arunachal Pradesh,Itanagar,429318,Single,Postgraduate Degree
4841,Amber Levy,2024-05-06,amberlevy@gmail.com,Male,India,West Bengal,Santipur,717851,Single,Master's Degree
4842,Xanthus Swanson,2023-07-09,xanthusswanson8303@yahoomail.com,Transgender,India,Himachal Pradesh,Shimla,482482,Single,Bachelor's Degree
4843,Berk Slater,2024-06-18,berkslater6345@yahoomail.com,Male,India,Sikkim,Gangtok,547858,Divorced,Bachelor's Degree
4844,Farrah Merrill,2024-03-31,farrahmerrill@yahoomail.com,Male,India,Daman and Diu,Daman,644541,Divorced,Postgraduate Degree
4845,Minerva Rivas,2023-04-22,minervarivas3176@gmail.com,Female,United States,Georgia,Augusta,278768,Divorced,Bachelor's Degree
4846,Theodore Mcintyre,2023-10-10,theodoremcintyre687@gmail.com,Transgender,United States,Arkansas,Jonesboro,549944,Married,Master's Degree
4847,Oprah Young,2025-01-25,oprahyoung@yahoomail.com,Transgender,India,Nagaland,Kohima,391641,Divorced,Postgraduate Degree
4848,Ella Burton,2024-06-22,ellaburton7997@yahoomail.com,Female,India,Andaman and Nicobar Islands,Port Blair,387219,Single,Postgraduate Degree
4849,Yoshi Velazquez,2023-12-07,yoshivelazquez9282@yahoomail.com,Transgender,United States,Colorado,Fort Collins,795804,Single,Master's Degree
4850,Kiara Hudson,2024-08-22,kiarahudson3267@gmail.com,Transgender,United States,Missouri,Jefferson City,729523,Common Law,Master's Degree
4851,Armando Cline,2023-12-28,armandocline@gmail.com,Female,United States,Alaska,Anchorage,537323,Divorced,Bachelor's Degree
4852,Alfonso Chen,2025-02-26,alfonsochen1138@ymail.com,Female,India,Rajasthan,Jodhpur,869064,Married,Postgraduate Degree
4853,Jayme Ruiz,2024-07-14,jaymeruiz5186@ymail.com,Male,India,Uttar Pradesh,Farrukhabad-cum-Fatehgarh,818874,Divorced,Postgraduate Degree
4854,Matthew Atkinson,2023-05-22,matthewatkinson@gmail.com,Male,India,Uttarakhand,Haridwar,726814,Common Law,Master's Degree
4855,Quemby Joyce,2023-05-04,quembyjoyce@gmail.com,Female,India,Pondicherry,Pondicherry,382299,Common Law,Master's Degree
4856,Galena Pate,2023-04-28,galenapate7980@gmail.com,Male,India,Uttarakhand,Haridwar,560072,Common Law,Master's Degree
4857,Maris Wilder,2025-03-01,mariswilder4078@gmail.com,Female,United States,Montana,Helena,965242,Common Law,Master's Degree
4858,Tana Bolton,2023-08-10,tanabolton6871@gmail.com,Transgender,India,Uttar Pradesh,Bareilly,120239,Common Law,Bachelor's Degree
4859,Illiana Cantrell,2023-12-28,illianacantrell1765@yahoomail.com,Transgender,United States,Georgia,Savannah,871390,Married,Master's Degree
4860,Shelby Russell,2023-11-03,shelbyrussell575@ymail.com,Female,India,Karnataka,Belgaum,352701,Common Law,Master's Degree
4861,Alma Lee,2023-05-10,almalee4063@ymail.com,Female,United States,Oklahoma,Norman,959046,Single,Postgraduate Degree
4862,Amanda Munoz,2025-03-23,amandamunoz@yahoomail.com,Transgender,India,West Bengal,Midnapore,946550,Divorced,Master's Degree
4863,Nadine Griffith,2023-12-23,nadinegriffith@yahoomail.com,Male,United States,Oregon,Hillsboro,891178,Married,Master's Degree
4864,Lenore Rodriguez,2023-07-26,lenorerodriguez@yahoomail.com,Transgender,United States,Tennessee,Chattanooga,663773,Common Law,Master's Degree
4865,Hyacinth Velez,2023-10-02,hyacinthvelez@ymail.com,Transgender,United States,Oregon,Gresham,643878,Common Law,Bachelor's Degree
4866,Kirk Ratliff,2023-07-21,kirkratliff@gmail.com,Male,India,Maharastra,Bhusawal,468708,Divorced,Master's Degree
4867,Lunea Durham,2024-08-06,luneadurham16@gmail.com,Female,United States,Nebraska,Bellevue,285246,Divorced,Bachelor's Degree
4868,Kasimir Jarvis,2024-10-18,kasimirjarvis7546@yahoomail.com,Female,India,Chhattisgarh,Raipur,824011,Common Law,Postgraduate Degree
4869,Kimberly Mullins,2025-03-09,kimberlymullins6307@yahoomail.com,Transgender,United States,Tennessee,Knoxville,946334,Single,Postgraduate Degree
4870,Talon Chang,2023-11-22,talonchang@gmail.com,Female,India,Uttar Pradesh,Bulandshahr,516138,Single,Master's Degree
4871,Hamish Huffman,2024-01-06,hamishhuffman@yahoomail.com,Male,United States,Delaware,Bear,205944,Divorced,Master's Degree
4872,Griffith Hoffman,2023-08-30,griffithhoffman@ymail.com,Male,United States,Nevada,Henderson,362131,Divorced,Bachelor's Degree
4873,Quinn Green,2023-10-29,quinngreen@yahoomail.com,Transgender,India,Andhra Pradesh,Proddatur,236994,Single,Postgraduate Degree
4874,Hanae Richmond,2024-04-05,hanaerichmond@gmail.com,Female,India,Assam,Nagaon,285034,Divorced,Master's Degree
4875,April Knox,2023-11-21,aprilknox699@gmail.com,Male,United States,Kentucky,Covington,523952,Married,Master's Degree
4876,Charles Moon,2024-06-21,charlesmoon@yahoomail.com,Male,India,Odisha,Brahmapur,886760,Single,Postgraduate Degree
4877,Grady Hansen,2025-01-30,gradyhansen3244@ymail.com,Transgender,India,Manipur,Imphal,851102,Common Law,Bachelor's Degree
4878,Acton Henderson,2023-10-23,actonhenderson8265@ymail.com,Female,India,Andhra Pradesh,Vizianagaram,516764,Married,Bachelor's Degree
4879,Quinn Alvarado,2024-04-23,quinnalvarado638@gmail.com,Transgender,United States,Arizona,Mesa,942488,Married,Master's Degree
4880,Judith Carson,2024-11-23,judithcarson@gmail.com,Male,United States,California,San Francisco,834461,Single,Bachelor's Degree
4881,Mariko Chavez,2024-12-04,marikochavez@yahoomail.com,Male,United States,Montana,Billings,972091,Single,Postgraduate Degree
4882,Dylan Mckay,2023-08-02,dylanmckay866@yahoomail.com,Transgender,United States,Wisconsin,Racine,642861,Married,Bachelor's Degree
4883,Raya Carr,2023-06-26,rayacarr@gmail.com,Male,United States,Nebraska,Omaha,761637,Divorced,Postgraduate Degree
4884,Odysseus Slater,2024-03-07,odysseusslater5432@gmail.com,Female,India,West Bengal,Naihati,148737,Divorced,Postgraduate Degree
4885,Katelyn Townsend,2024-06-08,katelyntownsend472@ymail.com,Male,India,Pondicherry,Pondicherry,512371,Single,Master's Degree
4886,Belle Drake,2023-11-23,belledrake@ymail.com,Male,India,Tripura,Agartala,739306,Divorced,Master's Degree
4887,Chanda Page,2023-08-23,chandapage@ymail.com,Male,India,Jammu and Kashmir,Jammu,551437,Divorced,Bachelor's Degree
4888,Leroy Carpenter,2024-02-27,leroycarpenter9260@yahoomail.com,Female,United States,Hawaii,Honolulu,318047,Common Law,Bachelor's Degree
4889,Autumn Randolph,2024-12-18,autumnrandolph2759@yahoomail.com,Male,United States,Montana,Helena,685364,Divorced,Bachelor's Degree
4890,Philip Herring,2023-09-17,philipherring9747@gmail.com,Female,United States,Wisconsin,Kenosha,143952,Married,Postgraduate Degree
4891,Slade Stephens,2024-09-16,sladestephens2928@gmail.com,Female,United States,Florida,Tampa,417745,Single,Postgraduate Degree
4892,Basil Hoffman,2025-02-23,basilhoffman3827@yahoomail.com,Male,India,Chhattisgarh,Raipur,237294,Common Law,Master's Degree
4893,Kalia Wong,2023-06-18,kaliawong622@ymail.com,Transgender,India,Tamil Nadu,Tambaram,894087,Single,Bachelor's Degree
4894,Kristen Klein,2024-04-11,kristenklein@ymail.com,Male,India,Madhya Pradesh,Bhopal,798599,Married,Master's Degree
4895,Sopoline Bradford,2023-08-19,sopolinebradford@yahoomail.com,Female,India,Haryana,Ambala,675351,Common Law,Bachelor's Degree
4896,Barclay Fischer,2024-06-19,barclayfischer9516@gmail.com,Transgender,United States,Ohio,Toledo,272071,Common Law,Master's Degree
4897,Ariel Landry,2023-05-14,ariellandry2689@yahoomail.com,Male,United States,Wyoming,Gillette,693584,Common Law,Master's Degree
4898,Aiko Delgado,2024-03-26,aikodelgado@ymail.com,Male,India,Karnataka,Timkur,117204,Common Law,Master's Degree
4899,Xandra Brennan,2023-09-08,xandrabrennan@ymail.com,Male,United States,Vermont,Rutland,586397,Single,Postgraduate Degree
4900,Axel Ramos,2023-04-19,axelramos6858@ymail.com,Female,United States,Ohio,Akron,872103,Single,Bachelor's Degree
4901,Ashton Greene,2025-01-10,ashtongreene2056@gmail.com,Male,United States,Maryland,Frederick,750661,Married,Bachelor's Degree
4902,Ralph Combs,2025-01-12,ralphcombs4252@yahoomail.com,Transgender,United States,Arizona,Phoenix,629976,Common Law,Postgraduate Degree
4903,Lacey Sears,2025-03-18,laceysears2955@yahoomail.com,Transgender,India,Punjab,Kamoke,738393,Divorced,Bachelor's Degree
4904,Helen Mason,2023-08-30,helenmason6709@yahoomail.com,Transgender,India,Mizoram,Aizwal,160147,Common Law,Bachelor's Degree
4905,Lila Prince,2024-08-03,lilaprince@ymail.com,Transgender,United States,Delaware,Wilmington,557842,Single,Postgraduate Degree
4906,Rina Chen,2024-05-04,rinachen7598@gmail.com,Male,United States,California,San Diego,368777,Common Law,Bachelor's Degree
4907,Wallace Calderon,2024-07-30,wallacecalderon2233@yahoomail.com,Male,United States,Michigan,Lansing,538741,Single,Master's Degree
4908,Malik Gonzalez,2023-11-14,malikgonzalez@yahoomail.com,Male,United States,Hawaii,Hilo,788406,Married,Bachelor's Degree
4909,Regina Barry,2024-01-06,reginabarry5800@ymail.com,Transgender,United States,Delaware,Dover,384478,Married,Postgraduate Degree
4910,Laura Griffith,2024-03-22,lauragriffith2936@gmail.com,Male,India,Chhattisgarh,Raj Nandgaon,264669,Single,Bachelor's Degree
4911,Abdul Frederick,2024-12-04,abdulfrederick7235@yahoomail.com,Transgender,United States,Pennsylvania,Erie,928976,Common Law,Postgraduate Degree
4912,Maite Byrd,2023-11-06,maitebyrd@yahoomail.com,Transgender,India,Andaman and Nicobar Islands,Port Blair,317747,Common Law,Bachelor's Degree
4913,Fletcher Cummings,2024-05-03,fletchercummings@yahoomail.com,Male,India,Odisha,Cuttack,197957,Married,Bachelor's Degree
4914,Ingrid Stafford,2024-09-27,ingridstafford@gmail.com,Transgender,United States,Georgia,Atlanta,724705,Divorced,Master's Degree
4915,Jana Castro,2024-12-12,janacastro@yahoomail.com,Transgender,India,Tamil Nadu,Neyveli,834340,Common Law,Bachelor's Degree
4916,Sylvia Kramer,2023-04-23,sylviakramer2205@gmail.com,Male,United States,Alabama,Birmingham,775315,Married,Bachelor's Degree
4917,Lane Evans,2024-04-04,laneevans5464@ymail.com,Male,India,Uttar Pradesh,Gorakhpur,748836,Single,Postgraduate Degree
4918,Graham Mckenzie,2024-02-24,grahammckenzie@ymail.com,Transgender,India,Daman and Diu,Daman,698141,Married,Master's Degree
4919,Keaton Byers,2023-04-13,keatonbyers@ymail.com,Transgender,United States,Michigan,Flint,354790,Single,Bachelor's Degree
4920,Vaughan Lloyd,2024-01-09,vaughanlloyd6158@yahoomail.com,Female,India,Sikkim,Gangtok,844658,Married,Master's Degree
4921,Paki White,2023-12-11,pakiwhite@yahoomail.com,Female,United States,Nebraska,Kearney,564155,Common Law,Master's Degree
4922,Giselle Davidson,2024-12-27,giselledavidson3080@ymail.com,Male,India,Uttarakhand,Dehradun,994757,Divorced,Postgraduate Degree
4923,Haviva Weeks,2023-12-26,havivaweeks1254@ymail.com,Transgender,United States,Louisiana,New Orleans,800933,Divorced,Master's Degree
4924,Jerome Duffy,2025-01-15,jeromeduffy2121@ymail.com,Transgender,India,Arunachal Pradesh,Itanagar,657529,Common Law,Master's Degree
4925,Camden Russell,2024-08-11,camdenrussell9286@ymail.com,Male,India,Kerala,Cochin,140548,Single,Bachelor's Degree
4926,Dalton Curtis,2024-12-13,daltoncurtis7570@gmail.com,Female,India,Uttarakhand,Dehradun,476148,Common Law,Master's Degree
4927,Helen Waller,2025-02-02,helenwaller5940@ymail.com,Female,India,Jharkhand,Purulia,632358,Common Law,Bachelor's Degree
4928,Kenyon Dyer,2024-06-29,kenyondyer6828@gmail.com,Transgender,India,Tripura,Agartala,370252,Common Law,Postgraduate Degree
4929,Kirestin Cline,2023-08-27,kirestincline6685@yahoomail.com,Male,India,Nagaland,Kohima,997371,Common Law,Master's Degree
4930,Travis Lowe,2024-12-19,travislowe@ymail.com,Female,India,Goa,Panjim,867453,Single,Bachelor's Degree
4931,Gage Chase,2023-11-11,gagechase948@ymail.com,Transgender,India,Maharastra,Amravati,938507,Single,Postgraduate Degree
4932,Cleo Pacheco,2024-09-29,cleopacheco@ymail.com,Male,United States,Texas,San Antonio,634701,Single,Postgraduate Degree
4933,Eric Ayers,2024-11-04,ericayers@yahoomail.com,Male,India,Tamil Nadu,Tiruvottiyur,901134,Married,Master's Degree
4934,Quemby Oneal,2024-01-03,quembyoneal8816@gmail.com,Female,United States,Vermont,South Burlington,848168,Divorced,Master's Degree
4935,Slade Lamb,2024-05-16,sladelamb6827@gmail.com,Male,India,Jammu and Kashmir,Srinagar,540557,Married,Postgraduate Degree
4936,Chancellor Nieves,2024-08-17,chancellornieves6531@gmail.com,Female,India,Manipur,Imphal,203177,Single,Postgraduate Degree
4937,Maggie Lowe,2024-06-27,maggielowe6325@ymail.com,Female,United States,Alaska,Juneau,895762,Divorced,Postgraduate Degree
4938,Hayes Rocha,2024-04-03,hayesrocha@ymail.com,Transgender,United States,Missouri,Columbia,191638,Single,Bachelor's Degree
4939,Merrill Conway,2024-02-11,merrillconway@yahoomail.com,Male,United States,Delaware,Dover,843358,Single,Bachelor's Degree
4940,Kirsten Walls,2024-12-19,kirstenwalls@gmail.com,Female,India,Goa,Panjim,503232,Common Law,Bachelor's Degree
4941,Wyoming Golden,2023-10-13,wyominggolden@yahoomail.com,Transgender,United States,Massachusetts,Worcester,453558,Divorced,Bachelor's Degree
4942,Mira Kramer,2023-05-10,mirakramer@gmail.com,Male,India,Uttar Pradesh,Gonda,995490,Divorced,Master's Degree
4943,Nash Knox,2024-02-19,nashknox2054@yahoomail.com,Transgender,United States,Wyoming,Laramie,241780,Married,Postgraduate Degree
4944,Charde Tillman,2025-03-20,chardetillman5273@gmail.com,Transgender,India,Arunachal Pradesh,Itanagar,750867,Common Law,Master's Degree
4945,Chester Donaldson,2023-09-14,chesterdonaldson@gmail.com,Female,United States,Iowa,Iowa City,550923,Divorced,Bachelor's Degree
4946,Xandra Cervantes,2023-07-28,xandracervantes5340@ymail.com,Female,United States,Minnesota,Bloomington,345393,Married,Postgraduate Degree
4947,Jarrod Lowe,2023-06-25,jarrodlowe3375@gmail.com,Male,India,Daman and Diu,Daman,730932,Single,Master's Degree
4948,Lane Finley,2023-09-24,lanefinley@ymail.com,Transgender,United States,Nebraska,Omaha,802351,Married,Master's Degree
4949,Raya Chapman,2024-03-23,rayachapman9064@ymail.com,Male,India,Rajasthan,Ganganagar,660589,Married,Master's Degree
4950,Axel Baird,2024-08-19,axelbaird9379@yahoomail.com,Transgender,India,Himachal Pradesh,Shimla,401314,Single,Bachelor's Degree
4951,Uta Owen,2023-06-16,utaowen@yahoomail.com,Female,India,Gujarat,Jamnagar,341412,Divorced,Postgraduate Degree
4952,Remedios Ford,2024-03-08,remediosford1023@yahoomail.com,Transgender,India,Sikkim,Gangtok,116001,Common Law,Postgraduate Degree
4953,Palmer Cannon,2024-07-08,palmercannon7916@gmail.com,Transgender,India,Rajasthan,Bikaner,563935,Divorced,Bachelor's Degree
4954,Jessamine Mueller,2023-07-02,jessaminemueller@gmail.com,Transgender,United States,Hawaii,Kaneohe,804863,Married,Master's Degree
4955,Martha Hill,2025-01-11,marthahill@gmail.com,Female,India,Jammu and Kashmir,Srinagar,117164,Common Law,Master's Degree
4956,Lucy Miles,2023-07-04,lucymiles@ymail.com,Female,United States,Nebraska,Bellevue,782839,Divorced,Postgraduate Degree
4957,Sydney Mayer,2023-12-15,sydneymayer@ymail.com,Female,United States,Kentucky,Frankfort,709325,Married,Bachelor's Degree
4958,Yasir Solomon,2023-04-21,yasirsolomon5287@yahoomail.com,Female,United States,Mississippi,Biloxi,158420,Common Law,Master's Degree
4959,Stephanie Houston,2024-09-24,stephaniehouston@gmail.com,Male,India,Chhattisgarh,Bhilai,333453,Single,Master's Degree
4960,Lareina Dominguez,2024-10-18,lareinadominguez@ymail.com,Transgender,United States,Mississippi,Hattiesburg,361392,Divorced,Postgraduate Degree
4961,Jade Pugh,2024-07-26,jadepugh8800@gmail.com,Female,India,Sikkim,Gangtok,469777,Common Law,Postgraduate Degree
4962,Ann Haynes,2023-07-13,annhaynes@ymail.com,Male,India,Odisha,Bhubaneswar,742496,Common Law,Postgraduate Degree
4963,Phelan Stone,2023-12-10,phelanstone3835@yahoomail.com,Transgender,India,Arunachal Pradesh,Itanagar,794875,Divorced,Bachelor's Degree
4964,Macon Roach,2024-08-23,maconroach@ymail.com,Male,India,Delhi,Delhi,850327,Married,Postgraduate Degree
4965,Kadeem Marsh,2023-10-05,kadeemmarsh6504@yahoomail.com,Transgender,India,Tripura,Agartala,458754,Married,Master's Degree
4966,Vaughan Mcpherson,2024-03-23,vaughanmcpherson8608@yahoomail.com,Transgender,United States,Hawaii,Kapolei,541879,Married,Postgraduate Degree
4967,Drew Lamb,2025-01-13,drewlamb9614@gmail.com,Transgender,India,Uttar Pradesh,Hapur,138669,Married,Postgraduate Degree
4968,Burton Meadows,2024-10-31,burtonmeadows@ymail.com,Female,India,Dadra and Nagar Haveli,Silvassa,315817,Married,Postgraduate Degree
4969,Marvin Cooke,2024-11-27,marvincooke8704@gmail.com,Transgender,India,Madhya Pradesh,Khandwa,392054,Married,Postgraduate Degree
4970,Cameron Hutchinson,2023-06-05,cameronhutchinson@ymail.com,Transgender,United States,Kentucky,Owensboro,942935,Common Law,Bachelor's Degree
4971,Ivory Le,2023-06-21,ivoryle@ymail.com,Female,United States,Wyoming,Wyoming,168883,Single,Bachelor's Degree
4972,Shelby Ortega,2024-02-23,shelbyortega275@yahoomail.com,Transgender,United States,Kansas,Kansas City,638952,Married,Bachelor's Degree
4973,Violet Miles,2024-06-18,violetmiles@yahoomail.com,Transgender,India,Uttar Pradesh,Ghaziabad,565871,Single,Postgraduate Degree
4974,Evangeline Shaw,2024-03-22,evangelineshaw@ymail.com,Transgender,United States,Maryland,Columbia,163650,Common Law,Bachelor's Degree
4975,Nyssa Sexton,2025-01-10,nyssasexton@ymail.com,Male,India,Jammu and Kashmir,Srinagar,292708,Common Law,Postgraduate Degree
4976,Howard Cotton,2024-11-10,howardcotton@ymail.com,Male,United States,Wyoming,Cheyenne,660572,Common Law,Bachelor's Degree
4977,Tara Fischer,2023-08-09,tarafischer@ymail.com,Transgender,United States,Nevada,Las Vegas,816195,Common Law,Postgraduate Degree
4978,Chandler Casey,2024-03-20,chandlercasey@ymail.com,Male,United States,Louisiana,Lafayette,658118,Single,Postgraduate Degree
4979,Emery Dixon,2023-12-14,emerydixon20@yahoomail.com,Female,United States,Nebraska,Omaha,292855,Common Law,Master's Degree
4980,Reagan Noble,2023-06-30,reagannoble@yahoomail.com,Transgender,United States,Idaho,Idaho Falls,831647,Single,Master's Degree
4981,Hunter Deleon,2024-11-09,hunterdeleon8370@yahoomail.com,Female,United States,Louisiana,New Orleans,754164,Single,Master's Degree
4982,Lawrence Brock,2024-03-07,lawrencebrock@ymail.com,Transgender,United States,Oregon,Eugene,151019,Divorced,Postgraduate Degree
4983,Ginger Dale,2023-05-11,gingerdale@yahoomail.com,Male,India,Uttarakhand,Haridwar,665646,Divorced,Bachelor's Degree
4984,Diana Elliott,2023-09-30,dianaelliott@yahoomail.com,Female,United States,Texas,Dallas,272459,Single,Postgraduate Degree
4985,Orla Bonner,2024-05-31,orlabonner@gmail.com,Female,India,Mizoram,Aizwal,454512,Single,Master's Degree
4986,Minerva Johnson,2024-07-03,minervajohnson3144@gmail.com,Male,United States,Oregon,Gresham,800971,Married,Master's Degree
4987,Axel Thornton,2025-02-14,axelthornton143@gmail.com,Female,India,Bihar,Sasaram,671778,Common Law,Postgraduate Degree
4988,Ebony Mcdowell,2024-03-24,ebonymcdowell@ymail.com,Male,India,Andaman and Nicobar Islands,Port Blair,738054,Single,Master's Degree
4989,Yuri Holloway,2023-05-27,yuriholloway226@ymail.com,Transgender,India,Meghalaya,Shillong,699371,Common Law,Postgraduate Degree
4990,Tamara Stephens,2024-05-19,tamarastephens1218@ymail.com,Transgender,India,Assam,Dibrugarh,523494,Married,Postgraduate Degree
4991,Aladdin Mclaughlin,2023-08-04,aladdinmclaughlin@gmail.com,Transgender,India,Arunachal Pradesh,Itanagar,748227,Single,Master's Degree
4992,Rae Morse,2024-06-26,raemorse47@yahoomail.com,Transgender,United States,California,San Jose,814855,Divorced,Master's Degree
4993,Natalie Chase,2024-10-11,nataliechase@gmail.com,Transgender,India,Odisha,Puri,420657,Divorced,Postgraduate Degree
4994,Leandra Bowen,2023-05-06,leandrabowen3804@ymail.com,Female,United States,Connecticut,Stamford,973397,Common Law,Master's Degree
4995,Rajah Ward,2024-09-24,rajahward2193@gmail.com,Transgender,India,Gujarat,Porbandar,505214,Single,Bachelor's Degree
4996,Cameron Townsend,2023-04-24,camerontownsend@gmail.com,Transgender,India,Andhra Pradesh,Kukatpalle,630535,Single,Postgraduate Degree
4997,Hammett Hurst,2025-03-21,hammetthurst@gmail.com,Male,United States,Virginia,Chesapeake,688369,Married,Master's Degree
4998,Faith Hudson,2024-09-16,faithhudson@ymail.com,Female,India,Bihar,Bihar Sharif,557992,Married,Postgraduate Degree
4999,Nathaniel Holmes,2024-08-23,nathanielholmes951@yahoomail.com,Female,United States,Oklahoma,Tulsa,668788,Single,Bachelor's Degree
5000,Xandra Kidd,2024-04-22,xandrakidd@ymail.com,Male,India,Daman and Diu,Daman,783968,Common Law,Bachelor's Degree
