id,name,dob,email,gender,country,region,city,asset,marital_status,education
2501,Macy Holcomb,2024-10-20,macyholcomb@yahoomail.com,Transgender,India,Karnataka,Bidar,455582,Common Law,Bachelor's Degree
2502,Zeph Shepherd,2024-03-10,zephshepherd5778@ymail.com,Transgender,India,Dadra and Nagar Haveli,Silvassa,480168,Common Law,Bachelor's Degree
2503,Elton Stark,2025-03-23,eltonstark7778@yahoomail.com,Female,India,Tamil Nadu,Ambattur,428049,Single,Bachelor's Degree
2504,Alisa Cook,2025-03-19,alisacook4349@gmail.com,Male,United States,Maine,Bangor,594097,Common Law,Bachelor's Degree
2505,Boris Snyder,2024-08-03,borissnyder2540@yahoomail.com,Male,United States,Louisiana,Baton Rouge,977312,Divorced,Bachelor's Degree
2506,Whilemina Olsen,2024-09-29,whileminaolsen8928@yahoomail.com,Female,United States,Arkansas,Fort Smith,612058,Common Law,Postgraduate Degree
2507,Kalia Frye,2024-09-20,kaliafrye@ymail.com,Female,United States,Washington,Bellevue,135753,Common Law,Bachelor's Degree
2508,Mollie Shelton,2025-01-29,mollieshelton4280@gmail.com,Female,India,Chhattisgarh,Raj Nandgaon,826113,Divorced,Postgraduate Degree
2509,Edan Chaney,2024-09-30,edanchaney610@ymail.com,Transgender,India,Bihar,Patna,845700,Divorced,Postgraduate Degree
2510,Rebecca Kane,2024-08-12,rebeccakane4109@ymail.com,Transgender,United States,Delaware,Bear,633634,Married,Postgraduate Degree
2511,Melvin Hebert,2024-04-11,melvinhebert@yahoomail.com,Male,United States,Arkansas,Fort Smith,262515,Common Law,Master's Degree
2512,Madonna Richmond,2024-01-17,madonnarichmond9422@gmail.com,Transgender,India,Andaman and Nicobar Islands,Port Blair,360211,Common Law,Bachelor's Degree
2513,Jasper Dalton,2024-02-15,jasperdalton@gmail.com,Transgender,United States,Mississippi,Biloxi,137950,Single,Postgraduate Degree
2514,Tanisha Ramos,2024-05-06,tanisharamos2733@ymail.com,Female,United States,Virginia,Virginia Beach,559246,Divorced,Master's Degree
2515,Chester Logan,2024-02-25,chesterlogan3966@yahoomail.com,Male,India,Goa,Panjim,525764,Married,Bachelor's Degree
2516,Tanner Norman,2025-01-03,tannernorman8709@ymail.com,Male,India,Mizoram,Aizwal,450683,Single,Bachelor's Degree
2517,Abra Stanton,2025-02-15,abrastanton@yahoomail.com,Transgender,United States,Ohio,Cincinnati,283272,Divorced,Master's Degree
2518,Abel Harrison,2024-08-01,abelharrison3549@ymail.com,Transgender,United States,California,San Francisco,128032,Single,Master's Degree
2519,Kylie Graham,2024-12-14,kyliegraham745@ymail.com,Transgender,India,Punjab,Sahiwal,178913,Single,Bachelor's Degree
2520,Zelenia Weiss,2024-09-30,zeleniaweiss2186@yahoomail.com,Transgender,United States,Colorado,Aurora,655409,Divorced,Master's Degree
2521,Jennifer Padilla,2025-02-26,jenniferpadilla@yahoomail.com,Female,India,Jharkhand,Mango,849727,Married,Master's Degree
2522,Martha Lane,2025-01-13,marthalane7447@ymail.com,Female,United States,Massachusetts,Worcester,385035,Single,Bachelor's Degree
2523,Haley Haley,2023-05-18,haleyhaley2791@gmail.com,Male,India,Bihar,Patna,544600,Divorced,Bachelor's Degree
2524,Lana Boone,2023-06-05,lanaboone3306@ymail.com,Male,United States,Delaware,Newark,319420,Single,Postgraduate Degree
2525,Latifah Prince,2023-08-18,latifahprince8262@yahoomail.com,Transgender,United States,Oklahoma,Broken Arrow,784380,Common Law,Master's Degree
2526,Keith Herring,2025-01-16,keithherring9045@yahoomail.com,Transgender,India,Arunachal Pradesh,Itanagar,372350,Divorced,Postgraduate Degree
2527,Quon Burnett,2023-04-07,quonburnett@yahoomail.com,Transgender,United States,Wyoming,Rock Springs,178604,Married,Master's Degree
2528,Kadeem Moody,2025-02-03,kadeemmoody9735@yahoomail.com,Male,United States,California,Los Angeles,132915,Common Law,Postgraduate Degree
2529,Aladdin Warren,2024-11-27,aladdinwarren@ymail.com,Male,India,Chhattisgarh,Bilaspur,655702,Single,Bachelor's Degree
2530,Tobias Potts,2023-11-07,tobiaspotts1353@yahoomail.com,Female,United States,Oklahoma,Lawton,787728,Divorced,Postgraduate Degree
2531,Bree Fleming,2024-11-18,breefleming5647@yahoomail.com,Female,United States,Maine,South Portland,752455,Common Law,Master's Degree
2532,Elton Ingram,2025-01-05,eltoningram@ymail.com,Male,India,Punjab,Gujranwala,422388,Common Law,Postgraduate Degree
2533,Brenden Hatfield,2024-12-27,brendenhatfield1235@ymail.com,Male,United States,Massachusetts,Boston,667366,Divorced,Master's Degree
2534,Trevor Chen,2025-02-13,trevorchen@gmail.com,Transgender,United States,Texas,Dallas,434174,Divorced,Bachelor's Degree
2535,Roary Henderson,2024-04-17,roaryhenderson7586@ymail.com,Male,India,Maharastra,Kolhapur,432006,Common Law,Master's Degree
2536,Jonas Day,2023-04-05,jonasday8597@yahoomail.com,Male,India,Andhra Pradesh,Nizamabad,848613,Married,Bachelor's Degree
2537,Ariel Middleton,2024-03-14,arielmiddleton233@yahoomail.com,Female,India,Uttarakhand,Haridwar,944886,Single,Master's Degree
2538,Ryan Phillips,2025-01-10,ryanphillips2304@ymail.com,Male,United States,Massachusetts,Cambridge,977351,Common Law,Master's Degree
2539,Odessa Atkins,2024-08-19,odessaatkins@gmail.com,Male,India,Daman and Diu,Daman,860252,Single,Postgraduate Degree
2540,Martena Rivas,2024-03-27,martenarivas6246@ymail.com,Female,India,Tripura,Agartala,759991,Single,Postgraduate Degree
2541,Galena Gross,2023-05-21,galenagross2162@ymail.com,Transgender,India,Delhi,Delhi,977273,Divorced,Master's Degree
2542,Stone Conway,2023-05-30,stoneconway@gmail.com,Female,United States,Michigan,Detroit,248184,Single,Bachelor's Degree
2543,Harlan Paul,2024-02-02,harlanpaul3110@gmail.com,Female,India,Madhya Pradesh,Murwara,184527,Divorced,Bachelor's Degree
2544,Cedric Wiggins,2023-07-21,cedricwiggins@yahoomail.com,Transgender,India,Lakshadweep,Kavaratti,858614,Common Law,Postgraduate Degree
2545,Gareth Hall,2024-10-19,garethhall@gmail.com,Transgender,India,Maharastra,Miraj,998891,Married,Master's Degree
2546,Grady Savage,2024-05-06,gradysavage@gmail.com,Female,India,Bihar,Sasaram,672396,Divorced,Postgraduate Degree
2547,Lewis Raymond,2024-01-01,lewisraymond3145@gmail.com,Female,India,Nagaland,Kohima,805846,Married,Bachelor's Degree
2548,Keane Stein,2023-06-09,keanestein8412@yahoomail.com,Transgender,United States,Washington,Tacoma,804136,Divorced,Postgraduate Degree
2549,Alvin Chavez,2023-04-16,alvinchavez@ymail.com,Transgender,United States,Florida,Miami,772687,Common Law,Master's Degree
2550,Tatiana Harrell,2024-11-22,tatianaharrell7355@yahoomail.com,Male,United States,Massachusetts,Lowell,802646,Common Law,Master's Degree
2551,Magee Duran,2024-03-04,mageeduran3837@yahoomail.com,Male,India,Haryana,Ambala Sadar,461813,Single,Master's Degree
2552,Anika Stevenson,2023-06-26,anikastevenson9169@gmail.com,Female,United States,Oregon,Eugene,517723,Divorced,Master's Degree
2553,Jordan Gilliam,2023-09-25,jordangilliam@gmail.com,Female,India,Himachal Pradesh,Shimla,535352,Single,Postgraduate Degree
2554,Isadora Mills,2024-02-20,isadoramills@yahoomail.com,Male,India,Assam,Nagaon,759018,Divorced,Postgraduate Degree
2555,Sylvia Long,2024-10-18,sylvialong@yahoomail.com,Transgender,India,Goa,Panjim,881937,Common Law,Master's Degree
2556,Leandra Downs,2023-10-05,leandradowns926@yahoomail.com,Male,United States,Colorado,Colorado Springs,413078,Divorced,Postgraduate Degree
2557,Ciara Bryan,2024-08-13,ciarabryan67@yahoomail.com,Transgender,India,Meghalaya,Shillong,135179,Divorced,Master's Degree
2558,Daryl Mccarthy,2024-01-09,darylmccarthy3176@ymail.com,Transgender,India,Nagaland,Kohima,590084,Common Law,Postgraduate Degree
2559,Holly Callahan,2024-03-26,hollycallahan@ymail.com,Transgender,United States,Hawaii,Honolulu,646895,Divorced,Master's Degree
2560,Megan Oneal,2024-10-28,meganoneal7128@ymail.com,Transgender,India,Manipur,Imphal,998490,Divorced,Postgraduate Degree
2561,Jonas Sims,2024-04-08,jonassims@yahoomail.com,Female,United States,Hawaii,Kailua,183315,Married,Master's Degree
2562,Kelsey Bean,2024-10-28,kelseybean5595@gmail.com,Transgender,India,Madhya Pradesh,Sagar,242058,Single,Master's Degree
2563,Inez Ford,2023-04-02,inezford6925@yahoomail.com,Female,United States,Iowa,Des Moines,314238,Single,Master's Degree
2564,Sasha Dorsey,2025-01-22,sashadorsey1812@yahoomail.com,Female,United States,Connecticut,Hartford,536704,Common Law,Master's Degree
2565,Eve Davenport,2024-10-08,evedavenport@yahoomail.com,Female,United States,Missouri,Kansas City,844363,Common Law,Postgraduate Degree
2566,Nerea Crane,2024-06-17,nereacrane485@gmail.com,Female,India,Arunachal Pradesh,Itanagar,194766,Common Law,Master's Degree
2567,Fay Guerra,2024-06-07,fayguerra2731@gmail.com,Transgender,India,Himachal Pradesh,Shimla,917402,Divorced,Bachelor's Degree
2568,Jessamine Mcgee,2024-07-30,jessaminemcgee@gmail.com,Female,India,Kerala,Kollam,711260,Single,Postgraduate Degree
2569,Yen Foster,2023-09-19,yenfoster@gmail.com,Female,United States,Indiana,Indianapolis,832006,Divorced,Master's Degree
2570,Desiree Cox,2024-08-06,desireecox@yahoomail.com,Male,United States,Louisiana,Baton Rouge,983489,Married,Bachelor's Degree
2571,Jin Sparks,2023-05-13,jinsparks@yahoomail.com,Transgender,India,Jharkhand,Purnea,263689,Divorced,Bachelor's Degree
2572,Leigh Ortega,2023-06-27,leighortega4946@yahoomail.com,Transgender,India,Meghalaya,Shillong,168807,Common Law,Master's Degree
2573,Oscar Pickett,2023-04-03,oscarpickett@yahoomail.com,Transgender,India,Punjab,Jhang,780333,Single,Postgraduate Degree
2574,Cynthia Sosa,2023-11-26,cynthiasosa@yahoomail.com,Transgender,India,Mizoram,Aizwal,983940,Single,Postgraduate Degree
2575,Abbot Cooper,2025-02-28,abbotcooper@yahoomail.com,Transgender,India,Delhi,Delhi,172447,Married,Master's Degree
2576,Mufutau Golden,2023-09-11,mufutaugolden@gmail.com,Female,India,Tamil Nadu,Tambaram,654212,Common Law,Postgraduate Degree
2577,Sean Underwood,2023-09-11,seanunderwood9996@yahoomail.com,Male,United States,Virginia,Virginia Beach,899439,Single,Bachelor's Degree
2578,Tanisha Schroeder,2024-12-25,tanishaschroeder@ymail.com,Transgender,India,West Bengal,Kolkata,381192,Common Law,Postgraduate Degree
2579,Carol Montoya,2023-10-04,carolmontoya@ymail.com,Female,United States,Nebraska,Lincoln,759840,Divorced,Master's Degree
2580,Amal Aguirre,2023-08-02,amalaguirre2692@gmail.com,Transgender,India,Jammu and Kashmir,Srinagar,269556,Married,Postgraduate Degree
2581,Marcia Ward,2023-05-13,marciaward@gmail.com,Male,India,Jharkhand,Ranchi,753854,Divorced,Master's Degree
2582,Christine Kinney,2024-02-08,christinekinney@ymail.com,Male,India,Tamil Nadu,Tiruvannamalai,207437,Married,Bachelor's Degree
2583,Naida Larson,2024-04-02,naidalarson@ymail.com,Transgender,United States,Oklahoma,Tulsa,569047,Common Law,Postgraduate Degree
2584,Brittany Duran,2024-06-01,brittanyduran9665@yahoomail.com,Transgender,India,Mizoram,Aizwal,988822,Common Law,Postgraduate Degree
2585,Walker Bates,2023-06-15,walkerbates@yahoomail.com,Transgender,United States,Georgia,Georgia,109872,Single,Master's Degree
2586,Camilla Holmes,2024-07-17,camillaholmes@yahoomail.com,Transgender,United States,Alaska,College,946734,Common Law,Bachelor's Degree
2587,Elvis Adkins,2024-08-20,elvisadkins@gmail.com,Female,India,Bihar,Katihar,494433,Single,Master's Degree
2588,Graiden Davis,2023-04-11,graidendavis2586@ymail.com,Male,United States,Hawaii,Hilo,787528,Divorced,Master's Degree
2589,Craig Dorsey,2023-12-19,craigdorsey@gmail.com,Transgender,India,Andaman and Nicobar Islands,Port Blair,701614,Divorced,Bachelor's Degree
2590,Steven Briggs,2023-07-08,stevenbriggs@gmail.com,Transgender,United States,California,San Francisco,656532,Single,Master's Degree
2591,Rooney Casey,2024-12-22,rooneycasey@yahoomail.com,Male,India,Tamil Nadu,Tiruppur,805591,Common Law,Master's Degree
2592,Raphael Craft,2024-03-11,raphaelcraft@gmail.com,Transgender,India,Kerala,Kozhikode,139894,Divorced,Master's Degree
2593,Lucian Hatfield,2024-08-29,lucianhatfield8730@gmail.com,Male,India,Pondicherry,Pondicherry,481457,Divorced,Bachelor's Degree
2594,Lucas Walls,2024-04-30,lucaswalls5983@gmail.com,Male,United States,Kansas,Topeka,696015,Single,Bachelor's Degree
2595,Lucian Skinner,2023-09-18,lucianskinner3996@gmail.com,Female,United States,Massachusetts,Springfield,858502,Divorced,Bachelor's Degree
2596,Faith Bryant,2024-04-01,faithbryant6247@yahoomail.com,Female,United States,Texas,Dallas,385978,Single,Postgraduate Degree
2597,Boris Cooley,2025-01-19,boriscooley@gmail.com,Male,India,Jammu and Kashmir,Jammu,634316,Divorced,Master's Degree
2598,Denise Bolton,2023-07-13,denisebolton9970@yahoomail.com,Transgender,United States,Nevada,Henderson,326189,Married,Bachelor's Degree
2599,Raphael Dejesus,2025-02-07,raphaeldejesus5333@ymail.com,Female,India,Lakshadweep,Kavaratti,674017,Divorced,Postgraduate Degree
2600,Charlotte Ford,2023-08-22,charlotteford@ymail.com,Male,India,West Bengal,Uttarpara-Kotrung,171084,Common Law,Master's Degree
2601,Clio Ruiz,2023-08-07,clioruiz@gmail.com,Female,United States,Kansas,Olathe,430615,Married,Bachelor's Degree
2602,Glenna Chavez,2024-07-04,glennachavez@gmail.com,Female,United States,Maryland,Columbia,891464,Divorced,Bachelor's Degree
2603,Maia Clarke,2023-09-08,maiaclarke@yahoomail.com,Female,United States,Kentucky,Louisville,600396,Single,Bachelor's Degree
2604,Zenaida Odom,2023-07-08,zenaidaodom@ymail.com,Male,United States,Iowa,Sioux City,729813,Common Law,Postgraduate Degree
2605,Hamish Willis,2025-03-20,hamishwillis1909@gmail.com,Female,India,Meghalaya,Shillong,774177,Married,Bachelor's Degree
2606,Kylie Gibson,2024-01-22,kyliegibson2447@ymail.com,Male,India,Sikkim,Gangtok,426691,Single,Postgraduate Degree
2607,Emmanuel Dennis,2025-02-07,emmanueldennis@yahoomail.com,Transgender,United States,Alabama,Montgomery,658903,Common Law,Master's Degree
2608,Wylie Calderon,2025-02-19,wyliecalderon@yahoomail.com,Transgender,India,Bihar,Darbhanga,499301,Divorced,Postgraduate Degree
2609,Linda Gilbert,2024-03-29,lindagilbert993@ymail.com,Transgender,India,Jammu and Kashmir,Jammu,749397,Common Law,Bachelor's Degree
2610,Avram Lloyd,2025-02-02,avramlloyd3297@ymail.com,Male,India,West Bengal,Barahanagar,494616,Married,Postgraduate Degree
2611,Jackson Meyers,2025-02-09,jacksonmeyers@ymail.com,Transgender,United States,Ohio,Cincinnati,266478,Divorced,Master's Degree
2612,Odette Humphrey,2025-01-15,odettehumphrey@gmail.com,Transgender,India,Tripura,Agartala,171916,Divorced,Bachelor's Degree
2613,Josephine Buchanan,2024-07-16,josephinebuchanan8381@ymail.com,Transgender,India,Tripura,Agartala,145377,Divorced,Postgraduate Degree
2614,Cynthia Horne,2024-11-29,cynthiahorne@gmail.com,Transgender,India,Manipur,Imphal,345590,Divorced,Bachelor's Degree
2615,Isadora Sparks,2024-10-09,isadorasparks8233@yahoomail.com,Male,India,Manipur,Imphal,226801,Divorced,Bachelor's Degree
2616,Jaquelyn Tanner,2025-03-03,jaquelyntanner8797@yahoomail.com,Female,United States,Mississippi,Hattiesburg,171446,Common Law,Bachelor's Degree
2617,Laurel David,2023-07-03,laureldavid@yahoomail.com,Transgender,United States,Arizona,Chandler,621037,Common Law,Master's Degree
2618,Clinton Padilla,2024-11-07,clintonpadilla@yahoomail.com,Female,India,Mizoram,Aizwal,131915,Divorced,Postgraduate Degree
2619,Drake Haynes,2024-06-01,drakehaynes@ymail.com,Transgender,India,Manipur,Imphal,171342,Married,Master's Degree
2620,Freya Wolfe,2023-12-29,freyawolfe3167@gmail.com,Transgender,India,Lakshadweep,Kavaratti,482471,Married,Master's Degree
2621,Nerea Mcknight,2023-12-23,nereamcknight@yahoomail.com,Transgender,India,Uttar Pradesh,Bulandshahr,173790,Single,Postgraduate Degree
2622,Kevyn Fuentes,2023-12-21,kevynfuentes@ymail.com,Female,India,Daman and Diu,Daman,987549,Single,Bachelor's Degree
2623,Perry Lamb,2024-04-15,perrylamb3245@gmail.com,Male,India,Andhra Pradesh,Nizamabad,381060,Divorced,Postgraduate Degree
2624,Leo Hess,2024-07-02,leohess126@yahoomail.com,Transgender,India,Lakshadweep,Kavaratti,473742,Divorced,Master's Degree
2625,Arthur Hahn,2023-07-10,arthurhahn@ymail.com,Male,India,Goa,Panjim,380891,Divorced,Bachelor's Degree
2626,Grady Dawson,2023-08-07,gradydawson7517@ymail.com,Male,United States,Virginia,Norfolk,137577,Common Law,Master's Degree
2627,Liberty Hopper,2023-10-11,libertyhopper2744@ymail.com,Female,India,Delhi,Delhi,236664,Common Law,Postgraduate Degree
2628,Clare Macias,2024-10-03,claremacias8486@yahoomail.com,Female,India,Madhya Pradesh,Guna,722910,Divorced,Postgraduate Degree
2629,Dean Kennedy,2023-06-24,deankennedy6463@gmail.com,Female,India,Meghalaya,Shillong,329957,Single,Bachelor's Degree
2630,Karyn Vance,2024-12-19,karynvance1601@yahoomail.com,Male,India,Chhattisgarh,Durg,375014,Single,Master's Degree
2631,Charity Cline,2023-09-28,charitycline@gmail.com,Female,India,Rajasthan,Sikar,929739,Single,Postgraduate Degree
2632,Cameron Holland,2024-10-24,cameronholland636@gmail.com,Female,India,Meghalaya,Shillong,872942,Married,Master's Degree
2633,Phelan Bird,2024-09-03,phelanbird@gmail.com,Transgender,India,Arunachal Pradesh,Itanagar,312460,Married,Master's Degree
2634,Harlan Ashley,2024-08-01,harlanashley8774@gmail.com,Male,United States,Maryland,Annapolis,537285,Divorced,Bachelor's Degree
2635,Simon Meyers,2023-11-16,simonmeyers@yahoomail.com,Male,India,Jammu and Kashmir,Srinagar,796566,Single,Postgraduate Degree
2636,Quinn Buchanan,2024-10-20,quinnbuchanan3692@ymail.com,Transgender,United States,Ohio,Cleveland,355766,Divorced,Master's Degree
2637,Connor Prince,2023-09-19,connorprince9186@gmail.com,Transgender,India,Uttar Pradesh,Lucknow,900483,Common Law,Bachelor's Degree
2638,Kuame Rios,2023-10-23,kuamerios@gmail.com,Male,India,Andhra Pradesh,Tirupati,468531,Common Law,Master's Degree
2639,Haley Townsend,2023-07-20,haleytownsend@ymail.com,Transgender,United States,Florida,Miami,150923,Married,Postgraduate Degree
2640,Sophia Bruce,2024-12-31,sophiabruce@yahoomail.com,Transgender,United States,Nevada,Reno,761775,Common Law,Master's Degree
2641,Jin Sharp,2025-01-08,jinsharp3734@ymail.com,Transgender,United States,Delaware,Bear,384431,Single,Postgraduate Degree
2642,Teagan Holt,2024-08-12,teaganholt6222@yahoomail.com,Transgender,India,Karnataka,Raichur,776026,Married,Postgraduate Degree
2643,Marny Butler,2024-03-10,marnybutler4020@yahoomail.com,Female,United States,Oregon,Hillsboro,439436,Common Law,Bachelor's Degree
2644,Mariam Middleton,2025-02-19,mariammiddleton@gmail.com,Transgender,India,Bihar,Dehri,730767,Common Law,Bachelor's Degree
2645,Dolan Collier,2024-06-26,dolancollier6594@ymail.com,Female,India,Uttar Pradesh,Gorakhpur,562340,Married,Postgraduate Degree
2646,Gwendolyn Rowland,2024-12-15,gwendolynrowland2021@ymail.com,Transgender,India,Daman and Diu,Daman,472800,Married,Postgraduate Degree
2647,Chandler Booker,2024-09-04,chandlerbooker@gmail.com,Female,United States,Idaho,Meridian,274220,Single,Postgraduate Degree
2648,Ivory Warner,2023-05-01,ivorywarner61@ymail.com,Female,United States,Connecticut,Bridgeport,322354,Divorced,Bachelor's Degree
2649,Chaim Dodson,2024-07-29,chaimdodson@gmail.com,Male,United States,Kansas,Topeka,827896,Single,Master's Degree
2650,Michelle Gilliam,2025-01-07,michellegilliam3874@yahoomail.com,Transgender,United States,Mississippi,Jackson,320960,Married,Master's Degree
2651,Leo Maldonado,2023-07-30,leomaldonado5480@gmail.com,Transgender,India,Assam,Dibrugarh,993651,Married,Postgraduate Degree
2652,Ariel Ewing,2024-12-20,arielewing7349@gmail.com,Female,United States,Kansas,Topeka,306861,Divorced,Postgraduate Degree
2653,Olympia Douglas,2023-08-29,olympiadouglas970@ymail.com,Female,United States,Kentucky,Louisville,617335,Divorced,Bachelor's Degree
2654,Ishmael Potts,2024-05-10,ishmaelpotts7942@gmail.com,Transgender,India,Sikkim,Gangtok,325755,Common Law,Postgraduate Degree
2655,Kelsie Sparks,2025-01-27,kelsiesparks@ymail.com,Female,India,Daman and Diu,Daman,496170,Common Law,Postgraduate Degree
2656,Caleb Riddle,2025-03-21,calebriddle3826@gmail.com,Female,India,Punjab,Bhatinda,252766,Single,Bachelor's Degree
2657,Joy Robinson,2023-10-03,joyrobinson@yahoomail.com,Transgender,United States,Minnesota,Minneapolis,514500,Common Law,Bachelor's Degree
2658,Todd Sutton,2024-10-27,toddsutton9284@ymail.com,Transgender,India,Mizoram,Aizwal,264043,Married,Bachelor's Degree
2659,Ishmael Bennett,2025-03-12,ishmaelbennett7045@ymail.com,Male,United States,Connecticut,Hartford,880016,Married,Bachelor's Degree
2660,Logan Williams,2024-08-27,loganwilliams@yahoomail.com,Female,India,Manipur,Imphal,277528,Single,Bachelor's Degree
2661,Roth Beck,2023-10-04,rothbeck2458@gmail.com,Female,United States,Oregon,Gresham,721430,Married,Master's Degree
2662,Courtney Hancock,2024-08-28,courtneyhancock@yahoomail.com,Transgender,India,Karnataka,Mysore,383934,Common Law,Bachelor's Degree
2663,Kelly Bradley,2025-03-01,kellybradley8014@gmail.com,Male,United States,Nebraska,Grand Island,879216,Common Law,Bachelor's Degree
2664,September Goodman,2023-05-08,septembergoodman@ymail.com,Female,United States,Alaska,College,706720,Divorced,Bachelor's Degree
2665,Boris Phillips,2023-10-14,borisphillips188@ymail.com,Transgender,India,Dadra and Nagar Haveli,Silvassa,577383,Common Law,Bachelor's Degree
2666,Castor Weber,2024-09-24,castorweber1839@ymail.com,Male,United States,Massachusetts,Cambridge,915537,Common Law,Bachelor's Degree
2667,Brandon Hunter,2025-03-27,brandonhunter7132@yahoomail.com,Transgender,United States,Alabama,Huntsville,722919,Married,Postgraduate Degree
2668,Nina Carson,2024-12-31,ninacarson@gmail.com,Transgender,India,Mizoram,Aizwal,949913,Common Law,Postgraduate Degree
2669,Carissa Melendez,2023-10-29,carissamelendez@ymail.com,Transgender,United States,Mississippi,Jackson,771628,Common Law,Master's Degree
2670,Xyla Russell,2023-08-15,xylarussell9845@yahoomail.com,Transgender,United States,Alaska,Juneau,846552,Married,Master's Degree
2671,Gregory O'donnell,2024-09-22,gregoryodonnell@gmail.com,Female,India,Himachal Pradesh,Shimla,689758,Common Law,Bachelor's Degree
2672,Zeph Mathis,2023-09-11,zephmathis@gmail.com,Female,United States,Connecticut,Stamford,304355,Single,Bachelor's Degree
2673,Rogan Hurley,2024-01-11,roganhurley@yahoomail.com,Female,India,Chhattisgarh,Raipur,762205,Common Law,Bachelor's Degree
2674,Ann Dudley,2023-05-01,anndudley5578@gmail.com,Male,India,Uttarakhand,Haridwar,654492,Married,Bachelor's Degree
2675,Emily Gentry,2023-08-21,emilygentry4340@yahoomail.com,Transgender,United States,Kentucky,Covington,249870,Single,Postgraduate Degree
2676,Cally Chang,2023-04-10,callychang8481@gmail.com,Female,India,Haryana,Bhiwani,690660,Single,Bachelor's Degree
2677,Nolan Walsh,2024-05-21,nolanwalsh@ymail.com,Male,India,Jharkhand,Jamshedpur,293953,Common Law,Bachelor's Degree
2678,Yuli Bradford,2023-06-25,yulibradford@gmail.com,Female,India,Meghalaya,Shillong,315118,Married,Bachelor's Degree
2679,Benjamin Knight,2024-08-26,benjaminknight@yahoomail.com,Female,United States,Iowa,Davenport,353658,Common Law,Bachelor's Degree
2680,Steel Crosby,2025-03-12,steelcrosby@ymail.com,Female,India,Meghalaya,Shillong,215924,Common Law,Bachelor's Degree
2681,Edan Harmon,2023-11-20,edanharmon@ymail.com,Male,United States,Maryland,Frederick,783920,Married,Postgraduate Degree
2682,Malik Brock,2024-07-21,malikbrock7629@yahoomail.com,Transgender,India,Delhi,Delhi,476526,Common Law,Bachelor's Degree
2683,Aaron Hansen,2025-03-21,aaronhansen5330@ymail.com,Transgender,United States,Tennessee,Clarksville,297449,Married,Postgraduate Degree
2684,Maxine Dixon,2024-06-13,maxinedixon4029@ymail.com,Male,India,Sikkim,Gangtok,255244,Single,Postgraduate Degree
2685,Wade Mason,2024-10-19,wademason@gmail.com,Male,India,Tripura,Agartala,192138,Common Law,Master's Degree
2686,Malachi Schultz,2024-08-11,malachischultz@gmail.com,Female,India,Punjab,Rahim Yar Khan,933628,Married,Master's Degree
2687,Gil Davis,2023-10-02,gildavis6800@gmail.com,Female,United States,Mississippi,Biloxi,424095,Married,Bachelor's Degree
2688,Gretchen Keith,2023-05-07,gretchenkeith@yahoomail.com,Transgender,United States,Washington,Bellevue,778587,Single,Master's Degree
2689,Honorato Wilder,2024-08-12,honoratowilder28@ymail.com,Female,United States,Michigan,Detroit,865332,Single,Master's Degree
2690,Emerald Cantu,2025-02-07,emeraldcantu5992@gmail.com,Transgender,United States,Iowa,Davenport,853847,Married,Bachelor's Degree
2691,Chadwick Brewer,2024-09-13,chadwickbrewer@ymail.com,Male,India,Pondicherry,Pondicherry,999194,Common Law,Bachelor's Degree
2692,Karyn Mccullough,2024-02-17,karynmccullough@ymail.com,Female,United States,California,San Jose,701224,Married,Master's Degree
2693,Jermaine Roth,2023-11-24,jermaineroth@yahoomail.com,Transgender,United States,Kansas,Olathe,414657,Common Law,Bachelor's Degree
2694,Latifah Massey,2025-01-15,latifahmassey8283@gmail.com,Male,India,Manipur,Imphal,671311,Common Law,Bachelor's Degree
2695,Ivan David,2023-05-06,ivandavid2261@yahoomail.com,Transgender,India,Jammu and Kashmir,Srinagar,709886,Divorced,Master's Degree
2696,Lacey Shaw,2023-04-02,laceyshaw@yahoomail.com,Transgender,India,Rajasthan,Alwar,990281,Single,Master's Degree
2697,Reuben Cook,2024-04-10,reubencook@ymail.com,Female,India,Madhya Pradesh,Shivapuri,695093,Single,Master's Degree
2698,Tiger Santana,2024-12-04,tigersantana@gmail.com,Transgender,United States,Maryland,Columbia,449011,Single,Postgraduate Degree
2699,Rosalyn Farrell,2024-11-08,rosalynfarrell@yahoomail.com,Transgender,United States,Michigan,Detroit,267814,Divorced,Postgraduate Degree
2700,Jasper Cruz,2023-09-17,jaspercruz@gmail.com,Male,India,Jammu and Kashmir,Srinagar,691722,Common Law,Master's Degree
2701,Conan Mendez,2024-12-28,conanmendez@gmail.com,Male,United States,Colorado,Colorado Springs,315278,Divorced,Bachelor's Degree
2702,Andrew Zamora,2024-12-01,andrewzamora6961@gmail.com,Male,United States,Oregon,Portland,292216,Single,Bachelor's Degree
2703,Calvin Wynn,2023-10-17,calvinwynn7644@yahoomail.com,Transgender,United States,Oregon,Eugene,934858,Married,Bachelor's Degree
2704,Rylee Caldwell,2024-05-08,ryleecaldwell2747@yahoomail.com,Female,India,Arunachal Pradesh,Itanagar,191690,Common Law,Master's Degree
2705,Honorato Mcleod,2025-01-22,honoratomcleod@gmail.com,Female,India,Madhya Pradesh,Rewa,725456,Married,Master's Degree
2706,Xyla Williams,2023-10-06,xylawilliams4320@ymail.com,Female,India,Meghalaya,Shillong,147370,Single,Master's Degree
2707,Steven Bray,2023-11-09,stevenbray5176@yahoomail.com,Transgender,India,Uttarakhand,Haridwar,675145,Common Law,Postgraduate Degree
2708,Slade Gallegos,2025-01-03,sladegallegos@yahoomail.com,Female,United States,Oregon,Hillsboro,470754,Married,Master's Degree
2709,Octavia Moon,2024-10-18,octaviamoon2251@gmail.com,Male,India,Meghalaya,Shillong,230514,Common Law,Bachelor's Degree
2710,Brody Singleton,2023-11-19,brodysingleton@yahoomail.com,Male,India,West Bengal,South Dum Dum,815997,Single,Postgraduate Degree
2711,Petra Silva,2023-12-19,petrasilva614@yahoomail.com,Female,United States,Maryland,Gaithersburg,361496,Divorced,Master's Degree
2712,Arden Davenport,2025-02-23,ardendavenport1813@ymail.com,Transgender,United States,Oklahoma,Oklahoma City,870484,Divorced,Master's Degree
2713,Travis Jenkins,2025-02-15,travisjenkins@gmail.com,Female,United States,Wyoming,Gillette,163058,Common Law,Postgraduate Degree
2714,Seth Silva,2025-03-17,sethsilva@ymail.com,Female,United States,Alabama,Birmingham,818710,Single,Postgraduate Degree
2715,Bell Savage,2024-01-22,bellsavage@ymail.com,Transgender,India,Jharkhand,Hazaribag,485430,Divorced,Bachelor's Degree
2716,Adrienne Anderson,2024-03-11,adrienneanderson@gmail.com,Male,United States,Arizona,Mesa,869826,Divorced,Bachelor's Degree
2717,Stacey Fletcher,2024-09-01,staceyfletcher@gmail.com,Female,United States,Texas,Fort Worth,240195,Divorced,Bachelor's Degree
2718,Martha Bowers,2023-05-18,marthabowers@ymail.com,Transgender,United States,Iowa,Iowa City,895989,Single,Postgraduate Degree
2719,Zephr Kirk,2024-08-17,zephrkirk@yahoomail.com,Male,India,Dadra and Nagar Haveli,Silvassa,299594,Single,Master's Degree
2720,Madaline Parks,2023-12-17,madalineparks2245@ymail.com,Female,India,Tamil Nadu,Coimbatore,450086,Married,Master's Degree
2721,Davis Gamble,2024-11-24,davisgamble@ymail.com,Female,United States,Pennsylvania,Harrisburg,209334,Married,Master's Degree
2722,Maxwell Valdez,2024-10-23,maxwellvaldez@gmail.com,Male,India,Chandigarh,Chandigarh,209786,Common Law,Postgraduate Degree
2723,Alana Paul,2023-07-25,alanapaul1446@gmail.com,Transgender,United States,Montana,Great Falls,956321,Common Law,Postgraduate Degree
2724,Simon Winters,2024-06-03,simonwinters@gmail.com,Male,India,Arunachal Pradesh,Itanagar,879455,Common Law,Postgraduate Degree
2725,Skyler Rios,2023-07-18,skylerrios@gmail.com,Transgender,India,Rajasthan,Ajmer,557962,Divorced,Master's Degree
2726,Ashely Langley,2024-01-26,ashelylangley8936@ymail.com,Transgender,United States,Colorado,Fort Collins,566774,Common Law,Bachelor's Degree
2727,Holmes Cruz,2024-08-02,holmescruz@ymail.com,Transgender,United States,Oregon,Portland,281547,Married,Bachelor's Degree
2728,Beatrice Rivas,2024-10-16,beatricerivas@yahoomail.com,Transgender,United States,Florida,Tallahassee,942089,Married,Bachelor's Degree
2729,Ayanna Shields,2023-07-27,ayannashields@gmail.com,Transgender,United States,Alabama,Huntsville,726379,Married,Bachelor's Degree
2730,Conan Evans,2025-02-13,conanevans@yahoomail.com,Male,India,Meghalaya,Shillong,680565,Divorced,Postgraduate Degree
2731,Raven Dickson,2023-11-18,ravendickson@ymail.com,Female,United States,Washington,Vancouver,925122,Single,Bachelor's Degree
2732,Otto Rosales,2023-07-10,ottorosales@ymail.com,Male,India,Himachal Pradesh,Shimla,628061,Divorced,Bachelor's Degree
2733,Damian Rodriguez,2024-02-26,damianrodriguez@ymail.com,Male,India,Arunachal Pradesh,Itanagar,126354,Common Law,Master's Degree
2734,Natalie Cochran,2023-11-12,nataliecochran8626@gmail.com,Female,India,West Bengal,Titagarh,876349,Married,Bachelor's Degree
2735,Hasad Murphy,2024-09-04,hasadmurphy9338@yahoomail.com,Female,United States,Connecticut,Stamford,710996,Single,Postgraduate Degree
2736,Colby Farrell,2024-04-14,colbyfarrell@gmail.com,Transgender,India,Nagaland,Kohima,318367,Common Law,Master's Degree
2737,Deacon Cannon,2023-05-05,deaconcannon6487@ymail.com,Female,India,Bihar,Patna,844043,Common Law,Master's Degree
2738,Kuame Velasquez,2023-05-23,kuamevelasquez@gmail.com,Transgender,India,Madhya Pradesh,Sagar,333095,Single,Postgraduate Degree
2739,Hamish Huber,2024-04-22,hamishhuber@yahoomail.com,Transgender,United States,Arkansas,Little Rock,655699,Single,Bachelor's Degree
2740,Bevis Perry,2024-08-09,bevisperry2166@gmail.com,Transgender,United States,Hawaii,Kapolei,968010,Common Law,Bachelor's Degree
2741,Regina Boyer,2024-07-19,reginaboyer@gmail.com,Female,United States,Oklahoma,Tulsa,724534,Married,Bachelor's Degree
2742,Alyssa Castillo,2024-06-06,alyssacastillo4652@yahoomail.com,Female,India,Gujarat,Nadiad,519419,Married,Master's Degree
2743,Ignatius Madden,2023-08-07,ignatiusmadden@ymail.com,Male,United States,Kentucky,Bowling Green,936272,Single,Master's Degree
2744,Tiger Rodgers,2023-11-17,tigerrodgers@gmail.com,Female,United States,Massachusetts,Boston,830742,Married,Master's Degree
2745,Madonna Oliver,2023-03-29,madonnaoliver7224@gmail.com,Female,United States,Ohio,Cleveland,353134,Married,Postgraduate Degree
2746,Curran Vinson,2023-05-31,curranvinson@ymail.com,Female,United States,Texas,Houston,876319,Common Law,Postgraduate Degree
2747,Brian Bradshaw,2023-06-15,brianbradshaw3541@ymail.com,Male,India,Uttarakhand,Haridwar,894064,Common Law,Postgraduate Degree
2748,Ian Slater,2023-12-27,ianslater@yahoomail.com,Female,United States,Iowa,Iowa City,886307,Common Law,Postgraduate Degree
2749,Caesar Salinas,2023-05-28,caesarsalinas@ymail.com,Female,India,Uttarakhand,Dehradun,956298,Common Law,Master's Degree
2750,Michael Norton,2024-04-13,michaelnorton3884@yahoomail.com,Male,India,Chandigarh,Chandigarh,447939,Divorced,Bachelor's Degree
2751,Wynne Lynn,2024-12-23,wynnelynn@ymail.com,Female,India,Bihar,Bettiah,899501,Single,Postgraduate Degree
2752,Cole Armstrong,2023-09-02,colearmstrong5070@ymail.com,Female,United States,Kentucky,Owensboro,151906,Divorced,Postgraduate Degree
2753,Victor Sharp,2024-12-23,victorsharp3448@ymail.com,Male,United States,Kansas,Olathe,684440,Single,Postgraduate Degree
2754,Renee Oliver,2023-04-18,reneeoliver@gmail.com,Transgender,India,Bihar,Munger,434107,Single,Bachelor's Degree
2755,Maia Garrison,2025-02-18,maiagarrison@gmail.com,Female,India,Assam,Silchar,471850,Single,Bachelor's Degree
2756,Myles Young,2023-06-06,mylesyoung@ymail.com,Transgender,United States,Pennsylvania,Harrisburg,869908,Single,Bachelor's Degree
2757,Ronan Ray,2025-01-04,ronanray@gmail.com,Female,United States,Oregon,Portland,316100,Married,Postgraduate Degree
2758,Libby Osborn,2024-05-21,libbyosborn2574@yahoomail.com,Male,India,Haryana,Karnal,122174,Married,Master's Degree
2759,Judah Murphy,2024-06-25,judahmurphy@yahoomail.com,Female,United States,Mississippi,Jackson,725773,Common Law,Postgraduate Degree
2760,Keane Manning,2023-10-07,keanemanning@gmail.com,Transgender,India,West Bengal,Bhatpara,535065,Married,Master's Degree
2761,Mikayla Levy,2023-07-01,mikaylalevy5453@yahoomail.com,Male,India,Chhattisgarh,Korba,871027,Single,Bachelor's Degree
2762,Pamela Schultz,2023-12-13,pamelaschultz9821@yahoomail.com,Female,United States,Tennessee,Memphis,404477,Divorced,Postgraduate Degree
2763,Aurora Vinson,2025-03-22,auroravinson@yahoomail.com,Male,India,Tripura,Agartala,197925,Married,Bachelor's Degree
2764,Carlos Morse,2024-03-05,carlosmorse@gmail.com,Female,India,Chhattisgarh,Bilaspur,963987,Single,Master's Degree
2765,Rina Rosales,2023-04-25,rinarosales9918@gmail.com,Female,United States,Iowa,Davenport,727571,Common Law,Master's Degree
2766,Kibo Porter,2024-09-27,kiboporter5275@ymail.com,Male,United States,Arizona,Phoenix,109100,Married,Master's Degree
2767,Finn Logan,2024-01-29,finnlogan5030@yahoomail.com,Male,United States,California,Los Angeles,344283,Common Law,Master's Degree
2768,Holly Fox,2023-11-24,hollyfox5566@gmail.com,Transgender,United States,Kansas,Olathe,759596,Single,Master's Degree
2769,Holmes Gutierrez,2023-06-22,holmesgutierrez5766@gmail.com,Male,United States,Missouri,Kansas City,813380,Married,Bachelor's Degree
2770,Mary White,2024-08-28,marywhite3277@gmail.com,Male,United States,Nebraska,Bellevue,169421,Divorced,Bachelor's Degree
2771,Daryl Morrow,2025-01-30,darylmorrow@ymail.com,Male,India,Lakshadweep,Kavaratti,639956,Married,Bachelor's Degree
2772,Shana Puckett,2024-01-02,shanapuckett1947@yahoomail.com,Female,India,Uttar Pradesh,Gorakhpur,581240,Common Law,Postgraduate Degree
2773,Bertha Neal,2024-07-06,berthaneal@gmail.com,Male,United States,Illinois,Chicago,250003,Common Law,Bachelor's Degree
2774,Shaine Gay,2023-11-28,shainegay@yahoomail.com,Male,United States,Florida,Miami,840466,Single,Postgraduate Degree
2775,Trevor Roth,2023-06-29,trevorroth@yahoomail.com,Transgender,United States,Montana,Helena,369885,Divorced,Postgraduate Degree
2776,Elton Benton,2023-10-19,eltonbenton3505@ymail.com,Female,United States,Arkansas,Little Rock,750779,Common Law,Postgraduate Degree
2777,Reagan Cross,2024-10-28,reagancross725@gmail.com,Female,India,Karnataka,Hubli,407027,Common Law,Bachelor's Degree
2778,Dylan Stone,2024-11-24,dylanstone@yahoomail.com,Female,United States,Washington,Tacoma,383656,Divorced,Master's Degree
2779,Rooney Ayala,2024-11-02,rooneyayala2317@yahoomail.com,Male,India,West Bengal,Ingraj Bazar,633094,Married,Master's Degree
2780,Brent Wilson,2024-05-20,brentwilson@yahoomail.com,Transgender,India,Daman and Diu,Daman,767066,Single,Bachelor's Degree
2781,Garrison Shaffer,2024-04-03,garrisonshaffer@gmail.com,Female,India,Uttar Pradesh,Gorakhpur,197795,Single,Master's Degree
2782,Cullen Hickman,2024-01-13,cullenhickman@yahoomail.com,Female,United States,Virginia,Virginia Beach,152701,Married,Master's Degree
2783,Rowan Walters,2023-09-11,rowanwalters@yahoomail.com,Male,United States,Michigan,Lansing,246085,Divorced,Postgraduate Degree
2784,Phillip Massey,2025-02-21,phillipmassey9108@gmail.com,Female,United States,Texas,Houston,186360,Single,Postgraduate Degree
2785,Uriel Chambers,2024-11-12,urielchambers7182@yahoomail.com,Male,India,Punjab,Hafizabad,803940,Common Law,Postgraduate Degree
2786,Lydia Mann,2024-06-27,lydiamann@gmail.com,Male,India,Uttar Pradesh,Jhansi,541759,Married,Postgraduate Degree
2787,Odessa Parrish,2024-03-13,odessaparrish@gmail.com,Female,India,Daman and Diu,Daman,731794,Common Law,Bachelor's Degree
2788,Audra Turner,2023-11-16,audraturner@gmail.com,Female,India,Daman and Diu,Daman,118211,Common Law,Bachelor's Degree
2789,Paul Gentry,2024-04-13,paulgentry3722@ymail.com,Male,India,Bihar,Bettiah,862008,Married,Bachelor's Degree
2790,Wendy Bishop,2023-09-07,wendybishop@yahoomail.com,Transgender,United States,Idaho,Nampa,344768,Married,Postgraduate Degree
2791,Autumn Wood,2023-12-18,autumnwood5594@yahoomail.com,Male,United States,Louisiana,New Orleans,404363,Married,Bachelor's Degree
2792,Jasper Berger,2025-01-21,jasperberger2367@gmail.com,Male,United States,Massachusetts,Worcester,168883,Common Law,Bachelor's Degree
2793,Iola Hays,2024-07-29,iolahays8053@ymail.com,Transgender,United States,Alabama,Birmingham,947123,Common Law,Postgraduate Degree
2794,Jane Shaw,2024-01-24,janeshaw7647@ymail.com,Female,United States,Ohio,Akron,199447,Single,Master's Degree
2795,Holmes Chambers,2023-10-08,holmeschambers1753@yahoomail.com,Male,India,Madhya Pradesh,Dewas,965774,Common Law,Postgraduate Degree
2796,Amethyst Adkins,2023-08-21,amethystadkins@yahoomail.com,Transgender,United States,Arkansas,Little Rock,561286,Divorced,Master's Degree
2797,Peter Bruce,2024-09-27,peterbruce286@ymail.com,Female,United States,Ohio,Akron,687099,Single,Bachelor's Degree
2798,Nicholas Farley,2024-01-09,nicholasfarley@yahoomail.com,Male,India,Madhya Pradesh,Chhindwara,703259,Common Law,Master's Degree
2799,Flynn Townsend,2024-07-30,flynntownsend9910@gmail.com,Male,United States,Indiana,Evansville,926861,Common Law,Postgraduate Degree
2800,Akeem Martinez,2024-05-21,akeemmartinez@ymail.com,Male,United States,Arizona,Phoenix,318704,Single,Postgraduate Degree
2801,Myra Kim,2025-02-19,myrakim2045@yahoomail.com,Transgender,India,Daman and Diu,Daman,596892,Single,Postgraduate Degree
2802,Blaze Ruiz,2023-10-13,blazeruiz@ymail.com,Male,United States,Oregon,Hillsboro,875882,Divorced,Master's Degree
2803,Neville Noel,2024-08-27,nevillenoel4597@gmail.com,Transgender,United States,Pennsylvania,Harrisburg,885912,Married,Master's Degree
2804,Winifred Houston,2025-03-16,winifredhouston@gmail.com,Transgender,India,Kerala,Palakkad,521728,Common Law,Bachelor's Degree
2805,Tyrone Ward,2023-09-11,tyroneward@yahoomail.com,Transgender,United States,Louisiana,Shreveport,521021,Common Law,Master's Degree
2806,Lucius Lynch,2024-05-13,luciuslynch3531@ymail.com,Female,India,Punjab,Lahore,369681,Married,Postgraduate Degree
2807,Jemima Morse,2023-11-19,jemimamorse8508@yahoomail.com,Transgender,United States,Missouri,Columbia,365058,Single,Bachelor's Degree
2808,Daphne Mclean,2024-02-15,daphnemclean9538@ymail.com,Transgender,United States,Arkansas,Springdale,166466,Common Law,Bachelor's Degree
2809,Paloma Leblanc,2023-04-08,palomaleblanc9949@gmail.com,Female,India,Pondicherry,Pondicherry,502978,Married,Bachelor's Degree
2810,Bernard Harrington,2023-04-02,bernardharrington8382@yahoomail.com,Transgender,India,Tamil Nadu,Kanchipuram,265588,Single,Bachelor's Degree
2811,Asher Herman,2023-09-19,asherherman1932@yahoomail.com,Transgender,United States,Texas,San Antonio,437277,Married,Master's Degree
2812,Cynthia Hines,2023-08-20,cynthiahines@gmail.com,Male,India,Arunachal Pradesh,Itanagar,517896,Single,Master's Degree
2813,Bethany Shelton,2023-10-09,bethanyshelton1930@gmail.com,Transgender,United States,Texas,Fort Worth,941928,Common Law,Bachelor's Degree
2814,Roanna Gill,2023-04-11,roannagill@gmail.com,Transgender,India,Andhra Pradesh,Lalbahadur Nagar,771317,Single,Postgraduate Degree
2815,Dale Case,2024-05-15,dalecase@yahoomail.com,Transgender,India,Goa,Panjim,918888,Married,Master's Degree
2816,Colton Jarvis,2024-11-17,coltonjarvis@gmail.com,Transgender,United States,Texas,Houston,402868,Single,Postgraduate Degree
2817,Molly Hale,2025-02-02,mollyhale5923@gmail.com,Female,United States,Oregon,Hillsboro,486754,Divorced,Postgraduate Degree
2818,Armand Mcfadden,2023-07-13,armandmcfadden2680@gmail.com,Transgender,United States,Nevada,Las Vegas,456443,Common Law,Postgraduate Degree
2819,Dominique Preston,2023-11-30,dominiquepreston899@yahoomail.com,Female,India,Chhattisgarh,Bhilai,966554,Common Law,Master's Degree
2820,Chester Mueller,2023-05-30,chestermueller@yahoomail.com,Female,India,Uttar Pradesh,Fatehpur,237456,Married,Bachelor's Degree
2821,Leandra Dyer,2023-05-31,leandradyer@ymail.com,Female,United States,Idaho,Boise,710645,Common Law,Postgraduate Degree
2822,Ainsley Tyler,2025-01-07,ainsleytyler@ymail.com,Female,United States,Iowa,Sioux City,776772,Single,Postgraduate Degree
2823,Denton Cain,2024-09-23,dentoncain@yahoomail.com,Transgender,United States,Oklahoma,Norman,242641,Divorced,Postgraduate Degree
2824,Garrison Brooks,2024-12-01,garrisonbrooks4478@ymail.com,Female,United States,California,San Jose,406557,Single,Master's Degree
2825,Rose Gardner,2023-10-21,rosegardner2641@yahoomail.com,Male,United States,Oregon,Gresham,733979,Divorced,Postgraduate Degree
2826,Kimberly Spencer,2024-02-29,kimberlyspencer@ymail.com,Male,United States,Louisiana,Baton Rouge,600004,Married,Bachelor's Degree
2827,Claudia Mcdaniel,2024-12-01,claudiamcdaniel@ymail.com,Female,United States,Alaska,Anchorage,184600,Married,Master's Degree
2828,Magee Figueroa,2023-12-07,mageefigueroa@gmail.com,Male,United States,Oregon,Hillsboro,967040,Common Law,Postgraduate Degree
2829,Clinton Bass,2023-05-22,clintonbass@yahoomail.com,Female,United States,Michigan,Grand Rapids,375909,Single,Master's Degree
2830,Ebony Logan,2025-02-09,ebonylogan@yahoomail.com,Transgender,India,Jharkhand,Ranchi,370215,Married,Master's Degree
2831,Nita Keller,2023-11-16,nitakeller3656@yahoomail.com,Male,India,Tripura,Agartala,161785,Divorced,Master's Degree
2832,Regina Griffith,2023-09-18,reginagriffith@gmail.com,Male,India,Andaman and Nicobar Islands,Port Blair,496885,Single,Bachelor's Degree
2833,Kellie Stokes,2024-02-10,kelliestokes@ymail.com,Female,India,Meghalaya,Shillong,220690,Single,Master's Degree
2834,Damon Higgins,2024-10-01,damonhiggins5271@yahoomail.com,Transgender,India,Gujarat,Morvi,638143,Single,Bachelor's Degree
2835,Caleb Love,2024-02-05,caleblove@gmail.com,Male,United States,Missouri,Saint Louis,346478,Single,Postgraduate Degree
2836,Macon Davis,2023-07-14,macondavis@ymail.com,Male,India,Odisha,Brahmapur,919182,Divorced,Master's Degree
2837,Fuller Aguirre,2025-01-23,fulleraguirre9862@yahoomail.com,Female,India,Jharkhand,Purulia,930703,Common Law,Bachelor's Degree
2838,Tate Mullen,2023-06-13,tatemullen4732@gmail.com,Male,United States,Alaska,Juneau,957994,Married,Bachelor's Degree
2839,Cathleen Bray,2025-01-14,cathleenbray@ymail.com,Female,India,Pondicherry,Pondicherry,704101,Single,Master's Degree
2840,Yoko Freeman,2023-09-07,yokofreeman9228@ymail.com,Transgender,United States,Iowa,Des Moines,563721,Common Law,Master's Degree
2841,Alexandra Sparks,2024-03-03,alexandrasparks@yahoomail.com,Female,India,Rajasthan,Alwar,776415,Married,Bachelor's Degree
2842,Quyn Cherry,2023-10-02,quyncherry@ymail.com,Transgender,India,Daman and Diu,Daman,821816,Divorced,Postgraduate Degree
2843,Rahim Mccarthy,2025-03-06,rahimmccarthy7949@ymail.com,Male,India,West Bengal,Bhatpara,426034,Divorced,Bachelor's Degree
2844,Derek Whitfield,2023-04-20,derekwhitfield9817@gmail.com,Transgender,India,Chandigarh,Chandigarh,221917,Divorced,Master's Degree
2845,Cruz May,2024-12-15,cruzmay@gmail.com,Female,United States,Ohio,Akron,529355,Married,Bachelor's Degree
2846,Silas Justice,2025-01-01,silasjustice@ymail.com,Male,India,Jammu and Kashmir,Srinagar,459915,Single,Bachelor's Degree
2847,Abbot Dickerson,2023-04-13,abbotdickerson@yahoomail.com,Female,India,Punjab,Khanewal,840880,Married,Master's Degree
2848,Kirsten Alford,2024-02-01,kirstenalford@ymail.com,Female,United States,Wisconsin,Madison,303318,Married,Master's Degree
2849,Sylvia Cameron,2024-05-20,sylviacameron4534@gmail.com,Transgender,India,Odisha,Raurkela,465663,Divorced,Bachelor's Degree
2850,Libby Dawson,2023-06-10,libbydawson@yahoomail.com,Transgender,United States,Maine,South Portland,210305,Divorced,Postgraduate Degree
2851,Aladdin Richmond,2023-05-17,aladdinrichmond6719@yahoomail.com,Female,United States,Minnesota,Minneapolis,143843,Single,Postgraduate Degree
2852,Gareth Kerr,2023-07-09,garethkerr7738@gmail.com,Male,United States,Massachusetts,Boston,297310,Divorced,Postgraduate Degree
2853,Kevin Vaughan,2023-04-14,kevinvaughan@gmail.com,Female,India,Madhya Pradesh,Khandwa,657747,Divorced,Master's Degree
2854,Palmer Carlson,2023-11-02,palmercarlson@gmail.com,Female,United States,Montana,Bozeman,970428,Single,Master's Degree
2855,Sara Gallagher,2024-06-04,saragallagher@yahoomail.com,Male,India,Pondicherry,Pondicherry,167769,Divorced,Bachelor's Degree
2856,Holmes Weaver,2024-10-24,holmesweaver5353@ymail.com,Transgender,India,Manipur,Imphal,681655,Married,Master's Degree
2857,Gregory Floyd,2023-04-30,gregoryfloyd@gmail.com,Transgender,India,Jammu and Kashmir,Jammu,919030,Single,Bachelor's Degree
2858,Rowan Hendricks,2024-05-18,rowanhendricks@yahoomail.com,Transgender,India,Bihar,Katihar,816108,Single,Master's Degree
2859,Rowan Charles,2023-04-24,rowancharles@gmail.com,Female,India,Karnataka,Timkur,951629,Divorced,Postgraduate Degree
2860,Amal Reyes,2023-06-25,amalreyes@ymail.com,Female,India,Daman and Diu,Daman,111727,Single,Postgraduate Degree
2861,Benjamin Poole,2024-03-04,benjaminpoole4457@yahoomail.com,Female,India,Madhya Pradesh,Guna,349497,Divorced,Postgraduate Degree
2862,Farrah Middleton,2023-10-04,farrahmiddleton@yahoomail.com,Transgender,India,Tripura,Agartala,828679,Married,Postgraduate Degree
2863,Winifred Robertson,2024-09-09,winifredrobertson8969@yahoomail.com,Male,India,Maharastra,Thane,440271,Married,Bachelor's Degree
2864,Miranda Caldwell,2024-06-04,mirandacaldwell@yahoomail.com,Male,United States,Ohio,Columbus,483102,Common Law,Bachelor's Degree
2865,Blaze Sutton,2023-05-18,blazesutton@ymail.com,Male,India,Kerala,Cochin,674222,Common Law,Postgraduate Degree
2866,Shelley Branch,2024-04-01,shelleybranch4020@gmail.com,Male,United States,Iowa,Cedar Rapids,580675,Married,Postgraduate Degree
2867,Leah Collier,2023-04-07,leahcollier@yahoomail.com,Female,United States,Hawaii,Honolulu,364029,Married,Bachelor's Degree
2868,Ryan Little,2023-07-13,ryanlittle8634@gmail.com,Male,India,Maharastra,Pimpri-Chinchwad,338437,Common Law,Master's Degree
2869,Hayley Albert,2024-05-11,hayleyalbert@ymail.com,Transgender,United States,Wyoming,Cheyenne,545871,Common Law,Bachelor's Degree
2870,Roary Roman,2024-10-04,roaryroman@yahoomail.com,Female,India,Kerala,Kollam,661375,Divorced,Postgraduate Degree
2871,Melvin Mclaughlin,2024-07-03,melvinmclaughlin6903@ymail.com,Male,United States,Indiana,South Bend,638546,Common Law,Bachelor's Degree
2872,Dieter Sparks,2024-02-19,dietersparks@ymail.com,Transgender,United States,Oregon,Salem,409142,Divorced,Bachelor's Degree
2873,Lenore Harrell,2023-10-22,lenoreharrell7315@ymail.com,Transgender,India,Jharkhand,Ranchi,953344,Single,Bachelor's Degree
2874,Chaney Carpenter,2024-07-27,chaneycarpenter7838@yahoomail.com,Transgender,India,Daman and Diu,Daman,546717,Divorced,Master's Degree
2875,Shoshana Fowler,2023-10-02,shoshanafowler6131@ymail.com,Male,United States,Michigan,Flint,276280,Married,Master's Degree
2876,Omar Fry,2023-05-04,omarfry4354@yahoomail.com,Female,India,Andhra Pradesh,Rajahmundry,772598,Single,Master's Degree
2877,Timothy Sharpe,2023-06-05,timothysharpe@gmail.com,Female,India,Bihar,Bhagalpur,339832,Common Law,Bachelor's Degree
2878,William West,2023-07-30,williamwest@ymail.com,Female,India,Uttar Pradesh,Bulandshahr,453912,Common Law,Postgraduate Degree
2879,Levi Horn,2023-07-01,levihorn@ymail.com,Transgender,India,Daman and Diu,Daman,676177,Single,Master's Degree
2880,Myles Holcomb,2023-05-03,mylesholcomb@ymail.com,Transgender,India,Maharastra,Miraj,879859,Divorced,Postgraduate Degree
2881,Amber Schroeder,2024-12-02,amberschroeder7875@ymail.com,Transgender,United States,Vermont,Burlington,319717,Married,Master's Degree
2882,Inez Wise,2024-09-25,inezwise9542@ymail.com,Male,India,Jharkhand,Jamshedpur,323315,Single,Postgraduate Degree
2883,Davis Cooley,2024-01-30,daviscooley260@ymail.com,Female,India,Tripura,Agartala,544551,Divorced,Master's Degree
2884,Wylie Brennan,2023-07-28,wyliebrennan@ymail.com,Male,India,Jharkhand,Purnea,838052,Divorced,Bachelor's Degree
2885,Stuart Alston,2024-08-27,stuartalston@gmail.com,Female,United States,Wyoming,Gillette,881916,Divorced,Postgraduate Degree
2886,Pamela West,2023-10-09,pamelawest2211@gmail.com,Male,United States,Oklahoma,Broken Arrow,273028,Divorced,Postgraduate Degree
2887,Moana Snyder,2023-10-25,moanasnyder@yahoomail.com,Female,India,Jharkhand,Purulia,851502,Divorced,Postgraduate Degree
2888,Chester Larson,2025-03-14,chesterlarson8857@gmail.com,Transgender,India,Andhra Pradesh,Adoni,334968,Single,Postgraduate Degree
2889,Zenaida Battle,2025-03-08,zenaidabattle4237@yahoomail.com,Transgender,United States,Georgia,Savannah,224637,Divorced,Master's Degree
2890,Burke Rogers,2025-02-13,burkerogers3557@gmail.com,Male,United States,Virginia,Virginia Beach,155764,Divorced,Postgraduate Degree
2891,Nita Bray,2024-02-16,nitabray@yahoomail.com,Female,India,Madhya Pradesh,Rewa,917066,Married,Bachelor's Degree
2892,Kibo Bradford,2023-04-03,kibobradford4034@gmail.com,Transgender,India,Tripura,Agartala,147435,Single,Bachelor's Degree
2893,Daniel Rodriquez,2025-02-02,danielrodriquez@ymail.com,Transgender,India,Rajasthan,Udaipur,734420,Married,Master's Degree
2894,Hyacinth Yang,2024-05-02,hyacinthyang@yahoomail.com,Female,India,Punjab,Wah,131115,Single,Master's Degree
2895,Giacomo Glenn,2025-02-12,giacomoglenn@ymail.com,Male,United States,Minnesota,Saint Paul,776476,Married,Bachelor's Degree
2896,Harper Ratliff,2023-08-04,harperratliff7874@ymail.com,Male,India,Gujarat,Surat,627134,Married,Bachelor's Degree
2897,Tanek Barr,2023-12-26,tanekbarr6990@gmail.com,Transgender,United States,Arizona,Phoenix,574091,Common Law,Postgraduate Degree
2898,Alden Logan,2024-08-09,aldenlogan5668@yahoomail.com,Male,India,Jharkhand,Jamshedpur,668702,Divorced,Master's Degree
2899,Jolene Ratliff,2024-09-17,joleneratliff5935@ymail.com,Male,India,Punjab,Chishtian Mandi,319073,Married,Postgraduate Degree
2900,Macy Sargent,2024-04-17,macysargent@yahoomail.com,Male,United States,Wyoming,Cheyenne,642307,Single,Bachelor's Degree
2901,Kaye Snow,2024-12-03,kayesnow6599@yahoomail.com,Male,India,Himachal Pradesh,Shimla,680100,Divorced,Postgraduate Degree
2902,Ryan Sims,2023-06-14,ryansims@ymail.com,Transgender,India,Sikkim,Gangtok,667908,Single,Bachelor's Degree
2903,Camilla Booker,2023-04-03,camillabooker@ymail.com,Male,India,Haryana,Ambala,859082,Common Law,Postgraduate Degree
2904,Gisela Payne,2023-11-27,giselapayne8703@gmail.com,Transgender,United States,Wyoming,Wyoming,349536,Common Law,Master's Degree
2905,Cedric Rasmussen,2025-01-18,cedricrasmussen@gmail.com,Male,India,Arunachal Pradesh,Itanagar,493976,Divorced,Postgraduate Degree
2906,Ulric Page,2023-05-05,ulricpage7675@ymail.com,Female,United States,Nebraska,Kearney,734833,Married,Master's Degree
2907,Fulton Sweeney,2024-04-20,fultonsweeney@ymail.com,Transgender,United States,Massachusetts,Boston,442045,Single,Bachelor's Degree
2908,Claire Rosario,2024-01-29,clairerosario3813@gmail.com,Transgender,India,Karnataka,Bellary,293797,Common Law,Master's Degree
2909,Boris Wiggins,2023-05-25,boriswiggins2337@ymail.com,Transgender,India,Maharastra,Bhusawal,972145,Common Law,Master's Degree
2910,Robin Marshall,2024-04-06,robinmarshall3340@ymail.com,Male,India,Chandigarh,Chandigarh,260910,Married,Bachelor's Degree
2911,Isaac Christian,2024-11-04,isaacchristian@yahoomail.com,Male,India,Nagaland,Kohima,542699,Single,Bachelor's Degree
2912,Dean Hess,2025-01-28,deanhess@ymail.com,Transgender,United States,Massachusetts,Lowell,808497,Married,Bachelor's Degree
2913,Rina Price,2025-02-07,rinaprice@gmail.com,Male,India,Tripura,Agartala,484498,Single,Master's Degree
2914,Demetria Holt,2024-03-24,demetriaholt8199@gmail.com,Transgender,India,Andaman and Nicobar Islands,Port Blair,234792,Divorced,Bachelor's Degree
2915,Rowan Hopkins,2023-12-11,rowanhopkins6578@ymail.com,Female,India,Gujarat,Bharuch,536014,Married,Postgraduate Degree
2916,Kennedy Harris,2024-03-03,kennedyharris@gmail.com,Female,United States,Montana,Missoula,243484,Divorced,Master's Degree
2917,Aphrodite Logan,2024-08-18,aphroditelogan6304@yahoomail.com,Female,United States,Florida,Orlando,681527,Divorced,Bachelor's Degree
2918,Avram Tate,2024-09-29,avramtate8514@gmail.com,Transgender,United States,Missouri,Jefferson City,584604,Common Law,Bachelor's Degree
2919,Michael Bridges,2023-07-25,michaelbridges5396@gmail.com,Transgender,India,Nagaland,Kohima,443383,Single,Postgraduate Degree
2920,Travis Hyde,2024-02-17,travishyde9731@gmail.com,Female,India,Manipur,Imphal,711753,Divorced,Bachelor's Degree
2921,April Briggs,2024-03-28,aprilbriggs9840@gmail.com,Transgender,United States,Iowa,Cedar Rapids,566103,Common Law,Master's Degree
2922,Shoshana Rios,2024-01-18,shoshanarios@gmail.com,Male,India,Nagaland,Kohima,901013,Common Law,Master's Degree
2923,Laurel Roy,2024-12-05,laurelroy@ymail.com,Female,United States,Vermont,South Burlington,588472,Single,Postgraduate Degree
2924,Macey Avila,2024-11-27,maceyavila@gmail.com,Transgender,India,Bihar,Patna,197885,Divorced,Postgraduate Degree
2925,Wilma Durham,2023-07-07,wilmadurham8845@yahoomail.com,Female,India,Maharastra,Bhiwandi,240528,Common Law,Bachelor's Degree
2926,September Waters,2024-03-14,septemberwaters@gmail.com,Transgender,United States,Maryland,Baltimore,591404,Common Law,Master's Degree
2927,Gay Dunn,2024-08-24,gaydunn@ymail.com,Male,United States,Georgia,Athens,592453,Single,Master's Degree
2928,Florence Monroe,2024-06-29,florencemonroe@gmail.com,Female,India,Karnataka,Bijapur,864995,Single,Postgraduate Degree
2929,Lucas Vasquez,2024-07-15,lucasvasquez4331@gmail.com,Transgender,United States,Michigan,Grand Rapids,366458,Married,Bachelor's Degree
2930,Wesley Lowery,2024-05-31,wesleylowery@yahoomail.com,Male,India,Uttar Pradesh,Lucknow,875525,Divorced,Master's Degree
2931,Minerva Vang,2023-05-15,minervavang@gmail.com,Male,India,Arunachal Pradesh,Itanagar,462522,Single,Master's Degree
2932,Yoshi Frank,2023-04-17,yoshifrank1806@yahoomail.com,Transgender,India,Dadra and Nagar Haveli,Silvassa,518975,Common Law,Bachelor's Degree
2933,Alexis Mosley,2024-01-08,alexismosley1449@ymail.com,Male,India,Arunachal Pradesh,Itanagar,811879,Divorced,Master's Degree
2934,Christian Terry,2024-08-24,christianterry4042@ymail.com,Transgender,India,Assam,Guwahati,730275,Common Law,Postgraduate Degree
2935,Ferris Durham,2023-07-11,ferrisdurham8275@yahoomail.com,Female,India,Goa,Panjim,466033,Common Law,Master's Degree
2936,Genevieve Dickerson,2023-07-07,genevievedickerson@ymail.com,Male,United States,Iowa,Des Moines,494747,Divorced,Master's Degree
2937,Ross Cote,2023-08-29,rosscote2767@gmail.com,Male,India,Chandigarh,Chandigarh,111186,Married,Postgraduate Degree
2938,Rooney Richard,2024-06-02,rooneyrichard6480@ymail.com,Transgender,United States,Wyoming,Casper,146440,Common Law,Master's Degree
2939,September Wiley,2025-03-02,septemberwiley@yahoomail.com,Female,United States,Kansas,Overland Park,212387,Common Law,Bachelor's Degree
2940,Valentine Levine,2024-09-06,valentinelevine@gmail.com,Male,India,West Bengal,Raiganj,430965,Divorced,Bachelor's Degree
2941,Jerome Hunt,2024-05-06,jeromehunt@gmail.com,Transgender,United States,Wisconsin,Milwaukee,345767,Divorced,Postgraduate Degree
2942,Hilary Gillespie,2024-05-21,hilarygillespie6120@yahoomail.com,Female,India,Haryana,Bhiwani,901745,Divorced,Master's Degree
2943,Abdul Morton,2024-09-11,abdulmorton@ymail.com,Female,India,Arunachal Pradesh,Itanagar,461665,Single,Postgraduate Degree
2944,Mohammad Marshall,2023-08-07,mohammadmarshall@yahoomail.com,Transgender,United States,Pennsylvania,Philadelphia,934642,Married,Master's Degree
2945,Forrest Everett,2024-01-11,forresteverett@gmail.com,Female,United States,Minnesota,Duluth,741735,Common Law,Postgraduate Degree
2946,Nell Marquez,2023-09-26,nellmarquez8381@yahoomail.com,Female,India,Madhya Pradesh,Burhanpur,486433,Single,Bachelor's Degree
2947,Whilemina Clark,2024-11-26,whileminaclark958@yahoomail.com,Transgender,India,Uttar Pradesh,Saharanpur,215131,Common Law,Master's Degree
2948,Shaeleigh Bernard,2023-05-27,shaeleighbernard6181@yahoomail.com,Female,United States,Oregon,Portland,413358,Married,Master's Degree
2949,Keely Crawford,2024-11-11,keelycrawford7710@yahoomail.com,Transgender,India,Bihar,Arrah,575722,Common Law,Postgraduate Degree
2950,August Emerson,2023-09-02,augustemerson@gmail.com,Male,United States,Tennessee,Clarksville,920391,Married,Master's Degree
2951,Echo Kennedy,2024-12-01,echokennedy8623@yahoomail.com,Female,India,Rajasthan,Kota,634750,Divorced,Bachelor's Degree
2952,Jade O'donnell,2023-04-29,jadeodonnell9119@yahoomail.com,Transgender,United States,Florida,Miami,397821,Married,Master's Degree
2953,Carol Lamb,2024-09-28,carollamb3810@yahoomail.com,Female,India,Tripura,Agartala,592500,Divorced,Master's Degree
2954,Deanna Dominguez,2024-02-17,deannadominguez@gmail.com,Transgender,United States,Delaware,Bear,419738,Single,Bachelor's Degree
2955,Jesse Sellers,2023-09-11,jessesellers8887@gmail.com,Female,India,Odisha,Puri,946142,Divorced,Bachelor's Degree
2956,Macy Nguyen,2024-03-02,macynguyen@ymail.com,Male,India,Mizoram,Aizwal,116171,Single,Bachelor's Degree
2957,Robin Ramos,2023-10-19,robinramos@ymail.com,Transgender,United States,Utah,Salt Lake City,813298,Common Law,Postgraduate Degree
2958,Elvis Duncan,2024-02-03,elvisduncan9983@gmail.com,Male,United States,Oregon,Salem,551156,Single,Master's Degree
2959,Jael Carroll,2024-07-03,jaelcarroll@yahoomail.com,Female,United States,Minnesota,Bloomington,193065,Divorced,Master's Degree
2960,Lavinia Chapman,2023-06-26,laviniachapman@gmail.com,Transgender,India,Tamil Nadu,Neyveli,337849,Divorced,Postgraduate Degree
2961,Timothy Battle,2023-12-29,timothybattle@ymail.com,Male,India,Andaman and Nicobar Islands,Port Blair,548859,Common Law,Bachelor's Degree
2962,Cheyenne Ruiz,2024-02-06,cheyenneruiz2457@gmail.com,Male,India,Andhra Pradesh,Eluru,563949,Married,Bachelor's Degree
2963,Florence Blake,2025-02-02,florenceblake7624@gmail.com,Transgender,India,Andhra Pradesh,Khammam,439516,Divorced,Bachelor's Degree
2964,Tana Hines,2023-08-18,tanahines@ymail.com,Female,United States,Oregon,Salem,290367,Divorced,Master's Degree
2965,Kai Garner,2024-05-02,kaigarner@ymail.com,Female,India,Jammu and Kashmir,Jammu,840599,Married,Master's Degree
2966,Hamilton Shields,2023-11-09,hamiltonshields@gmail.com,Female,India,West Bengal,North Dum Dum,178735,Married,Bachelor's Degree
2967,Tanek Benton,2023-07-22,tanekbenton1927@ymail.com,Female,United States,Wisconsin,Racine,633531,Married,Bachelor's Degree
2968,Suki Kane,2025-01-23,sukikane2266@yahoomail.com,Male,India,Dadra and Nagar Haveli,Silvassa,328737,Divorced,Postgraduate Degree
2969,Fritz Pollard,2024-10-19,fritzpollard2995@ymail.com,Male,India,Meghalaya,Shillong,121089,Common Law,Postgraduate Degree
2970,Jameson Duran,2024-05-20,jamesonduran5627@ymail.com,Transgender,India,Uttar Pradesh,Farrukhabad-cum-Fatehgarh,786029,Married,Postgraduate Degree
2971,Barclay Huff,2023-12-31,barclayhuff@yahoomail.com,Transgender,United States,Texas,San Antonio,163746,Common Law,Master's Degree
2972,Rowan Hensley,2023-04-05,rowanhensley9744@yahoomail.com,Female,United States,Louisiana,Lafayette,259729,Single,Master's Degree
2973,Jeremy Chapman,2023-11-26,jeremychapman7979@yahoomail.com,Male,United States,Connecticut,Stamford,764889,Divorced,Master's Degree
2974,Ava Baxter,2024-12-12,avabaxter822@ymail.com,Female,United States,Montana,Billings,599885,Divorced,Master's Degree
2975,Caleb Ratliff,2024-02-08,calebratliff4953@yahoomail.com,Male,India,West Bengal,Basirhat,348423,Married,Master's Degree
2976,Chantale Kirkland,2024-10-05,chantalekirkland4639@ymail.com,Transgender,India,West Bengal,Bhatpara,804135,Single,Master's Degree
2977,Francesca Medina,2024-07-26,francescamedina6791@yahoomail.com,Female,United States,Washington,Vancouver,882893,Single,Master's Degree
2978,Pearl Wilson,2023-06-12,pearlwilson@gmail.com,Female,India,Assam,Guwahati,709762,Single,Postgraduate Degree
2979,Azalia Ray,2025-01-30,azaliaray@yahoomail.com,Female,India,Delhi,Delhi,376702,Single,Bachelor's Degree
2980,Eugenia Berger,2023-04-01,eugeniaberger@yahoomail.com,Transgender,India,Nagaland,Kohima,887173,Common Law,Postgraduate Degree
2981,Naomi Holland,2024-10-08,naomiholland3703@yahoomail.com,Female,United States,Maine,Lewiston,243749,Common Law,Postgraduate Degree
2982,Ima Mcclure,2024-06-08,imamcclure@gmail.com,Transgender,India,Haryana,Faridabad,794825,Single,Postgraduate Degree
2983,Stuart Levy,2023-11-03,stuartlevy7785@yahoomail.com,Female,United States,Kansas,Wichita,152549,Married,Bachelor's Degree
2984,Ahmed Carney,2025-02-08,ahmedcarney1802@ymail.com,Male,United States,Kansas,Olathe,359252,Single,Master's Degree
2985,Talon Foley,2024-01-04,talonfoley@ymail.com,Female,India,Mizoram,Aizwal,520332,Single,Bachelor's Degree
2986,Garrison James,2024-11-21,garrisonjames6920@ymail.com,Male,United States,Wisconsin,Green Bay,139255,Divorced,Postgraduate Degree
2987,Caleb Scott,2024-06-29,calebscott10@yahoomail.com,Female,United States,Texas,Dallas,355501,Common Law,Bachelor's Degree
2988,Bert Mckinney,2024-10-23,bertmckinney1598@ymail.com,Female,United States,Nebraska,Omaha,678516,Divorced,Master's Degree
2989,Bianca Serrano,2024-11-25,biancaserrano2662@gmail.com,Female,India,Assam,Dibrugarh,774538,Common Law,Bachelor's Degree
2990,Hamilton Tucker,2023-05-28,hamiltontucker5172@gmail.com,Female,United States,Virginia,Richmond,174217,Married,Postgraduate Degree
2991,Imogene Sargent,2024-08-29,imogenesargent3547@ymail.com,Male,United States,Georgia,Augusta,226095,Married,Master's Degree
2992,Evan Freeman,2025-02-17,evanfreeman655@gmail.com,Female,United States,Maryland,Columbia,756707,Common Law,Master's Degree
2993,Porter Meyers,2024-11-21,portermeyers6669@ymail.com,Transgender,United States,Wisconsin,Milwaukee,611342,Common Law,Postgraduate Degree
2994,Geoffrey Ewing,2025-03-15,geoffreyewing@gmail.com,Male,United States,Colorado,Colorado Springs,607613,Divorced,Postgraduate Degree
2995,Oleg Burks,2023-07-15,olegburks@ymail.com,Transgender,India,Andhra Pradesh,Bhimavaram,533029,Common Law,Master's Degree
2996,Irma Greene,2024-03-17,irmagreene7661@yahoomail.com,Female,India,Odisha,Bhubaneswar,626030,Married,Bachelor's Degree
2997,Daquan Bray,2024-03-06,daquanbray2675@ymail.com,Transgender,India,Bihar,Patna,495022,Divorced,Master's Degree
2998,Ethan Little,2023-08-05,ethanlittle@ymail.com,Male,India,Uttarakhand,Dehradun,138263,Divorced,Master's Degree
2999,Tiger Contreras,2025-02-13,tigercontreras@yahoomail.com,Female,United States,Delaware,Wilmington,113493,Single,Postgraduate Degree
3000,Fuller Andrews,2024-05-27,fullerandrews@yahoomail.com,Transgender,United States,Massachusetts,Cambridge,820856,Common Law,Master's Degree
