id,name,dob,email,gender,country,region,city,asset,marital_status,education
5001,Laura Hopkins,1686512132000,laurahopkins@ymail.com,Female,United States,Oregon,Eugene,492081,Single,Postgraduate Degree
5002,Dora Brock,1737744216000,dorabrock205@gmail.com,Male,United States,Alabama,Montgomery,104114,Married,Bachelor's Degree
5003,Nadine Lawrence,1707188637000,nadinelawrence9904@yahoomail.com,Transgender,United States,Indiana,Indianapolis,512797,Single,Master's Degree
5004,Oscar Nash,1694027767000,oscarnash2824@gmail.com,Female,India,Madhya Pradesh,Jabalpur,825088,Common Law,Master's Degree
5005,Yoshio Floyd,1702072918000,yoshiofloyd@ymail.com,Transgender,India,Odisha,Brahmapur,177977,Common Law,Postgraduate Degree
5006,Kiara Logan,1693253482000,kiaralogan7048@gmail.com,Female,India,Uttar Pradesh,Unnao,199029,Divorced,Bachelor's Degree
5007,Naomi Bonner,1710360155000,naomibonner3024@gmail.com,Female,India,Sikkim,Gangtok,705532,Divorced,Master's Degree
5008,Nell Howard,1696585063000,nellhoward2266@yahoomail.com,Transgender,United States,Tennessee,Nashville,783881,Single,Master's Degree
5009,Regan Rosa,1724835688000,reganrosa9735@gmail.com,Transgender,India,Karnataka,Hassan,780883,Single,Bachelor's Degree
5010,Dorian Bush,1735426742000,dorianbush@ymail.com,Male,United States,Connecticut,Waterbury,964897,Married,Master's Degree
5011,Lillith Combs,1683786447000,lillithcombs@ymail.com,Female,India,Himachal Pradesh,Shimla,969425,Common Law,Bachelor's Degree
5012,Tamara Townsend,1736175364000,tamaratownsend@ymail.com,Transgender,United States,Michigan,Flint,300239,Single,Postgraduate Degree
5013,Jonas Mcfadden,1724403955000,jonasmcfadden@ymail.com,Transgender,United States,Ohio,Toledo,295782,Single,Postgraduate Degree
5014,Sophia Berger,1732979105000,sophiaberger7991@yahoomail.com,Transgender,India,West Bengal,Krishnanagar,632058,Common Law,Master's Degree
5015,Carson Bryan,1700260265000,carsonbryan8664@yahoomail.com,Female,United States,Michigan,Lansing,511923,Single,Bachelor's Degree
5016,Rajah Knight,1740405996000,rajahknight@ymail.com,Female,India,Mizoram,Aizwal,708761,Divorced,Bachelor's Degree
5017,Charity Sanford,1726436681000,charitysanford@gmail.com,Female,India,Karnataka,Bidar,350172,Divorced,Postgraduate Degree
5018,Elaine Dennis,1690409234000,elainedennis@ymail.com,Male,India,Pondicherry,Pondicherry,680387,Common Law,Master's Degree
5019,Ella Rich,1707578819000,ellarich1247@yahoomail.com,Transgender,India,Himachal Pradesh,Shimla,102533,Married,Bachelor's Degree
5020,Acton Vaughn,1698891660000,actonvaughn941@gmail.com,Male,United States,Vermont,South Burlington,702983,Single,Bachelor's Degree
5021,Portia Mcmahon,1728903880000,portiamcmahon7933@yahoomail.com,Female,United States,Iowa,Iowa City,294160,Single,Bachelor's Degree
5022,Ryan Mccoy,1733164470000,ryanmccoy@yahoomail.com,Transgender,United States,Illinois,Joliet,757271,Divorced,Master's Degree
5023,Wade Gray,1696058015000,wadegray@yahoomail.com,Male,United States,Iowa,Cedar Rapids,477552,Married,Bachelor's Degree
5024,Lana Castaneda,1720732539000,lanacastaneda7208@gmail.com,Female,India,Jharkhand,Purnea,787682,Single,Bachelor's Degree
5025,Stacy Good,1709285355000,stacygood80@ymail.com,Female,United States,Virginia,Virginia Beach,846205,Common Law,Postgraduate Degree
5026,Serena Thompson,1683730759000,serenathompson@yahoomail.com,Female,United States,Maryland,Gaithersburg,863449,Single,Master's Degree
5027,Keegan Mcbride,1733089023000,keeganmcbride@ymail.com,Female,United States,Louisiana,Lafayette,196347,Single,Master's Degree
5028,Gisela Pena,1680410161000,giselapena3188@gmail.com,Male,India,Sikkim,Gangtok,963421,Divorced,Master's Degree
5029,Kylan Tanner,1704589860000,kylantanner4639@yahoomail.com,Male,India,Jharkhand,Jamshedpur,961355,Common Law,Master's Degree
5030,Bradley Klein,1734082951000,bradleyklein@gmail.com,Male,United States,Connecticut,Waterbury,245681,Married,Bachelor's Degree
5031,Meredith Wynn,1723963359000,meredithwynn3721@yahoomail.com,Female,India,Tamil Nadu,Dindigul,441011,Common Law,Postgraduate Degree
5032,Cedric Holland,1696681217000,cedricholland8541@ymail.com,Female,India,Karnataka,Bellary,136396,Common Law,Bachelor's Degree
5033,Deanna Dunlap,1714453660000,deannadunlap6741@ymail.com,Transgender,India,Gujarat,Morvi,219533,Divorced,Master's Degree
5034,Shaeleigh Austin,1734017240000,shaeleighaustin7544@ymail.com,Female,India,Uttarakhand,Haridwar,515735,Single,Bachelor's Degree
5035,Odessa Lowe,1686807358000,odessalowe@gmail.com,Transgender,United States,Mississippi,Jackson,774669,Married,Master's Degree
5036,Pascale Rollins,1684039548000,pascalerollins1745@gmail.com,Male,India,Maharastra,Ahmadnagar,429472,Married,Bachelor's Degree
5037,Maxine Combs,1702125962000,maxinecombs2594@ymail.com,Female,India,Bihar,Arrah,787433,Single,Master's Degree
5038,Tucker Cross,1722086512000,tuckercross@gmail.com,Transgender,India,Jharkhand,Dhanbad,153746,Single,Postgraduate Degree
5039,Matthew Oliver,1709721054000,matthewoliver@ymail.com,Transgender,United States,Delaware,Wilmington,739773,Single,Postgraduate Degree
5040,Hayfa Patterson,1691949580000,hayfapatterson@ymail.com,Transgender,United States,Missouri,Jefferson City,333780,Single,Master's Degree
5041,Wayne Dotson,1731181947000,waynedotson@yahoomail.com,Male,India,Himachal Pradesh,Shimla,221503,Single,Postgraduate Degree
5042,Sharon O'connor,1739479548000,sharonoconnor@gmail.com,Male,India,Meghalaya,Shillong,170221,Divorced,Bachelor's Degree
5043,Brooke Ochoa,1725914498000,brookeochoa@gmail.com,Female,India,Assam,Guwahati,602590,Married,Bachelor's Degree
5044,Yuli Glover,1682172162000,yuliglover6729@gmail.com,Transgender,United States,Illinois,Chicago,695529,Divorced,Bachelor's Degree
5045,Maryam Stevenson,1696563709000,maryamstevenson@yahoomail.com,Transgender,India,Uttar Pradesh,Varanasi,714284,Single,Postgraduate Degree
5046,Noel Mayer,1690617052000,noelmayer2146@yahoomail.com,Female,United States,Montana,Missoula,466542,Common Law,Master's Degree
5047,Lionel Soto,1703625051000,lionelsoto8340@yahoomail.com,Male,United States,Maryland,Columbia,954606,Common Law,Bachelor's Degree
5048,Angela Short,1699658671000,angelashort@ymail.com,Male,India,Daman and Diu,Daman,435163,Married,Master's Degree
5049,Zephania Chaney,1730672119000,zephaniachaney9736@ymail.com,Transgender,United States,Louisiana,New Orleans,979369,Divorced,Master's Degree
5050,Amethyst Salazar,1695898884000,amethystsalazar9806@ymail.com,Transgender,India,Delhi,Delhi,199917,Common Law,Master's Degree
5051,Briar Dean,1703794498000,briardean@gmail.com,Male,India,Sikkim,Gangtok,330830,Married,Master's Degree
5052,Jolene Morton,1719953012000,jolenemorton@yahoomail.com,Transgender,India,Tamil Nadu,Vellore,313990,Single,Postgraduate Degree
5053,Kristen Campos,1725310561000,kristencampos7399@yahoomail.com,Female,United States,Oregon,Eugene,457613,Divorced,Postgraduate Degree
5054,Elton Campbell,1701649138000,eltoncampbell1789@ymail.com,Transgender,India,Bihar,Dehri,226319,Common Law,Bachelor's Degree
5055,Sybil Sawyer,1730467526000,sybilsawyer@ymail.com,Female,India,Arunachal Pradesh,Itanagar,921762,Single,Bachelor's Degree
5056,Baker Saunders,1713257228000,bakersaunders1971@yahoomail.com,Female,India,Assam,Guwahati,394449,Single,Master's Degree
5057,Dawn Ward,1713981627000,dawnward@yahoomail.com,Male,United States,Minnesota,Saint Paul,587603,Single,Master's Degree
5058,Macon Whitfield,1709989901000,maconwhitfield6786@ymail.com,Female,India,Maharastra,Ichalkaranji,980623,Single,Postgraduate Degree
5059,Addison Alvarado,1693129060000,addisonalvarado@yahoomail.com,Female,United States,Alabama,Birmingham,502614,Common Law,Postgraduate Degree
5060,Caldwell Hood,1705325370000,caldwellhood6049@gmail.com,Female,United States,Mississippi,Gulfport,867715,Single,Postgraduate Degree
5061,Hiram Bell,1717067476000,hirambell4854@yahoomail.com,Transgender,India,Gujarat,Surat,828564,Single,Postgraduate Degree
5062,Jessica Swanson,1697609104000,jessicaswanson3151@yahoomail.com,Female,India,Lakshadweep,Kavaratti,712231,Single,Bachelor's Degree
5063,Garrison Hickman,1711209258000,garrisonhickman9405@gmail.com,Female,United States,Pennsylvania,Reading,677487,Common Law,Postgraduate Degree
5064,Lyle Welch,1740965303000,lylewelch@ymail.com,Male,India,Andhra Pradesh,Karimnagar,778124,Single,Master's Degree
5065,Gage Reyes,1692812096000,gagereyes@gmail.com,Female,United States,Illinois,Springfield,684677,Single,Bachelor's Degree
5066,Igor Forbes,1724348511000,igorforbes4923@ymail.com,Transgender,India,Tripura,Agartala,720265,Divorced,Bachelor's Degree
5067,Trevor Pittman,1697205561000,trevorpittman@ymail.com,Transgender,United States,Idaho,Idaho Falls,978211,Single,Master's Degree
5068,Orla Dotson,1717011404000,orladotson7978@ymail.com,Transgender,United States,Oregon,Portland,213770,Divorced,Postgraduate Degree
5069,Brenda Witt,1730955628000,brendawitt@yahoomail.com,Male,United States,Oklahoma,Oklahoma City,597390,Married,Bachelor's Degree
5070,Melodie Parks,1695537305000,melodieparks6933@gmail.com,Female,India,Madhya Pradesh,Chhindwara,714457,Married,Master's Degree
5071,Ferris Dominguez,1693391832000,ferrisdominguez9411@yahoomail.com,Female,United States,Illinois,Aurora,854332,Single,Master's Degree
5072,Matthew Ramirez,1717549990000,matthewramirez9425@ymail.com,Male,United States,Nevada,Las Vegas,876946,Divorced,Master's Degree
5073,Raja Grant,1706823938000,rajagrant9915@ymail.com,Female,India,Gujarat,Godhra,631431,Married,Master's Degree
5074,Brittany Butler,1688008963000,brittanybutler@ymail.com,Female,India,Uttarakhand,Dehradun,306106,Common Law,Master's Degree
5075,Sigourney Galloway,1741719097000,sigourneygalloway1888@yahoomail.com,Male,India,Arunachal Pradesh,Itanagar,258743,Common Law,Postgraduate Degree
5076,Abraham Franco,1729866081000,abrahamfranco2042@ymail.com,Transgender,India,Maharastra,Jalna,760986,Single,Postgraduate Degree
5077,Theodore Hawkins,1737067098000,theodorehawkins2735@gmail.com,Female,India,Manipur,Imphal,230691,Single,Bachelor's Degree
5078,Scarlet Holt,1684472036000,scarletholt2628@ymail.com,Female,United States,Hawaii,Kaneohe,201529,Common Law,Master's Degree
5079,Alexis Dixon,1731783118000,alexisdixon9436@ymail.com,Transgender,United States,Kentucky,Covington,721124,Divorced,Postgraduate Degree
5080,Christopher Duke,1694756658000,christopherduke@gmail.com,Female,United States,Arizona,Chandler,654872,Common Law,Master's Degree
5081,Charissa Wiley,1698793268000,charissawiley40@ymail.com,Transgender,India,Pondicherry,Pondicherry,191162,Married,Bachelor's Degree
5082,Veda Vaughan,1742095888000,vedavaughan4419@yahoomail.com,Transgender,United States,Hawaii,Kapolei,947017,Divorced,Master's Degree
5083,Wang Mcconnell,1741814902000,wangmcconnell@gmail.com,Female,United States,Virginia,Richmond,136976,Common Law,Bachelor's Degree
5084,Hasad Beard,1718111403000,hasadbeard@ymail.com,Male,India,Lakshadweep,Kavaratti,865054,Common Law,Postgraduate Degree
5085,Shafira Cross,1733318555000,shafiracross9890@gmail.com,Transgender,India,Tripura,Agartala,207638,Common Law,Bachelor's Degree
5086,Venus Hutchinson,1683172248000,venushutchinson5638@ymail.com,Male,India,Maharastra,Bhir,565182,Divorced,Bachelor's Degree
5087,Preston Clay,1688249804000,prestonclay6069@ymail.com,Female,India,Himachal Pradesh,Shimla,283105,Divorced,Master's Degree
5088,Melanie Thompson,1728057342000,melaniethompson8175@yahoomail.com,Male,United States,Nebraska,Lincoln,528506,Single,Postgraduate Degree
5089,Austin Ray,1742537751000,austinray@ymail.com,Transgender,India,Chandigarh,Chandigarh,639955,Common Law,Master's Degree
5090,Cecilia Booth,1741666635000,ceciliabooth@yahoomail.com,Male,United States,Oklahoma,Tulsa,141517,Married,Bachelor's Degree
5091,MacKenzie Mcfarland,1710374057000,mackenziemcfarland@yahoomail.com,Female,United States,Oregon,Eugene,678315,Divorced,Bachelor's Degree
5092,Holmes Cotton,1721832573000,holmescotton@gmail.com,Female,United States,Georgia,Georgia,901137,Divorced,Master's Degree
5093,Hedley Solomon,1741454845000,hedleysolomon7539@yahoomail.com,Male,United States,Illinois,Naperville,390605,Common Law,Postgraduate Degree
5094,Laura Noel,1697628125000,lauranoel@ymail.com,Transgender,United States,Kansas,Kansas City,455489,Married,Postgraduate Degree
5095,Katell Barnes,1736985502000,katellbarnes@gmail.com,Transgender,United States,Pennsylvania,Erie,383559,Divorced,Master's Degree
5096,Desiree Elliott,1739903941000,desireeelliott2603@yahoomail.com,Male,United States,Wisconsin,Kenosha,629285,Married,Bachelor's Degree
5097,Dalton Maldonado,1698482262000,daltonmaldonado1402@ymail.com,Transgender,United States,Louisiana,Shreveport,502866,Single,Master's Degree
5098,Xantha Edwards,1684269455000,xanthaedwards@ymail.com,Transgender,United States,Arizona,Chandler,357393,Common Law,Bachelor's Degree
5099,Alan Wilkins,1709299371000,alanwilkins@ymail.com,Female,United States,Idaho,Idaho Falls,494646,Divorced,Bachelor's Degree
5100,Laith Delacruz,1697676725000,laithdelacruz6638@yahoomail.com,Transgender,United States,Pennsylvania,Reading,367120,Married,Master's Degree
5101,Phoebe Dillard,1740083769000,phoebedillard3892@gmail.com,Female,United States,Illinois,Naperville,298370,Common Law,Bachelor's Degree
5102,Iona Mcfarland,1711503435000,ionamcfarland@yahoomail.com,Male,United States,Kentucky,Covington,506662,Single,Master's Degree
5103,Baker Blankenship,1726422519000,bakerblankenship@ymail.com,Transgender,India,Andaman and Nicobar Islands,Port Blair,611982,Married,Postgraduate Degree
5104,Uriel Solomon,1707841130000,urielsolomon1336@yahoomail.com,Transgender,India,Odisha,Puri,717926,Divorced,Master's Degree
5105,Jamalia Boone,1698778690000,jamaliaboone@ymail.com,Male,United States,Michigan,Flint,599968,Married,Postgraduate Degree
5106,Joseph Clayton,1715413821000,josephclayton9699@yahoomail.com,Female,India,Lakshadweep,Kavaratti,397102,Divorced,Bachelor's Degree
5107,Karen Paul,1681505572000,karenpaul@gmail.com,Transgender,United States,Arkansas,Fort Smith,546532,Divorced,Postgraduate Degree
5108,Angela Mathews,1729511418000,angelamathews@gmail.com,Female,United States,Alaska,Fairbanks,524533,Common Law,Master's Degree
5109,Maya Petersen,1708664140000,mayapetersen@ymail.com,Male,United States,Idaho,Idaho Falls,196397,Divorced,Master's Degree
5110,Samuel Rodriguez,1689834467000,samuelrodriguez981@gmail.com,Transgender,United States,Kansas,Wichita,276571,Single,Master's Degree
5111,Lee Blankenship,1729741855000,leeblankenship923@yahoomail.com,Transgender,India,Nagaland,Kohima,380018,Married,Postgraduate Degree
5112,Luke Barber,1717866172000,lukebarber392@gmail.com,Male,India,Odisha,Sambalpur,989374,Single,Master's Degree
5113,Medge Nichols,1706347570000,medgenichols@yahoomail.com,Male,India,Arunachal Pradesh,Itanagar,708244,Single,Postgraduate Degree
5114,Grady Heath,1689989997000,gradyheath@yahoomail.com,Transgender,United States,Alabama,Mobile,412494,Married,Bachelor's Degree
5115,Karen Hodge,1694446073000,karenhodge9211@ymail.com,Male,India,Chandigarh,Chandigarh,267443,Divorced,Bachelor's Degree
5116,David Carver,1715157712000,davidcarver@ymail.com,Male,United States,Hawaii,Kailua,434264,Married,Bachelor's Degree
5117,Sacha Shields,1739610940000,sachashields9834@yahoomail.com,Transgender,United States,Wyoming,Wyoming,119289,Divorced,Postgraduate Degree
5118,Philip Fitzpatrick,1684606205000,philipfitzpatrick4472@gmail.com,Female,United States,Wyoming,Gillette,990145,Divorced,Postgraduate Degree
5119,Lavinia Sears,1696163620000,laviniasears3333@ymail.com,Male,India,Uttarakhand,Dehradun,849488,Divorced,Postgraduate Degree
5120,Vera Burks,1685351702000,veraburks731@ymail.com,Female,India,Sikkim,Gangtok,252394,Married,Postgraduate Degree
5121,Jason Pitts,1722550868000,jasonpitts3058@ymail.com,Transgender,India,Rajasthan,Pali,175810,Married,Bachelor's Degree
5122,Kiara Levy,1738089421000,kiaralevy@yahoomail.com,Transgender,India,Tripura,Agartala,655125,Married,Bachelor's Degree
5123,Lance Tillman,1730277074000,lancetillman4749@gmail.com,Female,United States,Hawaii,Hilo,154473,Common Law,Postgraduate Degree
5124,Devin Gamble,1724212718000,devingamble@ymail.com,Male,India,Dadra and Nagar Haveli,Silvassa,479606,Single,Postgraduate Degree
5125,Eleanor Frazier,1719219390000,eleanorfrazier@yahoomail.com,Transgender,India,Dadra and Nagar Haveli,Silvassa,766247,Single,Postgraduate Degree
5126,Cheyenne Cox,1680291159000,cheyennecox@yahoomail.com,Transgender,India,Jharkhand,Bokaro Steel City,155586,Common Law,Bachelor's Degree
5127,Walker Bonner,1719044310000,walkerbonner@yahoomail.com,Female,India,Kerala,Cochin,340302,Common Law,Master's Degree
5128,Dolan Mosley,1701539714000,dolanmosley7697@yahoomail.com,Female,United States,Michigan,Warren,614162,Married,Master's Degree
5129,Aaron Barlow,1711559159000,aaronbarlow876@yahoomail.com,Female,India,Andhra Pradesh,Malkajgiri,947329,Divorced,Postgraduate Degree
5130,Deanna Britt,1739076691000,deannabritt@ymail.com,Female,India,Tripura,Agartala,733882,Common Law,Bachelor's Degree
5131,Russell Bond,1699068090000,russellbond9036@yahoomail.com,Male,India,Jharkhand,Mango,987459,Married,Master's Degree
5132,Hollee Grimes,1732879676000,holleegrimes7234@ymail.com,Transgender,United States,Indiana,Indianapolis,751685,Married,Postgraduate Degree
5133,Hayley Short,1703454161000,hayleyshort2269@gmail.com,Male,United States,Colorado,Lakewood,998540,Divorced,Postgraduate Degree
5134,Noah Wooten,1730310064000,noahwooten@yahoomail.com,Female,United States,Kansas,Topeka,964963,Divorced,Master's Degree
5135,Leandra Murray,1681778801000,leandramurray7151@yahoomail.com,Transgender,United States,Georgia,Savannah,361325,Divorced,Master's Degree
5136,Conan James,1726080378000,conanjames@ymail.com,Male,India,Manipur,Imphal,943766,Divorced,Master's Degree
5137,Abdul Mclean,1716546573000,abdulmclean@yahoomail.com,Male,United States,Kentucky,Owensboro,120978,Divorced,Master's Degree
5138,Aristotle Pitts,1713515201000,aristotlepitts1702@ymail.com,Transgender,United States,Maine,Augusta,701530,Single,Postgraduate Degree
5139,Mira Sheppard,1721708499000,mirasheppard@yahoomail.com,Female,United States,Idaho,Idaho Falls,629246,Divorced,Postgraduate Degree
5140,Angela Kline,1680622092000,angelakline6755@yahoomail.com,Male,India,Uttar Pradesh,Kanpur,732608,Married,Postgraduate Degree
5141,Zorita Hopper,1711069332000,zoritahopper@yahoomail.com,Transgender,India,Manipur,Imphal,906133,Single,Postgraduate Degree
5142,Emerson Snyder,1704436308000,emersonsnyder@gmail.com,Female,United States,Illinois,Rockford,842285,Divorced,Postgraduate Degree
5143,Jasper Rivas,1695387460000,jasperrivas@ymail.com,Male,India,Maharastra,Jalna,557433,Divorced,Postgraduate Degree
5144,Zeph Daniel,1717398755000,zephdaniel@yahoomail.com,Male,India,Meghalaya,Shillong,223258,Divorced,Bachelor's Degree
5145,Norman Miles,1728644613000,normanmiles9233@yahoomail.com,Female,India,Jammu and Kashmir,Srinagar,263164,Common Law,Master's Degree
5146,Hillary Dorsey,1680957340000,hillarydorsey@ymail.com,Female,India,Kerala,Thalassery,492728,Divorced,Postgraduate Degree
5147,Mikayla Callahan,1697756484000,mikaylacallahan@gmail.com,Transgender,India,Kerala,Trivandrum,717041,Married,Master's Degree
5148,Alika Good,1709870774000,alikagood6434@ymail.com,Female,United States,Hawaii,Kaneohe,252088,Single,Master's Degree
5149,Brandon Francis,1727028733000,brandonfrancis6698@ymail.com,Transgender,United States,Florida,Miami,804093,Single,Postgraduate Degree
5150,Abra Rodgers,1693267175000,abrarodgers4541@ymail.com,Female,United States,Colorado,Fort Collins,786477,Common Law,Postgraduate Degree
5151,Price Fletcher,1725858848000,pricefletcher141@yahoomail.com,Female,United States,Arkansas,Fort Smith,803405,Divorced,Postgraduate Degree
5152,Leo Love,1726525743000,leolove4162@yahoomail.com,Female,United States,Alaska,Ketchikan,981153,Divorced,Bachelor's Degree
5153,Camden Huffman,1711008080000,camdenhuffman3585@yahoomail.com,Transgender,United States,Alabama,Tuscaloosa,965883,Divorced,Bachelor's Degree
5154,Rose Dean,1720557256000,rosedean@ymail.com,Transgender,United States,Minnesota,Rochester,935036,Divorced,Master's Degree
5155,Grady Young,1698774987000,gradyyoung647@gmail.com,Male,India,Chandigarh,Chandigarh,199571,Common Law,Master's Degree
5156,Harrison Brennan,1695969483000,harrisonbrennan@ymail.com,Female,United States,Connecticut,Bridgeport,983610,Divorced,Master's Degree
5157,Rhona Dotson,1740699498000,rhonadotson@yahoomail.com,Male,India,Uttarakhand,Dehradun,527897,Divorced,Bachelor's Degree
5158,Penelope Vaughn,1738669453000,penelopevaughn3026@gmail.com,Male,India,Himachal Pradesh,Shimla,775168,Single,Bachelor's Degree
5159,Desiree Peters,1700512460000,desireepeters3511@ymail.com,Female,India,Nagaland,Kohima,489245,Single,Master's Degree
5160,Meghan Marks,1709728908000,meghanmarks7606@gmail.com,Female,United States,Tennessee,Chattanooga,138155,Married,Postgraduate Degree
5161,Nyssa Farmer,1740746674000,nyssafarmer6722@gmail.com,Male,United States,Wisconsin,Kenosha,447184,Married,Bachelor's Degree
5162,Ignacia Stephenson,1702198659000,ignaciastephenson3624@gmail.com,Transgender,India,Madhya Pradesh,Mandasor,146242,Single,Bachelor's Degree
5163,Yoko Villarreal,1695529815000,yokovillarreal3664@gmail.com,Male,United States,Oregon,Gresham,729782,Single,Bachelor's Degree
5164,Merrill Lawson,1715223413000,merrilllawson@gmail.com,Transgender,United States,Tennessee,Chattanooga,897844,Divorced,Postgraduate Degree
5165,Leo Craft,1727041137000,leocraft7117@ymail.com,Female,United States,Texas,Fort Worth,522386,Divorced,Master's Degree
5166,Lucian Tate,1735881111000,luciantate4532@gmail.com,Female,United States,Florida,Orlando,460325,Married,Postgraduate Degree
5167,Karen Martinez,1694312635000,karenmartinez@ymail.com,Male,India,Bihar,Patna,139818,Common Law,Bachelor's Degree
5168,Benedict Burnett,1704423498000,benedictburnett6057@yahoomail.com,Male,India,Jharkhand,Mango,557704,Divorced,Bachelor's Degree
5169,Caesar Lewis,1720083306000,caesarlewis5629@ymail.com,Male,India,Manipur,Imphal,752974,Single,Postgraduate Degree
5170,Eaton Evans,1699472765000,eatonevans@gmail.com,Female,India,Uttar Pradesh,Sambhal,131971,Single,Bachelor's Degree
5171,Hedy Sims,1697894184000,hedysims@ymail.com,Male,India,Madhya Pradesh,Burhanpur,306115,Single,Master's Degree
5172,Tad Norton,1685828118000,tadnorton@ymail.com,Female,United States,Washington,Olympia,183429,Single,Master's Degree
5173,Kennedy Rush,1728800955000,kennedyrush9177@ymail.com,Transgender,United States,Delaware,Dover,970570,Married,Master's Degree
5174,Amy Newton,1725929608000,amynewton9983@yahoomail.com,Transgender,United States,Alabama,Tuscaloosa,502258,Divorced,Bachelor's Degree
5175,Rhea Kelley,1741331477000,rheakelley6810@gmail.com,Female,India,Karnataka,Belgaum,175571,Married,Postgraduate Degree
5176,Raymond Kim,1725518503000,raymondkim3835@yahoomail.com,Female,United States,Tennessee,Chattanooga,942070,Common Law,Postgraduate Degree
5177,Raymond Dawson,1701448510000,raymonddawson7691@gmail.com,Male,United States,California,San Jose,211414,Common Law,Bachelor's Degree
5178,Noah Orr,1704669637000,noahorr@gmail.com,Transgender,India,Meghalaya,Shillong,344778,Divorced,Postgraduate Degree
5179,Astra Calderon,1689866326000,astracalderon@gmail.com,Female,United States,Tennessee,Knoxville,143061,Divorced,Master's Degree
5180,Tashya Foreman,1737217889000,tashyaforeman953@gmail.com,Female,United States,Nebraska,Omaha,261706,Married,Master's Degree
5181,Steel Sherman,1740353260000,steelsherman3641@gmail.com,Female,India,Haryana,Bhiwani,623615,Married,Postgraduate Degree
5182,Forrest Byers,1688036786000,forrestbyers@gmail.com,Female,United States,Indiana,Indianapolis,538107,Married,Bachelor's Degree
5183,Myles Wood,1741079521000,myleswood@ymail.com,Female,United States,Michigan,Grand Rapids,154714,Married,Master's Degree
5184,Gavin Burgess,1718872627000,gavinburgess1037@gmail.com,Male,United States,Idaho,Boise,493049,Common Law,Master's Degree
5185,Kennedy Durham,1688164449000,kennedydurham@ymail.com,Male,India,Dadra and Nagar Haveli,Silvassa,672683,Single,Bachelor's Degree
5186,Castor Navarro,1689201905000,castornavarro@yahoomail.com,Male,India,Manipur,Imphal,839592,Common Law,Postgraduate Degree
5187,Boris Massey,1683763986000,borismassey6886@yahoomail.com,Male,United States,Connecticut,Hartford,697956,Married,Master's Degree
5188,Hiram Foley,1708801196000,hiramfoley6559@gmail.com,Female,United States,California,San Jose,561534,Common Law,Postgraduate Degree
5189,Zane Hooper,1718061020000,zanehooper3316@gmail.com,Male,United States,Colorado,Fort Collins,470278,Common Law,Master's Degree
5190,Mari Cannon,1721234571000,maricannon7226@gmail.com,Male,United States,Connecticut,New Haven,723626,Divorced,Postgraduate Degree
5191,Kelsey Holcomb,1742605525000,kelseyholcomb9169@gmail.com,Female,India,Jammu and Kashmir,Srinagar,727950,Common Law,Bachelor's Degree
5192,Gage Velasquez,1733287375000,gagevelasquez@gmail.com,Female,India,Tamil Nadu,Tirunelveli,639006,Common Law,Bachelor's Degree
5193,Griffin Alvarez,1692008258000,griffinalvarez2230@gmail.com,Female,United States,Vermont,Montpelier,306574,Married,Bachelor's Degree
5194,Julie Bowman,1704351242000,juliebowman@yahoomail.com,Transgender,United States,Idaho,Pocatello,973486,Divorced,Master's Degree
5195,Dana Abbott,1731442490000,danaabbott3657@ymail.com,Female,United States,Ohio,Toledo,397553,Divorced,Postgraduate Degree
5196,Lester Barrera,1702014340000,lesterbarrera@gmail.com,Male,United States,Florida,Orlando,262345,Single,Postgraduate Degree
5197,Jelani Craig,1716879681000,jelanicraig@gmail.com,Transgender,India,Tamil Nadu,Kanchipuram,767193,Common Law,Master's Degree
5198,Adele Salazar,1721047625000,adelesalazar1104@ymail.com,Female,United States,Florida,Tallahassee,616052,Divorced,Postgraduate Degree
5199,Rama Mendez,1714969411000,ramamendez8025@yahoomail.com,Transgender,United States,Georgia,Savannah,671213,Divorced,Postgraduate Degree
5200,Troy Jordan,1708632651000,troyjordan3670@yahoomail.com,Transgender,United States,Mississippi,Biloxi,869156,Common Law,Master's Degree
5201,Cassady Garza,1739644156000,cassadygarza2008@yahoomail.com,Female,India,Uttar Pradesh,Fatehpur,902992,Divorced,Postgraduate Degree
5202,Grady Howell,1706870672000,gradyhowell@gmail.com,Transgender,India,Madhya Pradesh,Gwalior,278082,Divorced,Postgraduate Degree
5203,Dora Wong,1733779059000,dorawong281@gmail.com,Male,United States,Washington,Olympia,705179,Single,Master's Degree
5204,Haviva Gutierrez,1738902899000,havivagutierrez@yahoomail.com,Transgender,India,Meghalaya,Shillong,409563,Divorced,Bachelor's Degree
5205,Ulric Burks,1694226085000,ulricburks@yahoomail.com,Female,India,Gujarat,Bhavnagar,278812,Married,Master's Degree
5206,Victor Dickerson,1726220358000,victordickerson@ymail.com,Female,India,Odisha,Brahmapur,564958,Divorced,Bachelor's Degree
5207,Bell Foster,1736151673000,bellfoster@gmail.com,Transgender,United States,Missouri,Springfield,287414,Divorced,Master's Degree
5208,Flynn Conrad,1735594946000,flynnconrad@gmail.com,Female,India,Jharkhand,Jamshedpur,625536,Divorced,Master's Degree
5209,Maris Dominguez,1742732309000,marisdominguez2652@gmail.com,Female,United States,Kansas,Kansas City,773060,Single,Postgraduate Degree
5210,Naomi Garcia,1694009422000,naomigarcia8108@gmail.com,Female,India,Meghalaya,Shillong,396324,Common Law,Bachelor's Degree
5211,Candace Fitzgerald,1698667531000,candacefitzgerald7345@yahoomail.com,Transgender,India,Odisha,Puri,675858,Common Law,Master's Degree
5212,Sebastian Morris,1697673022000,sebastianmorris2192@yahoomail.com,Female,United States,Connecticut,Waterbury,455784,Common Law,Postgraduate Degree
5213,Ralph George,1683721017000,ralphgeorge@gmail.com,Male,United States,Florida,Tampa,552293,Married,Postgraduate Degree
5214,Thomas Gross,1734705506000,thomasgross@gmail.com,Transgender,United States,Kansas,Wichita,387342,Married,Bachelor's Degree
5215,Honorato Newton,1731393073000,honoratonewton5296@gmail.com,Transgender,India,Chandigarh,Chandigarh,784268,Married,Master's Degree
5216,Lisandra Klein,1719790574000,lisandraklein7004@yahoomail.com,Female,India,Daman and Diu,Daman,945659,Single,Postgraduate Degree
5217,Uriel Harvey,1714754149000,urielharvey@yahoomail.com,Male,India,Goa,Panjim,662551,Single,Postgraduate Degree
5218,Vernon English,1716183059000,vernonenglish@gmail.com,Female,India,Chandigarh,Chandigarh,613223,Single,Bachelor's Degree
5219,Ava Carey,1737888370000,avacarey2011@ymail.com,Female,United States,Nebraska,Lincoln,978740,Divorced,Bachelor's Degree
5220,Angelica Larson,1716683833000,angelicalarson@gmail.com,Female,United States,Connecticut,New Haven,229550,Single,Bachelor's Degree
5221,Quynn Vaughan,1711072984000,quynnvaughan@yahoomail.com,Female,United States,Alaska,Fairbanks,666517,Divorced,Bachelor's Degree
5222,Petra Montgomery,1684283288000,petramontgomery@yahoomail.com,Transgender,India,West Bengal,Ashoknagar-Kalyangarh,626048,Single,Master's Degree
5223,Ulysses Farley,1707709096000,ulyssesfarley@yahoomail.com,Female,India,Bihar,Bhagalpur,883106,Single,Master's Degree
5224,Jeanette Delacruz,1702907230000,jeanettedelacruz@gmail.com,Transgender,United States,Wisconsin,Milwaukee,863364,Divorced,Postgraduate Degree
5225,Haley Garrett,1723258152000,haleygarrett886@ymail.com,Female,India,Himachal Pradesh,Shimla,496148,Married,Postgraduate Degree
5226,Jade Bruce,1701766188000,jadebruce6391@ymail.com,Female,United States,Pennsylvania,Philadelphia,134312,Common Law,Master's Degree
5227,Xena Wooten,1695579787000,xenawooten@ymail.com,Female,United States,Texas,Dallas,927268,Single,Master's Degree
5228,Emery Sosa,1710780360000,emerysosa@gmail.com,Transgender,India,Bihar,Gaya,862725,Divorced,Bachelor's Degree
5229,Serina Jensen,1731289176000,serinajensen2504@gmail.com,Male,United States,Iowa,Sioux City,168575,Divorced,Master's Degree
5230,Madison Wells,1707185537000,madisonwells7073@gmail.com,Male,United States,Montana,Butte,445532,Common Law,Postgraduate Degree
5231,Sheila Mcleod,1735840797000,sheilamcleod9525@gmail.com,Female,United States,Illinois,Naperville,141319,Divorced,Master's Degree
5232,Mariam Long,1712107539000,mariamlong4668@yahoomail.com,Transgender,United States,California,San Diego,120900,Divorced,Bachelor's Degree
5233,Imogene England,1722285595000,imogeneengland@gmail.com,Male,United States,Massachusetts,Boston,472114,Common Law,Master's Degree
5234,Anthony Ford,1681347766000,anthonyford2541@yahoomail.com,Transgender,United States,Texas,Dallas,503453,Single,Master's Degree
5235,Mason Avery,1719779019000,masonavery1842@gmail.com,Transgender,India,Pondicherry,Pondicherry,386018,Divorced,Bachelor's Degree
5236,Sydney Garrison,1713795459000,sydneygarrison688@yahoomail.com,Transgender,India,Andaman and Nicobar Islands,Port Blair,103095,Single,Master's Degree
5237,Jerome Monroe,1683973499000,jeromemonroe@gmail.com,Female,India,Odisha,Sambalpur,763398,Single,Postgraduate Degree
5238,Kasper Peck,1741149536000,kasperpeck7277@ymail.com,Male,India,Goa,Panjim,680824,Married,Bachelor's Degree
5239,Lisandra Browning,1721233855000,lisandrabrowning@yahoomail.com,Male,United States,Maryland,Baltimore,550174,Divorced,Bachelor's Degree
5240,Roth Best,1685458231000,rothbest@ymail.com,Male,United States,Michigan,Sterling Heights,161912,Common Law,Master's Degree
5241,Keegan Hester,1721015639000,keeganhester7313@yahoomail.com,Transgender,India,Bihar,Arrah,899272,Divorced,Master's Degree
5242,Brent Taylor,1731220127000,brenttaylor@gmail.com,Transgender,United States,Hawaii,Kapolei,511949,Common Law,Master's Degree
5243,Stuart Black,1717015286000,stuartblack1107@ymail.com,Female,India,Uttar Pradesh,Rampur,387450,Single,Postgraduate Degree
5244,Alden Colon,1693021226000,aldencolon2790@gmail.com,Transgender,India,Chhattisgarh,Raj Nandgaon,542331,Single,Postgraduate Degree
5245,Shay Guthrie,1734598758000,shayguthrie6461@ymail.com,Male,India,Odisha,Brahmapur,522643,Common Law,Master's Degree
5246,Lois French,1697893416000,loisfrench@gmail.com,Male,United States,Kentucky,Owensboro,537723,Divorced,Master's Degree
5247,Galvin Wong,1704213341000,galvinwong85@ymail.com,Female,United States,Wisconsin,Milwaukee,731640,Single,Master's Degree
5248,Yuri Gilmore,1725147957000,yurigilmore5376@gmail.com,Male,India,Delhi,Delhi,668183,Married,Postgraduate Degree
5249,Lynn Hess,1707202913000,lynnhess@gmail.com,Male,United States,Oklahoma,Oklahoma City,698235,Married,Master's Degree
5250,Ezra Wiley,1703434418000,ezrawiley@ymail.com,Male,India,Tamil Nadu,Tambaram,276922,Divorced,Postgraduate Degree
5251,Basil Morrison,1702376364000,basilmorrison4625@gmail.com,Transgender,United States,Connecticut,Waterbury,613723,Single,Postgraduate Degree
5252,Margaret Horne,1714115327000,margarethorne@ymail.com,Female,India,Chhattisgarh,Raipur,833715,Divorced,Master's Degree
5253,Ivan Valentine,1729195331000,ivanvalentine@yahoomail.com,Female,India,Pondicherry,Pondicherry,373716,Married,Master's Degree
5254,Marcia Singleton,1695519928000,marciasingleton4713@ymail.com,Female,United States,Arizona,Tucson,381272,Married,Master's Degree
5255,Ulysses Perez,1681394324000,ulyssesperez2304@gmail.com,Female,India,Arunachal Pradesh,Itanagar,518627,Married,Bachelor's Degree
5256,Simon Wade,1711202577000,simonwade2486@ymail.com,Transgender,India,Nagaland,Kohima,221049,Common Law,Postgraduate Degree
5257,Aphrodite Robinson,1683892842000,aphroditerobinson3775@ymail.com,Transgender,India,Pondicherry,Pondicherry,296396,Common Law,Postgraduate Degree
5258,Suki Boyer,1725402775000,sukiboyer@gmail.com,Female,United States,Connecticut,New Haven,284310,Married,Bachelor's Degree
5259,Alyssa French,1740067224000,alyssafrench@ymail.com,Male,India,Lakshadweep,Kavaratti,681339,Common Law,Postgraduate Degree
5260,Joel Gallegos,1704518156000,joelgallegos5010@yahoomail.com,Transgender,India,Dadra and Nagar Haveli,Silvassa,288315,Married,Master's Degree
5261,Cullen Rasmussen,1738107213000,cullenrasmussen@gmail.com,Male,India,Punjab,Kamalia,996311,Divorced,Postgraduate Degree
5262,Jaden Davis,1690142007000,jadendavis@yahoomail.com,Male,India,Madhya Pradesh,Sagar,776918,Common Law,Postgraduate Degree
5263,Boris Vasquez,1710589232000,borisvasquez@yahoomail.com,Female,United States,Massachusetts,Boston,989201,Divorced,Bachelor's Degree
5264,Chaney Ferrell,1739618939000,chaneyferrell@yahoomail.com,Transgender,India,Lakshadweep,Kavaratti,512584,Single,Postgraduate Degree
5265,Elton Randall,1701140908000,eltonrandall6950@yahoomail.com,Transgender,United States,Indiana,Fort Wayne,347143,Divorced,Master's Degree
5266,Maxwell James,1695202933000,maxwelljames@gmail.com,Female,India,Mizoram,Aizwal,843311,Common Law,Bachelor's Degree
5267,Paki Solomon,1709677096000,pakisolomon9147@ymail.com,Female,United States,Vermont,Burlington,672627,Common Law,Postgraduate Degree
5268,Miranda Hahn,1697303810000,mirandahahn456@yahoomail.com,Male,United States,Arkansas,Jonesboro,415446,Single,Bachelor's Degree
5269,Armand Talley,1726006066000,armandtalley6873@gmail.com,Female,United States,Wyoming,Cheyenne,319138,Married,Bachelor's Degree
5270,Penelope Steele,1727752620000,penelopesteele8302@gmail.com,Male,United States,Oklahoma,Norman,933707,Divorced,Bachelor's Degree
5271,Lynn Gates,1728793871000,lynngates@ymail.com,Female,India,Manipur,Imphal,294056,Common Law,Postgraduate Degree
5272,Leilani Wells,1718799620000,leilaniwells@gmail.com,Transgender,United States,Delaware,Bear,914251,Common Law,Postgraduate Degree
5273,Damian O'brien,1736083477000,damianobrien@ymail.com,Male,United States,Indiana,Gary,211569,Married,Bachelor's Degree
5274,Sybill Moreno,1698472360000,sybillmoreno@ymail.com,Male,India,Sikkim,Gangtok,582520,Divorced,Master's Degree
5275,Uta Frost,1707309879000,utafrost9374@gmail.com,Male,United States,Nevada,Carson City,269998,Married,Bachelor's Degree
5276,Natalie Griffith,1688834128000,nataliegriffith@yahoomail.com,Transgender,India,Jharkhand,Purulia,773294,Married,Bachelor's Degree
5277,Hakeem Reynolds,1727574349000,hakeemreynolds@gmail.com,Male,United States,Louisiana,Metairie,492176,Common Law,Master's Degree
5278,Harrison Stout,1705184391000,harrisonstout@yahoomail.com,Female,India,Uttarakhand,Haridwar,632128,Single,Master's Degree
5279,Keely Cook,1682475850000,keelycook1485@yahoomail.com,Male,India,Punjab,Sargodha,395091,Divorced,Postgraduate Degree
5280,Matthew Edwards,1719998347000,matthewedwards@gmail.com,Male,India,Andaman and Nicobar Islands,Port Blair,115034,Married,Master's Degree
5281,Medge Mckay,1730572370000,medgemckay@ymail.com,Female,India,Gujarat,Gandhidham,937370,Common Law,Postgraduate Degree
5282,Nola Miller,1699014611000,nolamiller@ymail.com,Female,India,Karnataka,Mysore,781919,Married,Bachelor's Degree
5283,Marshall Middleton,1682119807000,marshallmiddleton9754@gmail.com,Male,India,Arunachal Pradesh,Itanagar,413169,Single,Postgraduate Degree
5284,Aurora Harper,1686183748000,auroraharper5283@gmail.com,Male,India,Uttarakhand,Haridwar,126647,Married,Master's Degree
5285,Cherokee Blake,1712664596000,cherokeeblake1629@gmail.com,Female,United States,Kentucky,Frankfort,151563,Single,Master's Degree
5286,Austin Graham,1713630700000,austingraham@gmail.com,Male,United States,Louisiana,Metairie,346367,Common Law,Bachelor's Degree
5287,Vivien Rhodes,1741786590000,vivienrhodes2634@gmail.com,Male,India,Kerala,Trivandrum,584031,Married,Bachelor's Degree
5288,Eliana Garrison,1723267340000,elianagarrison3381@ymail.com,Transgender,United States,Maine,Lewiston,590873,Single,Bachelor's Degree
5289,Gavin Myers,1713094560000,gavinmyers2504@ymail.com,Male,India,Meghalaya,Shillong,138935,Married,Master's Degree
5290,Amber Woodward,1687343043000,amberwoodward532@ymail.com,Male,United States,Iowa,Cedar Rapids,554488,Common Law,Master's Degree
5291,Mira Mercer,1704770567000,miramercer2074@yahoomail.com,Female,United States,Utah,Sandy,391933,Common Law,Bachelor's Degree
5292,Reese Powell,1717621564000,reesepowell@yahoomail.com,Male,India,Assam,Dibrugarh,194406,Common Law,Postgraduate Degree
5293,Raya Ramirez,1689606684000,rayaramirez4531@yahoomail.com,Male,India,Madhya Pradesh,Jabalpur,175648,Common Law,Bachelor's Degree
5294,Faith Sawyer,1742935317000,faithsawyer8565@yahoomail.com,Male,India,Arunachal Pradesh,Itanagar,479534,Single,Postgraduate Degree
5295,Karly Wall,1703726065000,karlywall947@gmail.com,Transgender,United States,Connecticut,Stamford,823000,Married,Bachelor's Degree
5296,Uma Britt,1720482876000,umabritt6635@gmail.com,Male,India,Rajasthan,Jaipur,532993,Married,Postgraduate Degree
5297,Debra Whitfield,1681598353000,debrawhitfield4646@gmail.com,Transgender,United States,Wisconsin,Madison,578741,Single,Master's Degree
5298,Guinevere Erickson,1692379292000,guinevereerickson2381@gmail.com,Female,United States,Virginia,Chesapeake,860412,Divorced,Master's Degree
5299,Scott Finley,1715213187000,scottfinley@gmail.com,Male,India,Lakshadweep,Kavaratti,802702,Married,Bachelor's Degree
5300,Xantha Tyler,1706777032000,xanthatyler7689@yahoomail.com,Female,India,Dadra and Nagar Haveli,Silvassa,277951,Single,Postgraduate Degree
5301,Colton Wagner,1710781975000,coltonwagner6945@ymail.com,Transgender,India,Andaman and Nicobar Islands,Port Blair,676418,Single,Bachelor's Degree
5302,Ruby Dyer,1683115244000,rubydyer@gmail.com,Male,India,Pondicherry,Pondicherry,903077,Married,Bachelor's Degree
5303,Macy Sawyer,1685545765000,macysawyer738@gmail.com,Female,India,Haryana,Panipat,622812,Single,Master's Degree
5304,Roary Riddle,1736538167000,roaryriddle@gmail.com,Male,United States,Oregon,Portland,851398,Divorced,Master's Degree
5305,Dean Joyce,1705208259000,deanjoyce@gmail.com,Transgender,India,Bihar,Katihar,456792,Divorced,Bachelor's Degree
5306,Daryl Bruce,1722819890000,darylbruce@yahoomail.com,Transgender,India,Goa,Panjim,844520,Divorced,Master's Degree
5307,Jason Wood,1681341906000,jasonwood4360@ymail.com,Male,India,Kerala,Kozhikode,506441,Single,Bachelor's Degree
5308,Grant Logan,1686795608000,grantlogan@ymail.com,Female,India,Dadra and Nagar Haveli,Silvassa,412362,Married,Master's Degree
5309,Richard Jenkins,1721494251000,richardjenkins@yahoomail.com,Transgender,India,Delhi,Delhi,296503,Married,Postgraduate Degree
5310,Macaulay Reese,1702463826000,macaulayreese9396@gmail.com,Male,India,Madhya Pradesh,Burhanpur,773914,Single,Bachelor's Degree
5311,Josiah Mcbride,1681697971000,josiahmcbride@ymail.com,Transgender,India,Tripura,Agartala,247606,Married,Master's Degree
5312,Tanya Peters,1721770623000,tanyapeters2148@gmail.com,Female,United States,Montana,Missoula,884625,Married,Master's Degree
5313,Kasper Clemons,1701538383000,kasperclemons@gmail.com,Male,India,Madhya Pradesh,Ratlam,196580,Divorced,Master's Degree
5314,Vaughan Ellison,1718624951000,vaughanellison9703@gmail.com,Transgender,United States,Texas,Austin,104211,Married,Master's Degree
5315,Geraldine Mccullough,1687944462000,geraldinemccullough9342@yahoomail.com,Male,United States,Massachusetts,Worcester,540894,Single,Master's Degree
5316,Odysseus Reilly,1735953402000,odysseusreilly@gmail.com,Male,India,Tamil Nadu,Tiruchirapalli,211667,Common Law,Postgraduate Degree
5317,Angelica Buck,1720286850000,angelicabuck@yahoomail.com,Male,India,Meghalaya,Shillong,709984,Common Law,Postgraduate Degree
5318,Abel Chan,1719779673000,abelchan9768@yahoomail.com,Female,United States,Kentucky,Lexington,612860,Common Law,Postgraduate Degree
5319,Jolene Coleman,1730799118000,jolenecoleman598@ymail.com,Female,India,Uttarakhand,Haridwar,960355,Single,Master's Degree
5320,Gay Holmes,1715101788000,gayholmes313@yahoomail.com,Male,United States,Washington,Olympia,682978,Divorced,Master's Degree
5321,September Dillon,1693947762000,septemberdillon4723@gmail.com,Female,India,Uttar Pradesh,Sitapur,915105,Divorced,Master's Degree
5322,Francis Aguilar,1708073408000,francisaguilar2453@gmail.com,Transgender,India,Rajasthan,Bharatpur,627648,Divorced,Master's Degree
5323,Ross Harrison,1703408567000,rossharrison@yahoomail.com,Transgender,India,Andhra Pradesh,Adoni,557260,Single,Master's Degree
5324,Kennan Sargent,1682563770000,kennansargent@yahoomail.com,Male,India,Meghalaya,Shillong,442184,Single,Postgraduate Degree
5325,Amity Gentry,1701037746000,amitygentry@gmail.com,Transgender,India,Nagaland,Kohima,257823,Common Law,Bachelor's Degree
5326,Akeem Alvarez,1708972421000,akeemalvarez@gmail.com,Transgender,India,Karnataka,Mandya,264061,Common Law,Bachelor's Degree
5327,Grady Collins,1707890713000,gradycollins@gmail.com,Female,India,Arunachal Pradesh,Itanagar,573297,Common Law,Master's Degree
5328,Chandler Turner,1741425887000,chandlerturner3580@ymail.com,Female,India,Nagaland,Kohima,100149,Single,Bachelor's Degree
5329,Dieter Skinner,1695260983000,dieterskinner@ymail.com,Female,India,Jharkhand,Jamshedpur,898750,Married,Bachelor's Degree
5330,Tanek Hopper,1697305214000,tanekhopper@gmail.com,Transgender,India,Punjab,Chishtian Mandi,578180,Single,Master's Degree
5331,Kirsten Rocha,1710412008000,kirstenrocha6102@gmail.com,Transgender,India,Maharastra,Wardha,980107,Married,Postgraduate Degree
5332,Timothy Sims,1689609735000,timothysims@gmail.com,Female,United States,Missouri,Kansas City,743218,Divorced,Bachelor's Degree
5333,Wang Ewing,1709825697000,wangewing6840@yahoomail.com,Transgender,United States,Montana,Missoula,438189,Common Law,Bachelor's Degree
5334,Lara Atkinson,1710715422000,laraatkinson@ymail.com,Female,United States,Alaska,Juneau,347816,Common Law,Postgraduate Degree
5335,Veda Wagner,1739551970000,vedawagner@gmail.com,Female,United States,Mississippi,Southaven,875920,Single,Master's Degree
5336,Raja Camacho,1704707194000,rajacamacho2427@ymail.com,Male,United States,Kentucky,Lexington,165412,Common Law,Postgraduate Degree
5337,Ainsley Travis,1741682489000,ainsleytravis@gmail.com,Female,India,Tamil Nadu,Palayankottai,608813,Married,Postgraduate Degree
5338,Evelyn Petty,1724613367000,evelynpetty3820@ymail.com,Transgender,India,Punjab,Muridke,551393,Married,Postgraduate Degree
5339,Kennan Case,1699161517000,kennancase8990@yahoomail.com,Male,India,Sikkim,Gangtok,702812,Married,Master's Degree
5340,Zachary Leblanc,1724341734000,zacharyleblanc654@yahoomail.com,Male,India,Sikkim,Gangtok,197877,Divorced,Master's Degree
5341,Daphne Best,1698030619000,daphnebest@ymail.com,Transgender,India,Goa,Panjim,814200,Common Law,Postgraduate Degree
5342,Gwendolyn Tucker,1734799767000,gwendolyntucker@ymail.com,Female,India,Nagaland,Kohima,810002,Married,Postgraduate Degree
5343,Driscoll Crawford,1719712659000,driscollcrawford1190@ymail.com,Male,India,Uttar Pradesh,Banda,797025,Married,Master's Degree
5344,Lilah Sandoval,1682266390000,lilahsandoval@gmail.com,Male,United States,Wisconsin,Milwaukee,230706,Single,Postgraduate Degree
5345,Dawn Sharpe,1681297747000,dawnsharpe520@gmail.com,Female,United States,California,San Diego,734337,Common Law,Master's Degree
5346,Chastity Osborne,1705604129000,chastityosborne2937@gmail.com,Male,India,Punjab,Sadiqabad,612386,Married,Bachelor's Degree
5347,Callum Andrews,1737989489000,callumandrews@gmail.com,Transgender,India,Haryana,Gurgaon,752880,Common Law,Postgraduate Degree
5348,Rama Figueroa,1720522275000,ramafigueroa146@yahoomail.com,Male,India,Himachal Pradesh,Shimla,290981,Divorced,Bachelor's Degree
5349,Dominique Mccarty,1711461237000,dominiquemccarty8641@gmail.com,Female,India,Gujarat,Vadodara,141018,Divorced,Postgraduate Degree
5350,Madaline Walters,1719700908000,madalinewalters@ymail.com,Transgender,United States,Virginia,Norfolk,436861,Single,Master's Degree
5351,Gay Hood,1683594354000,gayhood23@yahoomail.com,Male,India,Pondicherry,Pondicherry,362089,Married,Bachelor's Degree
5352,Hasad Wilson,1729601956000,hasadwilson@yahoomail.com,Female,United States,Missouri,Springfield,328719,Divorced,Bachelor's Degree
5353,Chava Wilson,1680269638000,chavawilson5485@ymail.com,Male,India,Goa,Panjim,999942,Married,Postgraduate Degree
5354,Sawyer George,1683056214000,sawyergeorge8633@ymail.com,Transgender,United States,Maryland,Frederick,785640,Divorced,Postgraduate Degree
5355,Zoe Hood,1737347767000,zoehood@gmail.com,Transgender,India,Tamil Nadu,Ambattur,661947,Divorced,Postgraduate Degree
5356,Morgan Jacobson,1711328879000,morganjacobson2439@ymail.com,Female,India,Rajasthan,Beawar,544187,Single,Postgraduate Degree
5357,Raven Mayo,1712127341000,ravenmayo6860@yahoomail.com,Female,United States,Colorado,Aurora,280946,Married,Postgraduate Degree
5358,Zia Bruce,1695808565000,ziabruce3868@ymail.com,Female,India,Tripura,Agartala,554890,Married,Master's Degree
5359,Avram Gilmore,1694624779000,avramgilmore3305@gmail.com,Transgender,United States,Oregon,Gresham,371231,Divorced,Postgraduate Degree
5360,Laith Guerra,1680809206000,laithguerra@yahoomail.com,Transgender,United States,Alabama,Mobile,138242,Common Law,Bachelor's Degree
5361,Rose David,1713696825000,rosedavid5389@gmail.com,Transgender,United States,Delaware,Newark,618982,Single,Postgraduate Degree
5362,Iliana Alford,1705654163000,ilianaalford@yahoomail.com,Transgender,United States,Utah,West Jordan,384244,Common Law,Master's Degree
5363,Hayfa Pope,1709053715000,hayfapope@yahoomail.com,Male,United States,Washington,Vancouver,797991,Common Law,Postgraduate Degree
5364,Rooney Moore,1684258623000,rooneymoore867@yahoomail.com,Male,United States,Georgia,Atlanta,509963,Common Law,Postgraduate Degree
5365,Arden Griffin,1703968172000,ardengriffin5975@yahoomail.com,Female,India,Daman and Diu,Daman,582477,Divorced,Postgraduate Degree
5366,Tobias Frost,1699377309000,tobiasfrost2968@ymail.com,Male,United States,Maryland,Annapolis,774197,Single,Postgraduate Degree
5367,Walker Weaver,1707155755000,walkerweaver@yahoomail.com,Female,United States,Maine,South Portland,554606,Single,Postgraduate Degree
5368,Anjolie Roy,1729593256000,anjolieroy8158@gmail.com,Male,India,Madhya Pradesh,Khandwa,760335,Common Law,Postgraduate Degree
5369,Bruce Swanson,1738619708000,bruceswanson@gmail.com,Transgender,United States,Arkansas,Fort Smith,428506,Single,Master's Degree
5370,Craig Ballard,1692633183000,craigballard@yahoomail.com,Male,India,Daman and Diu,Daman,995637,Married,Bachelor's Degree
5371,Florence Lott,1738439379000,florencelott@ymail.com,Female,India,Manipur,Imphal,960779,Single,Postgraduate Degree
5372,Hayden Perkins,1709552509000,haydenperkins@yahoomail.com,Transgender,United States,Georgia,Athens,396088,Common Law,Postgraduate Degree
5373,Zenia Potts,1692663319000,zeniapotts1529@ymail.com,Male,United States,Minnesota,Rochester,280856,Divorced,Postgraduate Degree
5374,Armand Walker,1685273958000,armandwalker8103@gmail.com,Male,United States,Ohio,Columbus,910125,Single,Postgraduate Degree
5375,Calista Hensley,1701987044000,calistahensley9886@ymail.com,Female,United States,Michigan,Grand Rapids,251340,Married,Postgraduate Degree
5376,Simon Glenn,1718049854000,simonglenn5883@ymail.com,Female,India,Haryana,Yamuna Nagar,436513,Divorced,Bachelor's Degree
5377,Imani Bradley,1705753003000,imanibradley@yahoomail.com,Female,United States,Louisiana,Lafayette,219333,Single,Bachelor's Degree
5378,Blaze Webb,1718936971000,blazewebb@gmail.com,Transgender,United States,Kansas,Olathe,531947,Divorced,Master's Degree
5379,Jason Foreman,1707082560000,jasonforeman@gmail.com,Transgender,United States,Virginia,Norfolk,139239,Common Law,Master's Degree
5380,Asher Bartlett,1682440782000,asherbartlett485@ymail.com,Male,United States,Maine,South Portland,770964,Common Law,Bachelor's Degree
5381,Benedict Battle,1683289191000,benedictbattle325@yahoomail.com,Female,United States,Pennsylvania,Reading,408221,Single,Master's Degree
5382,Camilla Ewing,1681175703000,camillaewing@ymail.com,Transgender,India,Daman and Diu,Daman,234568,Common Law,Bachelor's Degree
5383,Russell Pratt,1738436824000,russellpratt9393@yahoomail.com,Male,United States,Michigan,Flint,673532,Married,Postgraduate Degree
5384,Grace Lindsay,1718561994000,gracelindsay@gmail.com,Female,United States,Idaho,Nampa,107422,Single,Postgraduate Degree
5385,Cameron Johnston,1704835128000,cameronjohnston@ymail.com,Female,India,Pondicherry,Pondicherry,266351,Divorced,Postgraduate Degree
5386,Gisela Powell,1742916396000,giselapowell8284@ymail.com,Transgender,United States,Arkansas,Jonesboro,330840,Single,Bachelor's Degree
5387,Benedict White,1739547885000,benedictwhite4939@gmail.com,Female,United States,Iowa,Davenport,125293,Single,Postgraduate Degree
5388,Breanna Gray,1716295271000,breannagray9229@ymail.com,Transgender,United States,Arkansas,Little Rock,661404,Divorced,Master's Degree
5389,Orla Melton,1683418661000,orlamelton6547@ymail.com,Female,India,Uttarakhand,Dehradun,965085,Single,Bachelor's Degree
5390,Dominique Mclean,1698906792000,dominiquemclean304@gmail.com,Female,United States,Wisconsin,Madison,665343,Divorced,Bachelor's Degree
5391,Rajah Kramer,1709309942000,rajahkramer@ymail.com,Male,India,Tamil Nadu,Palayankottai,445781,Divorced,Postgraduate Degree
5392,Rogan Mueller,1693624181000,roganmueller9949@ymail.com,Transgender,United States,Michigan,Flint,864988,Common Law,Master's Degree
5393,Helen Strong,1730572605000,helenstrong7793@yahoomail.com,Transgender,United States,Tennessee,Clarksville,843083,Divorced,Bachelor's Degree
5394,Germaine Rodriguez,1716641863000,germainerodriguez@yahoomail.com,Male,United States,Idaho,Idaho Falls,730840,Married,Master's Degree
5395,Inga Richardson,1709785831000,ingarichardson@yahoomail.com,Female,United States,Wyoming,Rock Springs,521895,Single,Postgraduate Degree
5396,Victoria Dotson,1706647809000,victoriadotson@ymail.com,Transgender,United States,Missouri,Springfield,547656,Common Law,Bachelor's Degree
5397,Aladdin Knight,1703178126000,aladdinknight2609@ymail.com,Transgender,India,Chandigarh,Chandigarh,374686,Married,Postgraduate Degree
5398,Kirestin York,1715537425000,kirestinyork4157@yahoomail.com,Female,United States,Arkansas,Little Rock,303536,Divorced,Postgraduate Degree
5399,Haley Harrington,1686764137000,haleyharrington6540@ymail.com,Female,India,Lakshadweep,Kavaratti,758043,Married,Postgraduate Degree
5400,Sandra Rios,1705922243000,sandrarios@yahoomail.com,Female,India,Haryana,Karnal,217499,Single,Postgraduate Degree
5401,Murphy Stewart,1730325404000,murphystewart@ymail.com,Transgender,United States,Georgia,Savannah,651641,Married,Postgraduate Degree
5402,Amery Gibson,1736883113000,amerygibson6303@gmail.com,Transgender,United States,Montana,Helena,887342,Single,Postgraduate Degree
5403,Derek Noble,1710753498000,dereknoble9919@ymail.com,Male,India,Assam,Dibrugarh,462608,Single,Postgraduate Degree
5404,Oscar Weaver,1697197860000,oscarweaver242@ymail.com,Transgender,India,Himachal Pradesh,Shimla,126355,Married,Master's Degree
5405,Micah Gray,1711176361000,micahgray7498@gmail.com,Male,India,Nagaland,Kohima,599782,Married,Bachelor's Degree
5406,Nerea Lamb,1696247267000,nerealamb@yahoomail.com,Transgender,United States,Alabama,Mobile,659343,Common Law,Bachelor's Degree
5407,Mira Vazquez,1739864666000,miravazquez223@yahoomail.com,Male,United States,Georgia,Columbus,373316,Single,Master's Degree
5408,Paula Carroll,1732106139000,paulacarroll@gmail.com,Transgender,United States,Idaho,Boise,174540,Married,Postgraduate Degree
5409,Austin Carroll,1706038208000,austincarroll@yahoomail.com,Female,United States,Maryland,Annapolis,187672,Divorced,Master's Degree
5410,Malcolm Castillo,1734268661000,malcolmcastillo@yahoomail.com,Transgender,India,Bihar,Arrah,125574,Single,Postgraduate Degree
5411,Brittany Larson,1720151739000,brittanylarson@gmail.com,Transgender,United States,Georgia,Atlanta,310081,Divorced,Postgraduate Degree
5412,Kay Benson,1697664235000,kaybenson@ymail.com,Transgender,India,Pondicherry,Pondicherry,295090,Divorced,Bachelor's Degree
5413,Burton Manning,1727820065000,burtonmanning3492@gmail.com,Female,United States,Pennsylvania,Philadelphia,696841,Common Law,Master's Degree
5414,Nichole Mccormick,1680761909000,nicholemccormick@ymail.com,Transgender,United States,Vermont,South Burlington,548503,Single,Bachelor's Degree
5415,Phillip Mclaughlin,1728345201000,phillipmclaughlin@yahoomail.com,Male,India,Rajasthan,Ganganagar,690791,Divorced,Postgraduate Degree
5416,Xyla Solomon,1705300445000,xylasolomon1176@gmail.com,Transgender,United States,Indiana,Fort Wayne,851365,Single,Master's Degree
5417,Penelope Chen,1717278948000,penelopechen2994@ymail.com,Male,United States,Louisiana,Lafayette,120175,Divorced,Master's Degree
5418,Shana Kerr,1684502052000,shanakerr@yahoomail.com,Transgender,India,Uttarakhand,Dehradun,231260,Common Law,Postgraduate Degree
5419,Ainsley Mccall,1716565621000,ainsleymccall8068@yahoomail.com,Female,India,Nagaland,Kohima,766130,Married,Postgraduate Degree
5420,Rigel Mccray,1702456861000,rigelmccray@ymail.com,Female,India,Maharastra,Miraj,664984,Common Law,Postgraduate Degree
5421,Aristotle Hamilton,1725095960000,aristotlehamilton@gmail.com,Female,United States,Nevada,Paradise,611237,Single,Master's Degree
5422,Jason Baird,1686350770000,jasonbaird6997@ymail.com,Transgender,India,Goa,Panjim,582765,Divorced,Postgraduate Degree
5423,Reece Frederick,1731309278000,reecefrederick@yahoomail.com,Female,United States,Arkansas,Little Rock,144475,Divorced,Master's Degree
5424,Hillary Mclaughlin,1685810167000,hillarymclaughlin@gmail.com,Female,United States,Georgia,Georgia,724894,Married,Master's Degree
5425,Andrew Huber,1710318366000,andrewhuber3180@yahoomail.com,Male,India,Bihar,Bettiah,729337,Divorced,Postgraduate Degree
5426,TaShya Hooper,1739847092000,tashyahooper564@gmail.com,Female,United States,Idaho,Pocatello,262113,Married,Master's Degree
5427,Hermione Peters,1735505242000,hermionepeters2628@ymail.com,Male,United States,Florida,Orlando,514886,Common Law,Bachelor's Degree
5428,Nita Fletcher,1699870599000,nitafletcher@yahoomail.com,Female,India,Goa,Panjim,242338,Divorced,Postgraduate Degree
5429,Xyla Davenport,1697684615000,xyladavenport@gmail.com,Male,United States,Oregon,Portland,552965,Single,Postgraduate Degree
5430,Mechelle Brock,1683923098000,mechellebrock@ymail.com,Female,United States,Connecticut,Bridgeport,221092,Married,Master's Degree
5431,Dominic Hardy,1716138939000,dominichardy@gmail.com,Female,United States,Kentucky,Covington,117871,Divorced,Bachelor's Degree
5432,Zachery Justice,1703609561000,zacheryjustice@ymail.com,Female,India,Haryana,Sirsa,872745,Married,Postgraduate Degree
5433,Illana Simmons,1709259621000,illanasimmons4940@gmail.com,Male,United States,Alaska,Ketchikan,954875,Common Law,Master's Degree
5434,Pearl James,1742039008000,pearljames@ymail.com,Male,United States,Wisconsin,Racine,996034,Married,Postgraduate Degree
5435,Brendan Diaz,1708922321000,brendandiaz@ymail.com,Male,United States,Hawaii,Hilo,784216,Common Law,Postgraduate Degree
5436,Jordan Luna,1723874329000,jordanluna2318@yahoomail.com,Transgender,India,Pondicherry,Pondicherry,438555,Single,Postgraduate Degree
5437,Jared Griffin,1741381776000,jaredgriffin6302@gmail.com,Male,United States,Minnesota,Duluth,985454,Common Law,Bachelor's Degree
5438,Sacha Walter,1697989429000,sachawalter@gmail.com,Male,India,Kerala,Cochin,586235,Divorced,Postgraduate Degree
5439,Camden Cortez,1695283825000,camdencortez@yahoomail.com,Female,United States,Idaho,Boise,730756,Common Law,Master's Degree
5440,Callum Mccarty,1695875419000,callummccarty@yahoomail.com,Male,United States,Arkansas,Little Rock,117384,Single,Postgraduate Degree
5441,Nehru Klein,1731135833000,nehruklein2556@gmail.com,Male,India,Madhya Pradesh,Bhind,619742,Married,Bachelor's Degree
5442,Josephine Hartman,1712139583000,josephinehartman@gmail.com,Male,United States,California,San Diego,409668,Divorced,Postgraduate Degree
5443,Grant Bean,1690051656000,grantbean9568@gmail.com,Female,United States,Indiana,South Bend,977686,Common Law,Master's Degree
5444,Ivan Weber,1690852057000,ivanweber@yahoomail.com,Male,India,Lakshadweep,Kavaratti,548365,Common Law,Bachelor's Degree
5445,Sara Lynch,1709678966000,saralynch@ymail.com,Female,India,Gujarat,Rajkot,293754,Single,Master's Degree
5446,TaShya Bennett,1701183674000,tashyabennett@gmail.com,Transgender,India,Meghalaya,Shillong,573638,Common Law,Postgraduate Degree
5447,Zia Welch,1705836226000,ziawelch@yahoomail.com,Female,United States,Pennsylvania,Pittsburgh,755413,Divorced,Bachelor's Degree
5448,Blake Russo,1733371064000,blakerusso@yahoomail.com,Male,India,Tripura,Agartala,968221,Single,Bachelor's Degree
5449,Xantha Snider,1715183323000,xanthasnider@ymail.com,Transgender,United States,Delaware,Bear,739225,Common Law,Postgraduate Degree
5450,Aidan Lowery,1700787032000,aidanlowery6222@gmail.com,Transgender,India,Assam,Dibrugarh,996727,Common Law,Master's Degree
5451,Porter David,1692317330000,porterdavid@yahoomail.com,Female,India,Pondicherry,Pondicherry,188989,Divorced,Master's Degree
5452,Kiayada Witt,1682372963000,kiayadawitt@gmail.com,Transgender,United States,Nevada,Henderson,557091,Married,Bachelor's Degree
5453,Martha Klein,1717033873000,marthaklein5023@ymail.com,Male,United States,Delaware,Bear,298086,Common Law,Postgraduate Degree
5454,Jonah Rivera,1687890079000,jonahrivera6120@yahoomail.com,Male,United States,Montana,Bozeman,448541,Divorced,Master's Degree
5455,Leilani Anthony,1727529091000,leilanianthony9170@gmail.com,Transgender,India,Haryana,Faridabad,711348,Common Law,Master's Degree
5456,Nola Hale,1698801919000,nolahale2654@yahoomail.com,Male,United States,Vermont,Montpelier,287256,Common Law,Bachelor's Degree
5457,Lucy Duke,1689535774000,lucyduke@gmail.com,Female,India,Arunachal Pradesh,Itanagar,585599,Common Law,Bachelor's Degree
5458,Stuart Middleton,1734314650000,stuartmiddleton8088@gmail.com,Male,India,Manipur,Imphal,622188,Divorced,Bachelor's Degree
5459,Fulton Carr,1708737667000,fultoncarr@ymail.com,Male,United States,Arizona,Chandler,277636,Common Law,Bachelor's Degree
5460,Colt Foley,1699786384000,coltfoley1824@yahoomail.com,Male,United States,Alaska,Juneau,998204,Divorced,Postgraduate Degree
5461,Ignatius Franco,1707552869000,ignatiusfranco509@gmail.com,Transgender,India,Maharastra,Wardha,934544,Common Law,Postgraduate Degree
5462,Myra Conley,1718509962000,myraconley@gmail.com,Female,India,Haryana,Hisar,218536,Divorced,Master's Degree
5463,Elvis Good,1706549329000,elvisgood3372@yahoomail.com,Transgender,United States,Maryland,Baltimore,922707,Divorced,Postgraduate Degree
5464,Kirsten Webster,1686040527000,kirstenwebster8836@ymail.com,Female,India,Jammu and Kashmir,Srinagar,286187,Married,Bachelor's Degree
5465,Jasmine Pearson,1685266105000,jasminepearson8652@gmail.com,Female,India,Andhra Pradesh,Kukatpalle,977177,Divorced,Postgraduate Degree
5466,Oleg Hill,1680441943000,oleghill6754@yahoomail.com,Female,India,Himachal Pradesh,Shimla,496491,Divorced,Postgraduate Degree
5467,Tucker Spence,1688071156000,tuckerspence4074@gmail.com,Female,India,Punjab,Daska,957609,Single,Master's Degree
5468,Jemima Banks,1710291244000,jemimabanks604@ymail.com,Male,India,Chandigarh,Chandigarh,723981,Divorced,Bachelor's Degree
5469,Keegan Robles,1700403384000,keeganrobles@gmail.com,Transgender,United States,Maryland,Annapolis,812764,Divorced,Postgraduate Degree
5470,Cathleen Maldonado,1715377079000,cathleenmaldonado@yahoomail.com,Male,United States,Louisiana,Baton Rouge,615719,Common Law,Master's Degree
5471,Carter Patterson,1715747717000,carterpatterson@yahoomail.com,Female,United States,Mississippi,Hattiesburg,396283,Single,Master's Degree
5472,Rajah Nguyen,1727738018000,rajahnguyen@yahoomail.com,Male,India,Odisha,Raurkela,116399,Common Law,Master's Degree
5473,Chloe Merritt,1716874438000,chloemerritt@gmail.com,Female,United States,Texas,Dallas,973012,Single,Bachelor's Degree
5474,Davis Bartlett,1726154016000,davisbartlett@ymail.com,Female,India,Goa,Panjim,657078,Divorced,Bachelor's Degree
5475,Chava Mcmillan,1682081353000,chavamcmillan@ymail.com,Female,India,Manipur,Imphal,597847,Divorced,Bachelor's Degree
5476,Jane Fry,1737157127000,janefry6509@ymail.com,Female,India,Delhi,Delhi,145147,Common Law,Postgraduate Degree
5477,Zenaida Britt,1734061881000,zenaidabritt629@gmail.com,Transgender,United States,Ohio,Columbus,528338,Common Law,Master's Degree
5478,Bradley Bush,1702515336000,bradleybush@yahoomail.com,Female,India,Pondicherry,Pondicherry,170716,Divorced,Postgraduate Degree
5479,Desiree Galloway,1730102299000,desireegalloway3402@gmail.com,Female,India,Pondicherry,Pondicherry,554712,Divorced,Bachelor's Degree
5480,Freya Chandler,1736909045000,freyachandler7092@yahoomail.com,Transgender,India,Haryana,Sirsa,891831,Married,Bachelor's Degree
5481,Jemima Jefferson,1693298911000,jemimajefferson@gmail.com,Male,United States,Arizona,Glendale,193726,Divorced,Master's Degree
5482,Hiroko Ramirez,1731987907000,hirokoramirez@yahoomail.com,Female,United States,Iowa,Des Moines,912932,Divorced,Master's Degree
5483,Gabriel Henderson,1714060047000,gabrielhenderson@ymail.com,Transgender,United States,Virginia,Norfolk,794888,Divorced,Postgraduate Degree
5484,Cedric Fisher,1730061087000,cedricfisher@gmail.com,Transgender,India,Pondicherry,Pondicherry,198388,Married,Bachelor's Degree
5485,Violet Peck,1708747099000,violetpeck5878@gmail.com,Male,United States,Nevada,Paradise,551341,Married,Master's Degree
5486,Hedley Buchanan,1738024709000,hedleybuchanan3546@ymail.com,Male,India,Andhra Pradesh,Chittoor,686554,Common Law,Bachelor's Degree
5487,Derek Green,1693366888000,derekgreen@ymail.com,Male,India,Assam,Silchar,741094,Common Law,Master's Degree
5488,Curran Kirby,1687406042000,currankirby@ymail.com,Transgender,United States,Mississippi,Jackson,261720,Single,Postgraduate Degree
5489,Donna Hyde,1731775933000,donnahyde4201@yahoomail.com,Female,India,Jammu and Kashmir,Srinagar,168659,Single,Postgraduate Degree
5490,Flavia Witt,1708717852000,flaviawitt7760@yahoomail.com,Transgender,India,Daman and Diu,Daman,982873,Common Law,Master's Degree
5491,Ralph Lawrence,1692551647000,ralphlawrence161@ymail.com,Male,United States,Oklahoma,Tulsa,415996,Married,Postgraduate Degree
5492,Inez Dejesus,1695598901000,inezdejesus213@yahoomail.com,Transgender,India,Uttarakhand,Haridwar,875471,Common Law,Postgraduate Degree
5493,Zelda Carlson,1726093096000,zeldacarlson@ymail.com,Female,United States,Virginia,Virginia Beach,435504,Divorced,Postgraduate Degree
5494,Mia Quinn,1685423728000,miaquinn@ymail.com,Male,United States,Maine,Augusta,266174,Divorced,Master's Degree
5495,Iris Stanton,1726460902000,irisstanton3860@gmail.com,Transgender,India,Meghalaya,Shillong,374514,Common Law,Bachelor's Degree
5496,Alan Harrison,1721090274000,alanharrison@ymail.com,Female,India,Arunachal Pradesh,Itanagar,384865,Single,Bachelor's Degree
5497,Maggy Marks,1703532399000,maggymarks3252@ymail.com,Transgender,India,Tamil Nadu,Coimbatore,745435,Divorced,Master's Degree
5498,Raja Cooley,1729086138000,rajacooley1470@yahoomail.com,Female,India,Karnataka,Shimoga,113536,Married,Master's Degree
5499,Ashton Myers,1702288239000,ashtonmyers@gmail.com,Male,United States,Texas,Houston,165095,Single,Postgraduate Degree
5500,Chelsea Mcdowell,1680803613000,chelseamcdowell@ymail.com,Transgender,United States,Arkansas,Fort Smith,140903,Single,Master's Degree
