id,name,dob,email,gender,country,region,city,asset,marital_status
2001,Joseph Stephenson,2023-07-28,josephstephenson@ymail.com,Transgender,United States,Alabama,Montgomery,564991,Divorced
2002,Brittany Lowery,2023-09-04,brittanylowery@gmail.com,Transgender,United States,Connecticut,New Haven,860585,Common Law
2003,Garrison Brown,2023-09-12,garrisonbrown3333@yahoomail.com,Female,India,Haryana,Rohtak,108779,Common Law
2004,Morgan Fuller,2023-06-30,morganfuller@yahoomail.com,Male,United States,Virginia,Chesapeake,891110,Single
2005,Seth Flowers,2023-11-27,sethflowers2329@ymail.com,Male,India,Haryana,Sirsa,660072,Common Law
2006,Dean Oliver,2023-06-17,deanoliver@yahoomail.com,Transgender,India,Uttarakhand,Haridwar,871524,Single
2007,Gillian Faulkner,2024-06-01,gillianfaulkner5268@yahoomail.com,Male,United States,Ohio,Akron,914718,Common Law
2008,Jada Sheppard,2023-11-23,jadasheppard@ymail.com,Male,India,Manipur,Imphal,591208,Married
2009,Hermione Joseph,2023-08-13,hermionejoseph@yahoomail.com,Female,India,Chhattisgarh,Bilaspur,411099,Married
2010,Omar Clayton,2024-07-02,omarclayton@yahoomail.com,Male,United States,Vermont,Burlington,743151,Divorced
2011,Liberty Webb,2024-01-02,libertywebb1155@yahoomail.com,Male,India,Sikkim,Gangtok,879435,Single
2012,Hamilton Malone,2025-02-06,hamiltonmalone@gmail.com,Transgender,India,Mizoram,Aizwal,382943,Divorced
2013,Tanner England,2024-01-03,tannerengland3170@ymail.com,Male,India,Goa,Panjim,955779,Married
2014,Gabriel Massey,2025-03-03,gabrielmassey@yahoomail.com,Male,United States,Mississippi,Hattiesburg,692418,Single
2015,Colleen Floyd,2023-05-20,colleenfloyd6834@yahoomail.com,Male,India,Madhya Pradesh,Vidisha,123634,Divorced
2016,Daniel Lott,2024-03-22,daniellott@gmail.com,Transgender,India,Jharkhand,Ranchi,919556,Divorced
2017,Hamilton Finch,2024-09-05,hamiltonfinch8471@yahoomail.com,Transgender,India,Meghalaya,Shillong,691959,Common Law
2018,Keefe Downs,2023-05-02,keefedowns@gmail.com,Female,United States,Ohio,Cleveland,755678,Married
2019,Grant Foley,2024-01-03,grantfoley3105@ymail.com,Transgender,United States,Michigan,Flint,432201,Common Law
2020,Arden Sargent,2023-10-18,ardensargent7857@ymail.com,Male,United States,Pennsylvania,Philadelphia,883886,Married
2021,Yuli Patel,2023-10-07,yulipatel7280@yahoomail.com,Female,India,Himachal Pradesh,Shimla,295561,Married
2022,Elmo Hendrix,2024-07-11,elmohendrix6603@ymail.com,Male,India,Lakshadweep,Kavaratti,982943,Common Law
2023,Jarrod Hoover,2024-06-03,jarrodhoover@ymail.com,Female,India,Jharkhand,Purnea,167566,Married
2024,Brian Duffy,2024-07-20,brianduffy@gmail.com,Transgender,United States,Florida,Miami,891499,Common Law
2025,Victoria Mason,2024-07-08,victoriamason2472@gmail.com,Transgender,India,Andaman and Nicobar Islands,Port Blair,573935,Divorced
2026,Ulysses Mccarthy,2023-06-05,ulyssesmccarthy3665@gmail.com,Male,India,Mizoram,Aizwal,624810,Common Law
2027,Hanna Bush,2023-03-30,hannabush@yahoomail.com,Female,India,Himachal Pradesh,Shimla,141620,Married
2028,Ava Hoover,2025-02-06,avahoover9231@ymail.com,Transgender,India,Tripura,Agartala,225822,Divorced
2029,Rhea Hinton,2024-12-04,rheahinton@ymail.com,Female,India,Himachal Pradesh,Shimla,950662,Married
2030,Wyatt Fleming,2024-05-10,wyattfleming8145@gmail.com,Male,United States,Indiana,Gary,889949,Married
2031,Dexter Hart,2024-10-03,dexterhart@ymail.com,Transgender,United States,Arkansas,Jonesboro,339355,Single
2032,Finn Vance,2024-02-09,finnvance@gmail.com,Female,United States,Kentucky,Frankfort,771122,Single
2033,Arthur Gamble,2024-04-11,arthurgamble@gmail.com,Male,United States,Utah,West Valley City,691586,Common Law
2034,Jerome Baxter,2023-12-12,jeromebaxter@gmail.com,Transgender,United States,Mississippi,Gulfport,638746,Married
2035,Isabelle Pitts,2024-08-04,isabellepitts@ymail.com,Female,India,Chhattisgarh,Bhilai,683496,Divorced
2036,Velma Ewing,2023-09-14,velmaewing1644@gmail.com,Female,India,Dadra and Nagar Haveli,Silvassa,262116,Single
2037,Shellie Battle,2024-09-28,shelliebattle4873@gmail.com,Transgender,India,Lakshadweep,Kavaratti,307137,Divorced
2038,Matthew Rosario,2024-03-18,matthewrosario@ymail.com,Transgender,India,Haryana,Rohtak,226897,Married
2039,Colby Orr,2024-11-23,colbyorr@gmail.com,Female,United States,Louisiana,Baton Rouge,812701,Divorced
2040,Carson Maxwell,2023-06-05,carsonmaxwell7165@yahoomail.com,Female,United States,Alabama,Mobile,266687,Single
2041,Macon Velez,2024-02-18,maconvelez@yahoomail.com,Female,United States,Kentucky,Louisville,398551,Single
2042,Mira May,2023-10-13,miramay@gmail.com,Female,United States,Alabama,Tuscaloosa,712256,Common Law
2043,Giacomo Dyer,2023-07-01,giacomodyer@gmail.com,Male,India,Lakshadweep,Kavaratti,677911,Married
2044,Daryl Lindsay,2023-05-04,daryllindsay@yahoomail.com,Transgender,India,Goa,Panjim,493662,Married
2045,Octavia Drake,2023-07-14,octaviadrake369@ymail.com,Female,India,Pondicherry,Pondicherry,577709,Married
2046,Brenna Welch,2023-07-26,brennawelch5078@ymail.com,Female,India,Tripura,Agartala,222923,Married
2047,Ramona Landry,2024-09-25,ramonalandry9372@gmail.com,Female,India,Goa,Panjim,949795,Single
2048,Chantale Larsen,2023-06-09,chantalelarsen@ymail.com,Transgender,India,West Bengal,Howrah,308480,Married
2049,Tanek Mills,2025-01-12,tanekmills5104@yahoomail.com,Transgender,India,Tripura,Agartala,203515,Divorced
2050,August Swanson,2024-09-11,augustswanson3834@ymail.com,Male,United States,Hawaii,Kailua,117778,Single
2051,Bree Yang,2023-06-22,breeyang@ymail.com,Male,India,Nagaland,Kohima,215118,Married
2052,Debra Blanchard,2024-09-26,debrablanchard5899@gmail.com,Transgender,United States,Hawaii,Honolulu,141743,Single
2053,Ingrid Britt,2024-03-05,ingridbritt@yahoomail.com,Transgender,United States,Oregon,Hillsboro,803646,Divorced
2054,Grady Herring,2024-04-19,gradyherring@ymail.com,Female,India,Odisha,Puri,481736,Common Law
2055,Arthur Cotton,2025-02-18,arthurcotton@gmail.com,Female,India,Karnataka,Raichur,954374,Divorced
2056,Amanda Kinney,2023-12-01,amandakinney@ymail.com,Female,United States,Hawaii,Kailua,470226,Common Law
2057,Jolie Page,2024-06-04,joliepage6634@ymail.com,Transgender,India,Kerala,Thalassery,584161,Common Law
2058,Mohammad Stanton,2025-01-11,mohammadstanton1062@yahoomail.com,Transgender,India,Bihar,Sasaram,310736,Single
2059,Rudyard Madden,2023-05-14,rudyardmadden7424@ymail.com,Female,United States,Kentucky,Bowling Green,552104,Divorced
2060,Perry Wyatt,2025-03-01,perrywyatt@yahoomail.com,Transgender,India,Chhattisgarh,Bilaspur,609389,Divorced
2061,Paki Warren,2023-04-17,pakiwarren@yahoomail.com,Male,India,Delhi,Delhi,823720,Single
2062,Rhoda Chang,2024-09-06,rhodachang@yahoomail.com,Transgender,India,Odisha,Brahmapur,618896,Single
2063,Clementine Hamilton,2023-11-14,clementinehamilton@gmail.com,Transgender,United States,Pennsylvania,Harrisburg,634894,Single
2064,Colton Stokes,2023-09-15,coltonstokes@ymail.com,Female,United States,Pennsylvania,Allentown,546152,Married
2065,Joshua Young,2024-09-25,joshuayoung6362@yahoomail.com,Female,United States,Idaho,Pocatello,794891,Common Law
2066,Zenaida Carlson,2024-11-19,zenaidacarlson9466@gmail.com,Female,India,Bihar,Muzaffarpur,897875,Divorced
2067,Travis Fox,2023-07-14,travisfox@ymail.com,Transgender,India,Maharastra,Bhiwandi,924897,Married
2068,Alea Oliver,2024-03-01,aleaoliver797@yahoomail.com,Male,United States,Indiana,Evansville,549783,Divorced
2069,Abraham Stafford,2024-08-07,abrahamstafford8387@gmail.com,Female,India,Gujarat,Surendranagar,660068,Single
2070,Thaddeus Dillon,2024-09-15,thaddeusdillon8211@yahoomail.com,Transgender,United States,Kentucky,Frankfort,943624,Divorced
2071,Chandler Casey,2023-04-07,chandlercasey@gmail.com,Male,United States,Illinois,Chicago,918303,Single
2072,Keith Frank,2024-01-04,keithfrank@gmail.com,Female,United States,Maine,South Portland,456149,Divorced
2073,Silas Gilmore,2024-11-10,silasgilmore3397@ymail.com,Transgender,India,Uttarakhand,Dehradun,543916,Divorced
2074,Alden Wilkerson,2024-02-17,aldenwilkerson@gmail.com,Transgender,India,Mizoram,Aizwal,623695,Married
2075,Kamal Doyle,2025-02-23,kamaldoyle5881@ymail.com,Male,India,Manipur,Imphal,588520,Single
2076,Adara Joseph,2024-06-30,adarajoseph@yahoomail.com,Transgender,United States,Louisiana,Metairie,489117,Divorced
2077,Astra Patrick,2024-02-14,astrapatrick@gmail.com,Transgender,India,Pondicherry,Pondicherry,778935,Married
2078,Mona Adams,2024-02-23,monaadams141@yahoomail.com,Male,United States,Oklahoma,Tulsa,774870,Common Law
2079,Amethyst Thornton,2023-10-18,amethystthornton2582@ymail.com,Male,United States,Mississippi,Jackson,124642,Divorced
2080,Jada Lott,2024-07-18,jadalott6944@gmail.com,Male,India,Rajasthan,Bikaner,816981,Common Law
2081,Ulysses Clemons,2023-06-14,ulyssesclemons@gmail.com,Transgender,United States,Virginia,Norfolk,890245,Married
2082,Craig Mcbride,2023-08-17,craigmcbride@ymail.com,Transgender,India,Assam,Nagaon,544261,Common Law
2083,Jolie Huber,2023-12-17,joliehuber2989@gmail.com,Male,United States,Wisconsin,Milwaukee,666429,Single
2084,Brady Randall,2025-02-19,bradyrandall@ymail.com,Transgender,United States,Utah,Sandy,845583,Single
2085,Roary Wilkerson,2024-11-05,roarywilkerson@gmail.com,Female,India,Tripura,Agartala,211205,Married
2086,Stephen Adams,2024-07-24,stephenadams@ymail.com,Transgender,United States,Kentucky,Covington,602917,Divorced
2087,Jael Bryant,2023-06-05,jaelbryant@ymail.com,Transgender,United States,Delaware,Dover,404500,Single
2088,Colleen Spencer,2024-04-08,colleenspencer3395@yahoomail.com,Female,India,Kerala,Kozhikode,669342,Married
2089,Quynn Murphy,2024-12-20,quynnmurphy@gmail.com,Transgender,India,Manipur,Imphal,887768,Common Law
2090,Kaitlin Holmes,2023-11-18,kaitlinholmes9958@gmail.com,Transgender,United States,Texas,Dallas,228896,Divorced
2091,Burke Camacho,2024-12-24,burkecamacho291@gmail.com,Transgender,United States,Iowa,Davenport,833171,Married
2092,Rigel Bray,2023-07-02,rigelbray@yahoomail.com,Transgender,United States,Pennsylvania,Harrisburg,138313,Married
2093,Rajah Short,2024-02-04,rajahshort5029@ymail.com,Female,India,Kerala,Kollam,243606,Common Law
2094,Jayme Roy,2024-12-19,jaymeroy@gmail.com,Transgender,India,Goa,Panjim,272913,Divorced
2095,Cecilia Benton,2023-12-22,ceciliabenton6852@ymail.com,Male,India,Haryana,Gurgaon,513881,Married
2096,Harlan Nicholson,2024-05-24,harlannicholson@yahoomail.com,Female,India,Andhra Pradesh,Khammam,697875,Divorced
2097,Mallory Wilkins,2024-05-26,mallorywilkins@yahoomail.com,Female,United States,Alabama,Huntsville,858129,Married
2098,Hyacinth Burns,2023-12-23,hyacinthburns3091@gmail.com,Male,United States,Delaware,Bear,393837,Married
2099,Maisie Herman,2024-11-16,maisieherman@ymail.com,Male,United States,Maryland,Annapolis,332433,Married
2100,Warren Richmond,2024-12-08,warrenrichmond@gmail.com,Transgender,United States,Kentucky,Louisville,425070,Divorced
2101,Aline Mcclure,2024-09-17,alinemcclure5653@gmail.com,Male,United States,Indiana,Evansville,807573,Common Law
2102,Sawyer Bush,2024-07-20,sawyerbush@ymail.com,Transgender,United States,Texas,Houston,467385,Common Law
2103,Emi Chang,2024-09-23,emichang9354@yahoomail.com,Male,India,Mizoram,Aizwal,821919,Divorced
2104,Kyra Cline,2023-07-09,kyracline527@ymail.com,Female,United States,Montana,Billings,836048,Common Law
2105,Marshall Solomon,2024-11-12,marshallsolomon9083@gmail.com,Male,United States,Delaware,Bear,502956,Divorced
2106,Alfonso Barron,2025-03-23,alfonsobarron@ymail.com,Transgender,United States,Idaho,Meridian,242956,Single
2107,Tad Stanton,2023-09-02,tadstanton@ymail.com,Male,United States,Florida,Tampa,217282,Married
2108,Xander Salas,2023-12-01,xandersalas@ymail.com,Transgender,United States,Pennsylvania,Allentown,115095,Divorced
2109,Ryan Lynn,2024-12-25,ryanlynn@yahoomail.com,Female,India,Lakshadweep,Kavaratti,560065,Single
2110,Aquila Rivers,2024-10-12,aquilarivers@yahoomail.com,Male,India,Nagaland,Kohima,149546,Divorced
2111,Theodore Morris,2024-08-26,theodoremorris@ymail.com,Male,India,Assam,Dibrugarh,405966,Married
2112,Nolan Hodges,2024-03-21,nolanhodges7713@ymail.com,Male,United States,Kentucky,Bowling Green,553459,Single
2113,Sade Ware,2024-05-15,sadeware1445@yahoomail.com,Male,India,Andhra Pradesh,Nellore,378659,Divorced
2114,Kylee Barton,2024-09-10,kyleebarton@ymail.com,Transgender,India,Gujarat,Bhuj,358902,Single
2115,Neil Morrison,2024-10-31,neilmorrison8985@ymail.com,Female,India,Kerala,Cochin,183556,Married
2116,Emerald Mann,2023-11-04,emeraldmann9519@yahoomail.com,Female,India,Jharkhand,Purulia,723121,Married
2117,Forrest Church,2025-03-18,forrestchurch@gmail.com,Male,United States,Arkansas,Fort Smith,331739,Married
2118,Yael Dodson,2024-01-15,yaeldodson6862@ymail.com,Female,United States,Michigan,Flint,324940,Married
2119,Thor Cohen,2023-04-29,thorcohen@ymail.com,Transgender,India,Kerala,Kollam,902960,Married
2120,Kennan Horton,2023-10-12,kennanhorton@gmail.com,Female,United States,Utah,West Valley City,659598,Married
2121,Bradley Richards,2023-12-24,bradleyrichards142@gmail.com,Female,United States,Michigan,Warren,146649,Married
2122,Leah Rich,2023-08-26,leahrich@ymail.com,Male,India,Pondicherry,Pondicherry,955033,Married
2123,Chadwick Ellis,2023-11-16,chadwickellis8581@yahoomail.com,Male,India,Tripura,Agartala,534755,Common Law
2124,Hamilton Morris,2025-03-19,hamiltonmorris3307@gmail.com,Transgender,United States,Oklahoma,Tulsa,279579,Single
2125,Troy Hooper,2024-08-01,troyhooper@ymail.com,Transgender,India,Haryana,Ambala,964941,Single
2126,Colby Battle,2024-07-05,colbybattle4370@ymail.com,Male,United States,Texas,Houston,494378,Single
2127,Melinda Wright,2023-06-16,melindawright@ymail.com,Transgender,India,Jammu and Kashmir,Jammu,735547,Divorced
2128,Hammett Paul,2024-05-03,hammettpaul3178@gmail.com,Female,India,Andhra Pradesh,Warangal,126932,Common Law
2129,Kenyon Foster,2023-06-26,kenyonfoster@yahoomail.com,Female,United States,Kansas,Overland Park,391233,Married
2130,Tate Estrada,2025-03-25,tateestrada4044@yahoomail.com,Male,India,Meghalaya,Shillong,172183,Divorced
2131,Vivian Molina,2023-11-03,vivianmolina8531@yahoomail.com,Female,India,Karnataka,Bangalore,719502,Divorced
2132,Louis Holcomb,2024-03-17,louisholcomb7337@yahoomail.com,Male,United States,Tennessee,Knoxville,996215,Married
2133,Chase Wallace,2024-10-12,chasewallace@ymail.com,Female,India,Bihar,Dehri,273095,Married
2134,Graiden Watson,2023-05-29,graidenwatson@gmail.com,Male,India,Tripura,Agartala,461893,Common Law
2135,Neil Sears,2024-03-14,neilsears@ymail.com,Female,India,Kerala,Palakkad,471106,Common Law
2136,Libby Ware,2023-10-11,libbyware@ymail.com,Male,United States,Maryland,Gaithersburg,569721,Common Law
2137,Kirestin Parker,2023-11-01,kirestinparker@gmail.com,Transgender,India,Maharastra,Dhule,743356,Married
2138,Priscilla Ochoa,2023-06-19,priscillaochoa@yahoomail.com,Male,United States,Montana,Bozeman,536714,Married
2139,Fletcher May,2024-09-17,fletchermay7546@ymail.com,Female,India,Maharastra,Mira Bhayandar,529794,Single
2140,Cole Gallegos,2023-12-01,colegallegos3453@ymail.com,Transgender,India,Kerala,Kozhikode,393226,Common Law
2141,Brianna Knowles,2023-11-07,briannaknowles9462@gmail.com,Male,India,Himachal Pradesh,Shimla,392050,Married
2142,Ann Slater,2023-05-25,annslater@gmail.com,Transgender,India,Andaman and Nicobar Islands,Port Blair,117654,Married
2143,Bertha Underwood,2025-03-15,berthaunderwood@gmail.com,Transgender,India,Pondicherry,Pondicherry,358662,Common Law
2144,Debra Armstrong,2023-08-21,debraarmstrong@yahoomail.com,Transgender,United States,Maryland,Gaithersburg,972966,Married
2145,Imelda Phelps,2024-08-29,imeldaphelps@gmail.com,Transgender,United States,Iowa,Des Moines,966489,Common Law
2146,Leo Sellers,2024-02-01,leosellers@ymail.com,Male,United States,Mississippi,Hattiesburg,800228,Single
2147,Paula Dorsey,2024-12-09,pauladorsey3193@ymail.com,Female,United States,Colorado,Aurora,428322,Divorced
2148,Cally Avila,2023-09-16,callyavila@gmail.com,Female,United States,Delaware,Wilmington,107182,Common Law
2149,Mary Perry,2024-05-17,maryperry6256@yahoomail.com,Male,India,Andaman and Nicobar Islands,Port Blair,932052,Common Law
2150,Jared Castaneda,2024-12-05,jaredcastaneda@yahoomail.com,Female,United States,Hawaii,Kaneohe,829823,Single
2151,Colton Atkins,2025-03-23,coltonatkins5261@ymail.com,Transgender,United States,California,Los Angeles,557551,Common Law
2152,Oliver Stokes,2025-03-10,oliverstokes514@yahoomail.com,Transgender,India,Daman and Diu,Daman,299925,Married
2153,Hyatt Guthrie,2024-11-16,hyattguthrie@ymail.com,Transgender,United States,Maine,Lewiston,734194,Divorced
2154,Timothy Alford,2024-09-28,timothyalford@gmail.com,Female,United States,Arkansas,Springdale,407113,Divorced
2155,Hakeem Carr,2023-12-01,hakeemcarr@gmail.com,Transgender,United States,Hawaii,Kailua,817921,Single
2156,Remedios Bailey,2024-12-07,remediosbailey4124@gmail.com,Male,United States,Nebraska,Grand Island,618364,Divorced
2157,Jacob Flynn,2024-09-14,jacobflynn@ymail.com,Male,India,Bihar,Patna,837695,Single
2158,Paloma Erickson,2024-05-20,palomaerickson9044@ymail.com,Transgender,India,Odisha,Brahmapur,916479,Divorced
2159,Jacqueline Workman,2024-10-25,jacquelineworkman2067@ymail.com,Transgender,United States,Hawaii,Kailua,937784,Single
2160,Wilma Gill,2023-07-08,wilmagill5661@yahoomail.com,Male,India,Pondicherry,Pondicherry,257840,Married
2161,Salvador Williams,2024-09-18,salvadorwilliams9672@yahoomail.com,Female,India,Manipur,Imphal,756143,Divorced
2162,Galena Chang,2024-05-05,galenachang@yahoomail.com,Male,United States,Oregon,Gresham,610085,Married
2163,Alexandra Austin,2024-02-04,alexandraaustin1308@yahoomail.com,Transgender,India,Meghalaya,Shillong,945360,Common Law
2164,Rose Bradford,2024-06-19,rosebradford9752@yahoomail.com,Transgender,India,Madhya Pradesh,Jabalpur,595084,Common Law
2165,Mia Levine,2024-05-05,mialevine@gmail.com,Transgender,United States,Connecticut,New Haven,909752,Common Law
2166,Cassidy Castaneda,2024-09-04,cassidycastaneda6324@gmail.com,Male,United States,Oklahoma,Broken Arrow,760290,Common Law
2167,Hilary Bailey,2023-06-19,hilarybailey@gmail.com,Female,United States,Vermont,Montpelier,354842,Divorced
2168,Yuri Chang,2024-09-19,yurichang9569@ymail.com,Transgender,India,Rajasthan,Bharatpur,405774,Married
2169,Julie Workman,2023-11-20,julieworkman@gmail.com,Female,India,Himachal Pradesh,Shimla,596636,Single
2170,Carol Kline,2024-07-09,carolkline@yahoomail.com,Female,United States,Nevada,Las Vegas,239824,Divorced
2171,Steven Witt,2023-04-17,stevenwitt611@ymail.com,Transgender,United States,Arkansas,Fayetteville,390833,Common Law
2172,Ferris Mcleod,2024-03-22,ferrismcleod@gmail.com,Male,India,Lakshadweep,Kavaratti,427802,Single
2173,Buckminster Trevino,2023-08-13,buckminstertrevino5930@yahoomail.com,Female,United States,Mississippi,Biloxi,142468,Common Law
2174,Alan Howard,2023-09-21,alanhoward@yahoomail.com,Male,United States,Arkansas,Jonesboro,878090,Single
2175,Mallory Watson,2024-10-19,mallorywatson3456@ymail.com,Transgender,United States,Hawaii,Kapolei,818036,Common Law
2176,Cherokee Guerrero,2023-04-02,cherokeeguerrero@yahoomail.com,Male,India,Manipur,Imphal,451612,Single
2177,Indira Bauer,2023-05-17,indirabauer5105@yahoomail.com,Transgender,India,Assam,Guwahati,405662,Common Law
2178,Timon Landry,2023-06-21,timonlandry@ymail.com,Female,United States,Delaware,Bear,652077,Single
2179,Clinton Monroe,2024-07-19,clintonmonroe@yahoomail.com,Transgender,India,Pondicherry,Pondicherry,607193,Divorced
2180,Reuben Nunez,2024-07-06,reubennunez5297@yahoomail.com,Transgender,United States,Tennessee,Knoxville,610763,Common Law
2181,Shelley Maxwell,2023-07-20,shelleymaxwell@yahoomail.com,Transgender,India,Arunachal Pradesh,Itanagar,481996,Married
2182,Rhoda Forbes,2023-06-19,rhodaforbes9732@gmail.com,Male,India,Gujarat,Vadodara,790180,Married
2183,Colin Crosby,2024-03-18,colincrosby@ymail.com,Transgender,United States,Montana,Great Falls,935196,Divorced
2184,Quinlan Baxter,2024-03-21,quinlanbaxter1366@yahoomail.com,Transgender,United States,Indiana,Fort Wayne,119704,Common Law
2185,Zephania Moreno,2023-07-14,zephaniamoreno@ymail.com,Male,United States,Illinois,Naperville,408075,Common Law
2186,Sage Travis,2024-12-06,sagetravis729@gmail.com,Transgender,United States,Connecticut,Bridgeport,439074,Divorced
2187,Derek Thomas,2023-09-10,derekthomas3145@gmail.com,Male,United States,Florida,Orlando,719799,Common Law
2188,Ronan Payne,2024-09-13,ronanpayne@ymail.com,Female,India,Pondicherry,Pondicherry,911254,Common Law
2189,Basia Douglas,2024-11-16,basiadouglas@ymail.com,Transgender,United States,Vermont,South Burlington,800023,Divorced
2190,Bryar Foreman,2025-03-14,bryarforeman@yahoomail.com,Female,United States,Indiana,Fort Wayne,121594,Married
2191,Olivia George,2024-04-24,oliviageorge6836@yahoomail.com,Male,United States,Maryland,Gaithersburg,127058,Divorced
2192,Marsden Delaney,2023-11-05,marsdendelaney9036@yahoomail.com,Transgender,India,Pondicherry,Pondicherry,375330,Single
2193,Jane White,2023-07-08,janewhite@gmail.com,Female,India,Himachal Pradesh,Shimla,649180,Married
2194,Rose Kirby,2024-03-12,rosekirby5463@ymail.com,Female,United States,Pennsylvania,Reading,984669,Divorced
2195,Xavier Chase,2024-07-10,xavierchase@ymail.com,Transgender,United States,Missouri,Jefferson City,578441,Single
2196,Maris Griffith,2025-01-11,marisgriffith@gmail.com,Transgender,United States,Delaware,Bear,362222,Divorced
2197,Stephanie Townsend,2023-06-23,stephanietownsend8880@gmail.com,Female,India,Punjab,Gujrat,283643,Common Law
2198,Basia Lynch,2024-07-18,basialynch@gmail.com,Female,United States,Massachusetts,Lowell,629173,Common Law
2199,Fritz Robinson,2023-10-09,fritzrobinson2670@gmail.com,Female,India,Goa,Panjim,160414,Married
2200,Ivan Goodwin,2023-09-23,ivangoodwin8703@gmail.com,Male,India,Jharkhand,Purnea,872889,Common Law
2201,Shaine Reynolds,2024-09-26,shainereynolds@gmail.com,Male,India,Chandigarh,Chandigarh,902169,Single
2202,Kay Hammond,2024-09-14,kayhammond952@gmail.com,Female,India,Punjab,Hafizabad,470861,Common Law
2203,Isadora Rhodes,2023-08-10,isadorarhodes437@yahoomail.com,Transgender,United States,Missouri,Columbia,356683,Married
2204,Axel Workman,2025-03-18,axelworkman6647@yahoomail.com,Female,India,Sikkim,Gangtok,911799,Divorced
2205,Hayden Burris,2023-09-16,haydenburris12@ymail.com,Female,United States,Michigan,Detroit,607584,Divorced
2206,Charde Hardy,2025-02-17,chardehardy@yahoomail.com,Transgender,United States,Washington,Seattle,896191,Divorced
2207,Haley Stout,2024-09-07,haleystout5385@gmail.com,Transgender,India,Jammu and Kashmir,Srinagar,571291,Common Law
2208,Gray Whitehead,2025-01-14,graywhitehead@ymail.com,Transgender,India,Maharastra,Thane,489400,Divorced
2209,Kamal Patterson,2023-05-15,kamalpatterson1016@gmail.com,Transgender,India,Himachal Pradesh,Shimla,913609,Single
2210,Delilah Stanley,2024-09-21,delilahstanley@gmail.com,Male,India,Manipur,Imphal,353976,Married
2211,Tiger Stafford,2023-04-22,tigerstafford@yahoomail.com,Transgender,India,Kerala,Thalassery,314000,Married
2212,Armando Knowles,2024-05-31,armandoknowles@gmail.com,Male,India,Jammu and Kashmir,Srinagar,962203,Common Law
2213,Trevor Hampton,2024-09-13,trevorhampton@yahoomail.com,Male,India,Bihar,Katihar,385716,Divorced
2214,Roary Walton,2024-08-19,roarywalton123@ymail.com,Male,United States,Minnesota,Duluth,563302,Single
2215,Ronan Ayers,2024-12-18,ronanayers@gmail.com,Transgender,United States,California,San Diego,411043,Divorced
2216,Fredericka Mccarthy,2024-01-27,frederickamccarthy5438@yahoomail.com,Transgender,United States,Missouri,Springfield,681932,Single
2217,Jesse Baxter,2024-11-20,jessebaxter@gmail.com,Transgender,United States,Colorado,Lakewood,111798,Divorced
2218,Gavin Knowles,2023-12-31,gavinknowles5861@ymail.com,Female,United States,Louisiana,Metairie,218022,Single
2219,Marcia Robles,2024-05-05,marciarobles@gmail.com,Female,United States,Oklahoma,Norman,254550,Single
2220,Stuart Thornton,2023-11-28,stuartthornton@gmail.com,Male,India,Punjab,Sialkot,390313,Divorced
2221,Joelle Conner,2023-04-10,joelleconner@gmail.com,Male,India,Delhi,Delhi,750171,Single
2222,Piper Acevedo,2024-10-29,piperacevedo5905@ymail.com,Female,India,Chhattisgarh,Bhilai,960978,Common Law
2223,Jared Farley,2023-11-14,jaredfarley@gmail.com,Female,United States,Mississippi,Jackson,292396,Common Law
2224,Nasim Wheeler,2023-07-22,nasimwheeler986@gmail.com,Female,India,Manipur,Imphal,447523,Divorced
2225,Quentin Duke,2024-04-25,quentinduke8025@gmail.com,Male,United States,Wyoming,Cheyenne,648061,Single
2226,Kelsie James,2023-04-24,kelsiejames@gmail.com,Female,United States,Illinois,Rockford,254205,Divorced
2227,Preston Mendez,2025-03-13,prestonmendez@yahoomail.com,Female,India,Himachal Pradesh,Shimla,976267,Single
2228,Zelda Cunningham,2024-12-22,zeldacunningham@ymail.com,Male,United States,Wisconsin,Milwaukee,200293,Common Law
2229,Yasir Flowers,2024-07-01,yasirflowers8417@yahoomail.com,Female,India,Uttar Pradesh,Noida,819424,Single
2230,Serena Mayo,2024-03-24,serenamayo651@ymail.com,Male,United States,Minnesota,Saint Paul,618808,Married
2231,Iola Cervantes,2024-04-02,iolacervantes9326@gmail.com,Female,India,Chhattisgarh,Durg,475775,Common Law
2232,Ashton Martinez,2024-10-25,ashtonmartinez9582@ymail.com,Female,India,Goa,Panjim,270954,Single
2233,Cailin Clark,2024-07-02,cailinclark3062@ymail.com,Male,India,Arunachal Pradesh,Itanagar,284782,Single
2234,Chester Silva,2025-03-28,chestersilva47@ymail.com,Male,India,Delhi,Delhi,982092,Single
2235,Amery Hahn,2023-08-05,ameryhahn2956@gmail.com,Female,India,Lakshadweep,Kavaratti,369219,Single
2236,Matthew Leonard,2025-02-14,matthewleonard6522@yahoomail.com,Transgender,India,Kerala,Trivandrum,329305,Married
2237,Joy Sweeney,2024-02-03,joysweeney4434@ymail.com,Transgender,United States,Minnesota,Bloomington,444384,Divorced
2238,Jesse Jennings,2024-09-16,jessejennings@gmail.com,Transgender,United States,Hawaii,Hilo,792406,Single
2239,Hasad Cash,2023-10-07,hasadcash8013@yahoomail.com,Male,India,Sikkim,Gangtok,813561,Married
2240,Akeem Sykes,2024-10-25,akeemsykes9059@gmail.com,Transgender,United States,Maryland,Frederick,899945,Married
2241,Katelyn Ross,2023-12-07,katelynross@ymail.com,Transgender,United States,Hawaii,Kaneohe,138223,Common Law
2242,Delilah England,2023-04-26,delilahengland1255@yahoomail.com,Transgender,United States,Illinois,Joliet,346324,Single
2243,Fitzgerald Scott,2023-06-13,fitzgeraldscott5772@gmail.com,Female,United States,Tennessee,Nashville,812874,Single
2244,Dillon Jackson,2024-01-14,dillonjackson@yahoomail.com,Female,United States,Nebraska,Lincoln,825099,Married
2245,Unity Hinton,2023-04-09,unityhinton@ymail.com,Transgender,United States,Georgia,Augusta,818323,Divorced
2246,Kenneth Montoya,2025-01-31,kennethmontoya@yahoomail.com,Transgender,India,Chandigarh,Chandigarh,913277,Single
2247,Lana Schneider,2023-06-20,lanaschneider4576@yahoomail.com,Male,United States,Colorado,Aurora,907407,Common Law
2248,Jocelyn Luna,2023-07-08,jocelynluna2927@gmail.com,Transgender,United States,California,San Francisco,891290,Single
2249,Lucian Kirkland,2024-10-13,luciankirkland324@ymail.com,Transgender,India,Nagaland,Kohima,143939,Single
2250,Ann Gardner,2023-12-10,anngardner7398@yahoomail.com,Male,India,Andhra Pradesh,Anantapur,804707,Single
2251,Leslie Cherry,2023-12-23,lesliecherry6573@yahoomail.com,Female,India,Daman and Diu,Daman,261283,Divorced
2252,Ezra Flores,2023-05-25,ezraflores@gmail.com,Female,India,Himachal Pradesh,Shimla,867449,Divorced
2253,Silas Reese,2023-10-04,silasreese@yahoomail.com,Female,United States,Montana,Butte,207772,Married
2254,Joseph Burgess,2025-01-30,josephburgess1210@ymail.com,Male,India,Gujarat,Surat,578831,Common Law
2255,Coby Cooke,2024-09-08,cobycooke@gmail.com,Transgender,United States,Michigan,Sterling Heights,994283,Single
2256,Yael Knight,2024-07-02,yaelknight@ymail.com,Transgender,United States,Washington,Olympia,641134,Married
2257,Kyra Mullins,2024-12-10,kyramullins2458@ymail.com,Female,India,Daman and Diu,Daman,437702,Divorced
2258,Adena Lawrence,2024-12-19,adenalawrence@ymail.com,Female,United States,Missouri,Columbia,701565,Divorced
2259,Madaline Baxter,2024-01-27,madalinebaxter2899@yahoomail.com,Male,United States,Colorado,Fort Collins,248567,Single
2260,Elaine Fox,2023-11-06,elainefox4134@yahoomail.com,Transgender,India,Karnataka,Hubli,263736,Common Law
2261,Clementine Delaney,2025-02-03,clementinedelaney7127@gmail.com,Female,India,Manipur,Imphal,396709,Single
2262,Callum Beach,2024-08-18,callumbeach7319@ymail.com,Male,United States,Arizona,Mesa,331563,Married
2263,Micah Casey,2023-10-06,micahcasey346@gmail.com,Female,United States,Kansas,Topeka,378414,Common Law
2264,Amaya Lopez,2023-05-01,amayalopez@ymail.com,Male,India,Madhya Pradesh,Ujjain,363596,Married
2265,Dorian King,2023-08-20,dorianking@gmail.com,Transgender,India,Assam,Guwahati,804123,Single
2266,Xena Wiley,2024-09-07,xenawiley@ymail.com,Female,United States,Hawaii,Kapolei,634328,Common Law
2267,Clare Alexander,2024-05-22,clarealexander5335@gmail.com,Female,India,Chandigarh,Chandigarh,744093,Common Law
2268,Calvin Clements,2024-09-28,calvinclements7044@yahoomail.com,Transgender,India,Madhya Pradesh,Mandasor,964917,Married
2269,Aspen Phelps,2025-03-25,aspenphelps1009@ymail.com,Female,United States,Connecticut,Waterbury,627314,Single
2270,Summer Lyons,2024-05-12,summerlyons4833@gmail.com,Female,United States,Kansas,Olathe,115014,Divorced
2271,Calista Davis,2024-06-04,calistadavis@gmail.com,Female,United States,Arkansas,Jonesboro,109997,Married
2272,Chantale Reese,2024-09-27,chantalereese@yahoomail.com,Female,United States,Montana,Helena,366178,Married
2273,Amanda Weiss,2023-11-28,amandaweiss3366@yahoomail.com,Male,India,Goa,Panjim,916618,Married
2274,Lacey Diaz,2024-12-18,laceydiaz@yahoomail.com,Transgender,India,Rajasthan,Sikar,144608,Married
2275,Blake Wagner,2024-09-23,blakewagner@yahoomail.com,Female,India,Bihar,Munger,286852,Common Law
2276,Nina Ruiz,2024-03-18,ninaruiz@ymail.com,Male,India,Kerala,Kollam,625714,Single
2277,Ori Wilder,2025-03-14,oriwilder@ymail.com,Transgender,India,Bihar,Gaya,491749,Married
2278,Eric Oliver,2024-07-21,ericoliver3950@gmail.com,Transgender,India,Tamil Nadu,Cuddalore,173850,Common Law
2279,Kuame Gutierrez,2024-03-24,kuamegutierrez4288@yahoomail.com,Female,United States,Louisiana,Baton Rouge,952599,Married
2280,Fleur Collins,2023-03-31,fleurcollins8361@ymail.com,Transgender,India,Manipur,Imphal,926850,Single
2281,Ann Cannon,2024-11-06,anncannon3514@yahoomail.com,Female,United States,California,Los Angeles,283379,Married
2282,Brielle Palmer,2023-09-30,briellepalmer2036@gmail.com,Transgender,United States,Maine,Bangor,302694,Divorced
2283,Ila Hayes,2024-08-21,ilahayes@yahoomail.com,Transgender,India,Kerala,Kozhikode,700085,Single
2284,Emerson Carter,2023-06-18,emersoncarter6956@gmail.com,Transgender,India,Andaman and Nicobar Islands,Port Blair,770971,Divorced
2285,Carissa Scott,2024-02-28,carissascott@ymail.com,Female,India,Assam,Nagaon,715884,Single
2286,Julian Dickerson,2024-07-05,juliandickerson966@gmail.com,Transgender,India,Andhra Pradesh,Tenali,205030,Single
2287,Kai Clements,2024-06-22,kaiclements@ymail.com,Transgender,United States,Wisconsin,Madison,269667,Divorced
2288,Vivien Garza,2023-06-16,viviengarza@yahoomail.com,Transgender,United States,Virginia,Richmond,223339,Divorced
2289,Blaze Cole,2024-09-25,blazecole5200@ymail.com,Female,United States,Utah,Salt Lake City,360987,Divorced
2290,Kyra Harrell,2024-05-31,kyraharrell9485@yahoomail.com,Transgender,United States,Colorado,Denver,793460,Married
2291,Clarke Espinoza,2024-10-06,clarkeespinoza737@ymail.com,Transgender,United States,Utah,Sandy,272436,Single
2292,Desirae Griffin,2024-06-04,desiraegriffin360@gmail.com,Transgender,United States,Idaho,Idaho Falls,762469,Single
2293,Malachi Horne,2023-07-09,malachihorne5799@gmail.com,Male,United States,Colorado,Colorado Springs,423955,Common Law
2294,Jolie Taylor,2024-02-13,jolietaylor2143@ymail.com,Female,India,Himachal Pradesh,Shimla,154509,Divorced
2295,Luke Craft,2024-02-23,lukecraft@gmail.com,Female,India,Haryana,Hisar,928529,Married
2296,Hashim Valenzuela,2024-12-19,hashimvalenzuela@ymail.com,Female,United States,Delaware,Newark,506199,Married
2297,Jessica Hensley,2024-08-14,jessicahensley6246@gmail.com,Female,United States,Mississippi,Hattiesburg,970745,Single
2298,Cole Levine,2023-10-19,colelevine7022@yahoomail.com,Transgender,United States,Nevada,Paradise,528199,Divorced
2299,Desiree Gibbs,2025-03-19,desireegibbs6766@yahoomail.com,Transgender,India,Dadra and Nagar Haveli,Silvassa,265457,Divorced
2300,Aretha Meyer,2024-06-18,arethameyer@yahoomail.com,Transgender,United States,Kansas,Overland Park,338202,Common Law
2301,Amery Aguirre,2023-03-29,ameryaguirre@ymail.com,Transgender,United States,Mississippi,Hattiesburg,354810,Common Law
2302,Lareina Beasley,2023-11-19,lareinabeasley@gmail.com,Transgender,United States,Washington,Tacoma,887112,Common Law
2303,Philip Glenn,2024-07-29,philipglenn@yahoomail.com,Transgender,United States,Oregon,Hillsboro,434177,Common Law
2304,Eugenia Thompson,2024-03-02,eugeniathompson@gmail.com,Female,India,Dadra and Nagar Haveli,Silvassa,105452,Common Law
2305,Kathleen Wynn,2023-10-27,kathleenwynn@gmail.com,Male,United States,Nebraska,Omaha,817203,Single
2306,Thor Warren,2025-03-24,thorwarren@yahoomail.com,Male,United States,Iowa,Cedar Rapids,659542,Single
2307,Germane Goodwin,2023-06-04,germanegoodwin@ymail.com,Female,India,Rajasthan,Pali,925528,Married
2308,Quentin Merrill,2024-01-08,quentinmerrill@yahoomail.com,Female,United States,Arizona,Tucson,355477,Common Law
2309,Robert Bowers,2025-03-23,robertbowers837@gmail.com,Transgender,United States,Indiana,South Bend,943487,Married
2310,Jakeem Langley,2023-05-16,jakeemlangley@gmail.com,Transgender,United States,Indiana,Gary,479089,Common Law
2311,Zoe Conner,2023-06-22,zoeconner9120@yahoomail.com,Male,United States,Washington,Bellevue,443504,Married
2312,Tiger Lara,2024-10-01,tigerlara@ymail.com,Female,United States,Colorado,Fort Collins,676113,Divorced
2313,Riley Weaver,2023-11-15,rileyweaver@ymail.com,Female,India,Bihar,Gaya,399862,Single
2314,Quemby Cline,2024-10-24,quembycline7321@ymail.com,Female,United States,Alaska,Anchorage,545813,Divorced
2315,Bradley Fulton,2023-09-06,bradleyfulton7750@ymail.com,Male,United States,Wyoming,Laramie,366025,Married
2316,Leonard Ryan,2024-08-03,leonardryan@ymail.com,Female,India,Madhya Pradesh,Vidisha,155530,Married
2317,Ishmael Merritt,2023-11-20,ishmaelmerritt@gmail.com,Transgender,United States,Arkansas,Jonesboro,664078,Common Law
2318,Kareem Gonzalez,2024-05-04,kareemgonzalez4972@yahoomail.com,Male,United States,Ohio,Columbus,490813,Single
2319,Jonah Moon,2024-08-17,jonahmoon5986@yahoomail.com,Male,India,Mizoram,Aizwal,195181,Single
2320,Madeson Mcfadden,2024-10-04,madesonmcfadden@gmail.com,Male,United States,Ohio,Akron,757410,Single
2321,Arden Park,2023-10-27,ardenpark@ymail.com,Male,India,Uttar Pradesh,Hapur,719824,Single
2322,Joan Buchanan,2024-09-09,joanbuchanan3151@ymail.com,Female,United States,Idaho,Nampa,302127,Divorced
2323,Tatyana Olsen,2024-01-07,tatyanaolsen@yahoomail.com,Male,India,Himachal Pradesh,Shimla,582457,Common Law
2324,Adena Hunter,2025-01-07,adenahunter4416@ymail.com,Male,India,Dadra and Nagar Haveli,Silvassa,725379,Single
2325,Laura Gonzalez,2024-01-31,lauragonzalez8611@gmail.com,Female,United States,Florida,Jacksonville,598681,Single
2326,Tashya Velazquez,2023-05-29,tashyavelazquez7999@yahoomail.com,Female,India,Uttarakhand,Haridwar,932171,Single
2327,Ina Buck,2024-01-06,inabuck@gmail.com,Transgender,India,Chandigarh,Chandigarh,843676,Married
2328,Graham Burns,2023-11-18,grahamburns6220@yahoomail.com,Female,India,Rajasthan,Jodhpur,391386,Married
2329,Dara Stokes,2025-02-05,darastokes2031@gmail.com,Transgender,India,Meghalaya,Shillong,635668,Married
2330,Quamar Bradshaw,2023-08-29,quamarbradshaw8616@ymail.com,Transgender,India,Tripura,Agartala,834296,Common Law
2331,Karina Rosa,2025-02-07,karinarosa@yahoomail.com,Female,United States,Pennsylvania,Philadelphia,523454,Divorced
2332,Brendan Lloyd,2024-07-31,brendanlloyd1443@gmail.com,Transgender,United States,Alaska,College,848361,Married
2333,Madeson Deleon,2024-04-18,madesondeleon1381@gmail.com,Female,United States,Oklahoma,Lawton,922647,Divorced
2334,Winifred Hanson,2023-12-10,winifredhanson@gmail.com,Male,United States,Maine,South Portland,883547,Single
2335,Samuel Bass,2023-10-15,samuelbass@gmail.com,Female,India,West Bengal,Ingraj Bazar,447482,Married
2336,Brody Welch,2024-05-03,brodywelch@ymail.com,Male,United States,Illinois,Rockford,312929,Common Law
2337,Ethan Hull,2023-08-05,ethanhull8885@ymail.com,Female,United States,Nevada,Las Vegas,177622,Married
2338,Nash Henry,2023-04-27,nashhenry@gmail.com,Female,United States,Ohio,Akron,595407,Divorced
2339,Salvador Kline,2023-07-11,salvadorkline@yahoomail.com,Male,United States,Delaware,Pike Creek,464482,Divorced
2340,Rahim Conrad,2024-09-22,rahimconrad@yahoomail.com,Transgender,India,Kerala,Cochin,420008,Divorced
2341,Peter Herrera,2024-02-17,peterherrera@ymail.com,Transgender,India,Karnataka,Hospet,886012,Married
2342,Fay King,2024-10-17,fayking@yahoomail.com,Transgender,United States,Washington,Seattle,396554,Married
2343,Stacey Todd,2024-03-08,staceytodd3077@yahoomail.com,Transgender,India,Punjab,Khanewal,369727,Common Law
2344,Rooney Wilkinson,2023-10-27,rooneywilkinson4954@gmail.com,Transgender,India,Madhya Pradesh,Bhind,965903,Married
2345,Richard Lott,2023-10-17,richardlott@gmail.com,Transgender,India,Goa,Panjim,965990,Common Law
2346,Camden Calhoun,2024-11-28,camdencalhoun@ymail.com,Female,India,Uttar Pradesh,Amroha,925989,Single
2347,Griffin Cannon,2023-11-17,griffincannon@ymail.com,Female,United States,Hawaii,Kapolei,654845,Common Law
2348,Tara Williams,2025-03-03,tarawilliams@yahoomail.com,Female,United States,Oklahoma,Lawton,316860,Divorced
2349,Ignacia Gilmore,2024-06-15,ignaciagilmore270@ymail.com,Female,United States,Wyoming,Gillette,523142,Married
2350,Pascale Fitzgerald,2024-04-18,pascalefitzgerald@yahoomail.com,Male,United States,Indiana,Fort Wayne,511412,Common Law
2351,Amela Salinas,2024-05-19,amelasalinas@gmail.com,Male,India,Pondicherry,Pondicherry,301489,Divorced
2352,Ingrid Howe,2024-10-13,ingridhowe2456@yahoomail.com,Transgender,India,Manipur,Imphal,326423,Single
2353,Desiree Hays,2023-07-26,desireehays3928@ymail.com,Female,United States,Florida,Orlando,158906,Divorced
2354,Alea Wagner,2024-12-18,aleawagner@gmail.com,Male,United States,Vermont,Essex,567431,Divorced
2355,Zeus Cochran,2025-03-04,zeuscochran@ymail.com,Male,United States,Ohio,Akron,353622,Divorced
2356,Karina Johns,2024-11-07,karinajohns6270@gmail.com,Transgender,United States,Indiana,Evansville,115195,Common Law
2357,Cecilia Alford,2024-10-27,ceciliaalford@yahoomail.com,Transgender,India,Bihar,Patna,878108,Married
2358,Juliet Henderson,2024-08-01,juliethenderson5000@gmail.com,Female,United States,Maryland,Annapolis,154672,Common Law
2359,Aquila Noble,2023-11-19,aquilanoble@ymail.com,Male,India,Andaman and Nicobar Islands,Port Blair,174372,Married
2360,Jack Sanders,2023-11-02,jacksanders7913@ymail.com,Male,United States,Nebraska,Kearney,569917,Married
2361,Grant Flynn,2025-01-16,grantflynn@yahoomail.com,Female,India,Chhattisgarh,Korba,389989,Married
2362,Risa Harding,2023-12-17,risaharding@ymail.com,Male,United States,Utah,Provo,700099,Common Law
2363,Hedda Tate,2024-07-24,heddatate1655@ymail.com,Female,United States,Arizona,Glendale,282839,Common Law
2364,Brandon Odom,2024-06-04,brandonodom@yahoomail.com,Transgender,India,Meghalaya,Shillong,524633,Single
2365,Erich Dalton,2024-05-24,erichdalton@yahoomail.com,Female,India,Chandigarh,Chandigarh,735806,Single
2366,Blossom Byrd,2023-10-01,blossombyrd@gmail.com,Female,United States,Montana,Helena,901917,Married
2367,Zachery Black,2024-09-15,zacheryblack219@gmail.com,Transgender,United States,Maryland,Columbia,791805,Divorced
2368,Belle Dyer,2025-01-18,belledyer6648@gmail.com,Male,India,Tamil Nadu,Erode,379131,Married
2369,Gloria Cabrera,2023-11-24,gloriacabrera@ymail.com,Transgender,India,Pondicherry,Pondicherry,636277,Divorced
2370,Ruby Frank,2023-12-17,rubyfrank6919@yahoomail.com,Transgender,India,Goa,Panjim,667778,Divorced
2371,Mason Miller,2024-09-16,masonmiller@ymail.com,Male,United States,Ohio,Toledo,996575,Married
2372,Amethyst Austin,2024-11-24,amethystaustin@yahoomail.com,Male,India,Kerala,Allappuzha,606864,Common Law
2373,Ivory Fitzgerald,2023-10-03,ivoryfitzgerald295@ymail.com,Male,United States,Hawaii,Kaneohe,642683,Married
2374,Dalton Harrington,2023-07-01,daltonharrington@gmail.com,Transgender,India,Assam,Silchar,570732,Married
2375,Madeson Newman,2024-02-02,madesonnewman9374@gmail.com,Male,United States,Arkansas,Fort Smith,858464,Divorced
2376,Basil Santos,2023-07-11,basilsantos2584@gmail.com,Female,India,Dadra and Nagar Haveli,Silvassa,259427,Divorced
2377,Portia Dean,2023-03-29,portiadean@yahoomail.com,Female,India,Chandigarh,Chandigarh,675710,Divorced
2378,Tanek Castaneda,2023-10-02,tanekcastaneda1523@yahoomail.com,Female,United States,Washington,Bellevue,691945,Divorced
2379,Barbara Owen,2023-09-08,barbaraowen@gmail.com,Male,India,Pondicherry,Pondicherry,570437,Single
2380,Miranda Green,2023-12-29,mirandagreen@gmail.com,Transgender,India,Goa,Panjim,757751,Common Law
2381,Philip Ewing,2023-12-29,philipewing@yahoomail.com,Transgender,India,Nagaland,Kohima,935358,Married
2382,Alika Wilcox,2024-04-21,alikawilcox@ymail.com,Female,United States,California,San Diego,413864,Common Law
2383,Urielle Sweeney,2023-11-04,uriellesweeney@ymail.com,Female,United States,Utah,Sandy,345391,Married
2384,Amethyst Bush,2024-03-18,amethystbush4569@ymail.com,Transgender,India,Odisha,Raurkela Civil Township,811906,Single
2385,Henry Rodriquez,2023-12-23,henryrodriquez4944@gmail.com,Male,India,Chandigarh,Chandigarh,779508,Single
2386,Macey Bell,2024-03-20,maceybell3401@yahoomail.com,Male,India,Uttarakhand,Haridwar,377936,Married
2387,Caleb Pickett,2024-07-27,calebpickett6813@gmail.com,Female,India,Delhi,Delhi,783579,Married
2388,Ella Tucker,2025-02-14,ellatucker9304@gmail.com,Transgender,India,Odisha,Bhubaneswar,796514,Divorced
2389,Imelda Kelley,2023-12-14,imeldakelley8505@yahoomail.com,Male,United States,Virginia,Richmond,347799,Married
2390,Kelsey Decker,2024-03-05,kelseydecker@ymail.com,Female,India,Chandigarh,Chandigarh,527732,Common Law
2391,Emmanuel Soto,2024-10-22,emmanuelsoto@yahoomail.com,Male,India,Pondicherry,Pondicherry,973827,Married
2392,Chloe Ramsey,2023-10-10,chloeramsey6095@ymail.com,Female,India,Punjab,Chiniot,741606,Single
2393,Driscoll Leonard,2024-12-06,driscollleonard@ymail.com,Male,United States,Kentucky,Louisville,423040,Common Law
2394,Fletcher Snider,2023-08-11,fletchersnider@yahoomail.com,Female,India,Nagaland,Kohima,378232,Divorced
2395,Astra Carrillo,2023-09-16,astracarrillo@ymail.com,Female,United States,Tennessee,Chattanooga,930579,Divorced
2396,Lucius Jackson,2024-02-16,luciusjackson@gmail.com,Transgender,United States,Washington,Bellevue,316318,Married
2397,Neve Farley,2025-02-23,nevefarley@gmail.com,Female,India,Dadra and Nagar Haveli,Silvassa,567743,Single
2398,Kadeem Rice,2024-05-17,kadeemrice7489@yahoomail.com,Female,India,Andaman and Nicobar Islands,Port Blair,923093,Common Law
2399,Clark Jackson,2025-01-11,clarkjackson1321@ymail.com,Female,India,Andhra Pradesh,Gudivada,726548,Common Law
2400,Kim Whitley,2023-04-03,kimwhitley6299@yahoomail.com,Female,India,Karnataka,Mandya,351798,Common Law
2401,Serena Rowland,2023-07-23,serenarowland6314@gmail.com,Transgender,India,Delhi,Delhi,820129,Divorced
2402,Zorita Meyer,2024-11-05,zoritameyer3608@yahoomail.com,Female,United States,Ohio,Toledo,722497,Divorced
2403,Cairo Donaldson,2024-07-30,cairodonaldson2706@yahoomail.com,Transgender,India,Chhattisgarh,Korba,311793,Divorced
2404,Hannah Mathis,2023-12-04,hannahmathis2558@gmail.com,Female,India,Madhya Pradesh,Murwara,454273,Common Law
2405,Austin Conrad,2023-11-15,austinconrad@yahoomail.com,Female,India,Nagaland,Kohima,177121,Common Law
2406,Hilary Alexander,2024-03-28,hilaryalexander8778@ymail.com,Male,United States,Illinois,Rockford,802100,Divorced
2407,Jonah Stanton,2024-10-17,jonahstanton@ymail.com,Male,India,Sikkim,Gangtok,482447,Married
2408,Isabella Hunt,2023-07-22,isabellahunt8989@yahoomail.com,Transgender,United States,Arkansas,Springdale,255577,Married
2409,Camilla Banks,2024-09-08,camillabanks9053@ymail.com,Transgender,India,Sikkim,Gangtok,629550,Divorced
2410,Brady Boyle,2025-03-16,bradyboyle@gmail.com,Transgender,United States,Massachusetts,Boston,529125,Single
2411,Gavin Lowery,2023-09-24,gavinlowery@yahoomail.com,Transgender,India,Arunachal Pradesh,Itanagar,352046,Divorced
2412,Whilemina Benton,2023-09-15,whileminabenton7964@ymail.com,Male,United States,Virginia,Virginia Beach,487173,Common Law
2413,Lara Carr,2023-04-11,laracarr@yahoomail.com,Female,India,Uttarakhand,Dehradun,897959,Married
2414,Breanna Parrish,2023-06-03,breannaparrish@ymail.com,Transgender,India,Jharkhand,Jamshedpur,342630,Divorced
2415,Roth Dixon,2023-05-01,rothdixon6141@ymail.com,Male,United States,Michigan,Detroit,153530,Divorced
2416,Bertha Mcneil,2025-01-23,berthamcneil@gmail.com,Male,United States,Washington,Olympia,242461,Single
2417,Keiko Wiggins,2023-08-11,keikowiggins9921@yahoomail.com,Male,India,Bihar,Chapra,793391,Common Law
2418,Ayanna Branch,2023-08-14,ayannabranch7114@yahoomail.com,Male,United States,Minnesota,Saint Paul,330719,Married
2419,Dacey Carney,2024-06-03,daceycarney4587@ymail.com,Male,India,Madhya Pradesh,Burhanpur,843558,Divorced
2420,Dillon Gordon,2023-08-31,dillongordon3372@yahoomail.com,Female,India,Assam,Nagaon,574556,Common Law
2421,Nero Jenkins,2024-06-10,nerojenkins@gmail.com,Transgender,India,Pondicherry,Pondicherry,719788,Single
2422,Odessa Mccullough,2024-06-15,odessamccullough@gmail.com,Transgender,United States,Vermont,Colchester,735979,Common Law
2423,Tate Curtis,2024-09-28,tatecurtis@yahoomail.com,Male,India,Goa,Panjim,102177,Divorced
2424,Alana Williamson,2024-02-06,alanawilliamson1835@yahoomail.com,Female,India,Chhattisgarh,Bilaspur,895034,Divorced
2425,Dana Hopper,2023-09-21,danahopper@gmail.com,Male,United States,Wisconsin,Kenosha,284056,Married
2426,Neville Barton,2024-11-27,nevillebarton@gmail.com,Transgender,India,Bihar,Dehri,464723,Common Law
2427,Vivian House,2023-08-11,vivianhouse@yahoomail.com,Male,India,Andhra Pradesh,Vijayawada,507778,Common Law
2428,Edan Velazquez,2024-03-16,edanvelazquez@gmail.com,Female,United States,Minnesota,Bloomington,319385,Married
2429,Allistair Hays,2024-01-28,allistairhays1598@gmail.com,Transgender,India,Tamil Nadu,Tambaram,941537,Single
2430,Hiram Barrera,2023-12-05,hirambarrera@ymail.com,Female,India,Himachal Pradesh,Shimla,700016,Single
2431,Halee Lee,2024-02-27,haleelee@gmail.com,Transgender,United States,Minnesota,Minneapolis,108911,Single
2432,Quin Fisher,2023-10-31,quinfisher@yahoomail.com,Female,United States,Kansas,Kansas City,528473,Divorced
2433,Magee Austin,2023-11-22,mageeaustin@ymail.com,Male,United States,Virginia,Norfolk,973926,Married
2434,Anastasia Hodges,2023-10-06,anastasiahodges@gmail.com,Transgender,United States,Massachusetts,Springfield,414167,Common Law
2435,Sydney Stephens,2024-05-24,sydneystephens4029@gmail.com,Transgender,United States,Kentucky,Owensboro,494164,Single
2436,Simon Mckay,2024-12-03,simonmckay4819@gmail.com,Male,United States,Indiana,Indianapolis,930438,Married
2437,Jemima Chambers,2023-10-23,jemimachambers9228@yahoomail.com,Female,United States,Ohio,Toledo,901184,Common Law
2438,Cherokee Andrews,2025-01-22,cherokeeandrews8099@gmail.com,Male,India,Karnataka,Davangere,329939,Divorced
2439,Elton Sharp,2024-11-09,eltonsharp@yahoomail.com,Female,United States,Vermont,Essex,320642,Divorced
2440,Philip Soto,2023-04-16,philipsoto6256@gmail.com,Transgender,United States,Montana,Butte,386873,Divorced
2441,Leonard Jacobson,2024-09-13,leonardjacobson7982@yahoomail.com,Transgender,India,Daman and Diu,Daman,436141,Married
2442,Ralph O'brien,2024-06-16,ralphobrien@ymail.com,Transgender,India,Maharastra,Gondiya,622814,Single
2443,Giselle Alford,2024-03-06,gisellealford@gmail.com,Transgender,United States,Kentucky,Frankfort,854689,Single
2444,Ross Serrano,2024-11-15,rossserrano1867@ymail.com,Transgender,India,Maharastra,Bhusawal,380145,Common Law
2445,Aurora Lynn,2023-06-24,auroralynn2280@yahoomail.com,Transgender,United States,Oklahoma,Oklahoma City,746969,Common Law
2446,Eric Diaz,2023-10-29,ericdiaz6790@gmail.com,Male,India,Andhra Pradesh,Vizianagaram,845232,Married
2447,Rajah Rivers,2024-07-23,rajahrivers3372@yahoomail.com,Female,United States,Alaska,Juneau,802674,Single
2448,Unity Mason,2023-05-04,unitymason@ymail.com,Transgender,India,Uttar Pradesh,Mirzapur-cum-Vindhyachal,495259,Married
2449,James Bean,2024-04-29,jamesbean@gmail.com,Transgender,United States,Nebraska,Bellevue,484735,Divorced
2450,Madeson Miller,2024-08-01,madesonmiller@yahoomail.com,Female,United States,Kentucky,Frankfort,841247,Divorced
2451,Elliott Welch,2024-09-14,elliottwelch1909@ymail.com,Male,India,Karnataka,Bangalore,307615,Single
2452,Thomas Collier,2024-02-24,thomascollier@gmail.com,Male,India,Tamil Nadu,Tiruvarur,904162,Single
2453,Cedric Kerr,2023-08-07,cedrickerr6864@yahoomail.com,Male,United States,Tennessee,Clarksville,963736,Married
2454,Jolene Ferguson,2023-04-19,joleneferguson4663@yahoomail.com,Male,India,Himachal Pradesh,Shimla,423921,Common Law
2455,Daria Hicks,2023-04-27,dariahicks5937@ymail.com,Male,India,Dadra and Nagar Haveli,Silvassa,907431,Married
2456,Lars Heath,2025-02-17,larsheath3089@gmail.com,Male,India,Himachal Pradesh,Shimla,628654,Single
2457,Irma Hunter,2024-02-04,irmahunter5633@ymail.com,Female,United States,Alabama,Birmingham,461828,Married
2458,Kylan Rivers,2023-10-17,kylanrivers@ymail.com,Female,India,West Bengal,Barahanagar,593776,Married
2459,Keith Ashley,2023-07-26,keithashley@ymail.com,Male,India,Uttarakhand,Dehradun,171571,Single
2460,Ivana Wyatt,2023-04-28,ivanawyatt1054@yahoomail.com,Female,United States,Missouri,Columbia,592289,Divorced
2461,Forrest Olson,2024-05-13,forrestolson6934@yahoomail.com,Male,India,Mizoram,Aizwal,197848,Married
2462,Gay Gates,2023-05-24,gaygates7451@ymail.com,Transgender,United States,Wyoming,Rock Springs,898219,Married
2463,Ashton Goodwin,2023-11-16,ashtongoodwin@yahoomail.com,Male,India,Karnataka,Davangere,222871,Common Law
2464,Harper Massey,2025-02-15,harpermassey@ymail.com,Transgender,India,Haryana,Rohtak,586773,Married
2465,Liberty Flowers,2024-02-15,libertyflowers6564@ymail.com,Male,United States,Missouri,Jefferson City,713161,Divorced
2466,Kelsie Armstrong,2024-07-13,kelsiearmstrong6923@ymail.com,Female,United States,Tennessee,Knoxville,446500,Married
2467,Bevis Oneil,2025-03-27,bevisoneil@gmail.com,Female,India,Mizoram,Aizwal,687752,Married
2468,Buffy Lucas,2024-04-24,buffylucas@ymail.com,Male,India,Tamil Nadu,Tiruvottiyur,941063,Married
2469,Herman O'brien,2023-04-15,hermanobrien@ymail.com,Transgender,India,Jammu and Kashmir,Srinagar,632478,Single
2470,Joseph Webster,2024-06-02,josephwebster4962@gmail.com,Male,India,Delhi,Delhi,737546,Single
2471,Nicole Castro,2023-09-25,nicolecastro@ymail.com,Male,United States,Minnesota,Minneapolis,473783,Single
2472,Tiger Emerson,2023-06-03,tigeremerson1713@gmail.com,Transgender,United States,Mississippi,Jackson,913047,Married
2473,Yasir Ray,2024-01-05,yasirray@ymail.com,Male,India,Andaman and Nicobar Islands,Port Blair,442234,Single
2474,Akeem Banks,2023-08-23,akeembanks5391@ymail.com,Female,United States,Louisiana,Shreveport,393520,Married
2475,Paki Campos,2024-07-22,pakicampos7626@ymail.com,Female,United States,Georgia,Augusta,947909,Single
2476,Clarke Perry,2023-12-14,clarkeperry7114@yahoomail.com,Male,India,Goa,Panjim,864839,Married
2477,Colton Case,2023-11-06,coltoncase1616@yahoomail.com,Transgender,India,Gujarat,Gandhidham,640058,Common Law
2478,Stuart Logan,2024-11-07,stuartlogan@ymail.com,Male,United States,Idaho,Meridian,675501,Common Law
2479,Gay Holder,2023-12-16,gayholder5026@gmail.com,Transgender,India,Gujarat,Navsari,448281,Single
2480,Sonya Stevenson,2024-03-01,sonyastevenson4505@ymail.com,Female,United States,Alaska,College,541599,Common Law
2481,Lara Mercer,2023-06-18,laramercer9274@ymail.com,Female,India,Uttar Pradesh,Maunath Bhanjan,466155,Common Law
2482,Quon Parsons,2023-06-20,quonparsons@yahoomail.com,Transgender,United States,Vermont,South Burlington,214322,Single
2483,Aphrodite Dickson,2023-10-24,aphroditedickson5909@yahoomail.com,Male,United States,Alaska,Anchorage,112614,Divorced
2484,Eliana Thornton,2025-03-22,elianathornton7609@yahoomail.com,Transgender,United States,Indiana,Fort Wayne,175431,Single
2485,Nelle Stark,2023-09-28,nellestark@ymail.com,Transgender,United States,Louisiana,Lafayette,448526,Divorced
2486,Sonia Vega,2023-05-10,soniavega453@ymail.com,Male,India,Himachal Pradesh,Shimla,696964,Single
2487,Ora Avila,2024-03-26,oraavila@gmail.com,Transgender,India,Tamil Nadu,Palayankottai,692142,Common Law
2488,Calvin Hansen,2024-12-13,calvinhansen@yahoomail.com,Female,India,Mizoram,Aizwal,963815,Single
2489,Frances Gardner,2023-05-15,francesgardner@gmail.com,Transgender,India,Rajasthan,Ganganagar,506140,Married
2490,Juliet Sexton,2023-03-28,julietsexton349@ymail.com,Female,India,Lakshadweep,Kavaratti,687827,Divorced
2491,Zena Vaughn,2024-03-23,zenavaughn@ymail.com,Male,India,Sikkim,Gangtok,214039,Married
2492,Amos Middleton,2024-08-09,amosmiddleton@gmail.com,Transgender,United States,Kansas,Kansas City,608968,Common Law
2493,Zane English,2023-11-15,zaneenglish5714@ymail.com,Female,India,Kerala,Kozhikode,743480,Common Law
2494,Ann Pearson,2023-12-22,annpearson1507@ymail.com,Female,United States,Nevada,Las Vegas,420246,Common Law
2495,Astra Hurst,2023-11-04,astrahurst@yahoomail.com,Male,India,Tamil Nadu,Erode,288301,Married
2496,Larissa Crane,2024-08-13,larissacrane6201@ymail.com,Transgender,United States,Washington,Tacoma,807345,Married
2497,Hermione Valentine,2024-04-23,hermionevalentine1505@yahoomail.com,Transgender,United States,Virginia,Chesapeake,895820,Common Law
2498,Renee Horn,2024-12-07,reneehorn7588@gmail.com,Female,United States,Massachusetts,Cambridge,923028,Divorced
2499,Savannah Branch,2023-07-04,savannahbranch@gmail.com,Female,United States,Hawaii,Hilo,277815,Married
2500,Ebony Mays,2024-04-15,ebonymays9948@gmail.com,Male,United States,Maryland,Gaithersburg,766456,Common Law
