id,name,dob,email,gender,country,region,city,asset,marital_status
1501,Chanda Bailey,2023-11-28,chandabailey@yahoomail.com,Female,United States,Ohio,Cleveland,715607,Single
1502,Laura Gordon,2023-09-20,lauragordon7534@ymail.com,Transgender,United States,Maine,Lewiston,740948,Common Law
1503,Orlando Prince,2025-02-26,orlandoprince@yahoomail.com,Female,India,Punjab,Jalandhar (Jullundur},310443,Common Law
1504,Winter O'donnell,2024-10-03,winterodonnell9945@gmail.com,Male,India,Mizoram,Aizwal,704721,Married
1505,Nomlanga Hyde,2025-03-17,nomlangahyde7099@yahoomail.com,Female,United States,Vermont,Burlington,456731,Common Law
1506,Quon Mcguire,2024-11-28,quonmcguire@gmail.com,Transgender,United States,Maine,Auburn,462678,Single
1507,Althea Garrison,2024-04-26,altheagarrison@gmail.com,Male,United States,Hawaii,Kapolei,299340,Divorced
1508,Francis Woodward,2024-07-02,franciswoodward8291@yahoomail.com,Female,United States,Oklahoma,Tulsa,640871,Married
1509,Eliana Moses,2024-11-03,elianamoses420@ymail.com,Male,United States,Maine,Portland,137839,Married
1510,Mallory Mayer,2023-08-14,mallorymayer240@yahoomail.com,Male,India,Manipur,Imphal,257206,Divorced
1511,Miranda Wilkins,2025-02-19,mirandawilkins@gmail.com,Transgender,United States,Pennsylvania,Allentown,834126,Single
1512,Mary Shepherd,2023-05-23,maryshepherd4738@ymail.com,Female,United States,Alabama,Birmingham,457571,Married
1513,Harper Atkinson,2023-07-25,harperatkinson295@yahoomail.com,Female,India,Jammu and Kashmir,Jammu,268173,Single
1514,Linda Higgins,2024-08-01,lindahiggins6133@gmail.com,Transgender,United States,Connecticut,Stamford,633656,Common Law
1515,Arthur Flowers,2025-03-06,arthurflowers1339@yahoomail.com,Transgender,India,Gujarat,Bharuch,472377,Married
1516,Callie Ortiz,2025-03-04,callieortiz476@yahoomail.com,Female,India,Delhi,Delhi,943903,Common Law
1517,Reese Carroll,2023-04-18,reesecarroll@yahoomail.com,Male,United States,Illinois,Aurora,434769,Divorced
1518,Brendan Bird,2023-06-09,brendanbird2850@yahoomail.com,Male,India,Lakshadweep,Kavaratti,338819,Common Law
1519,Medge Berger,2024-09-12,medgeberger@ymail.com,Female,India,Andhra Pradesh,Bhimavaram,572576,Single
1520,Odysseus Bright,2023-07-21,odysseusbright7223@gmail.com,Transgender,India,Pondicherry,Pondicherry,263770,Common Law
1521,Carolyn Kirk,2023-04-11,carolynkirk6659@gmail.com,Female,United States,Texas,San Antonio,942176,Single
1522,Shafira Gill,2023-11-26,shafiragill@ymail.com,Female,United States,Washington,Spokane,876416,Divorced
1523,Shana Mccarty,2024-06-16,shanamccarty8552@yahoomail.com,Male,United States,Illinois,Chicago,388845,Common Law
1524,Holmes Valentine,2024-04-21,holmesvalentine@yahoomail.com,Transgender,India,Tripura,Agartala,838745,Married
1525,Paki Curtis,2024-12-31,pakicurtis8904@gmail.com,Female,United States,Maine,Portland,768809,Divorced
1526,Yolanda Summers,2023-07-16,yolandasummers@yahoomail.com,Female,United States,Maryland,Gaithersburg,606333,Common Law
1527,Reed Monroe,2023-09-09,reedmonroe@yahoomail.com,Transgender,United States,Wyoming,Rock Springs,674096,Single
1528,Aquila Fry,2025-03-07,aquilafry6345@ymail.com,Male,India,Assam,Nagaon,489622,Common Law
1529,Irene Duncan,2024-11-28,ireneduncan@yahoomail.com,Male,India,Lakshadweep,Kavaratti,994401,Single
1530,Phelan Pennington,2024-01-19,phelanpennington@gmail.com,Transgender,India,Mizoram,Aizwal,285058,Divorced
1531,TaShya Charles,2024-02-18,tashyacharles@gmail.com,Transgender,India,Jammu and Kashmir,Srinagar,566450,Single
1532,Jaquelyn Swanson,2025-01-30,jaquelynswanson@ymail.com,Female,United States,Kentucky,Owensboro,788299,Common Law
1533,Ralph Hernandez,2023-03-30,ralphhernandez6770@yahoomail.com,Transgender,United States,Alaska,Anchorage,764456,Common Law
1534,Hector Donovan,2023-08-07,hectordonovan5258@gmail.com,Female,United States,Iowa,Sioux City,128088,Divorced
1535,Wylie Chang,2024-03-14,wyliechang@yahoomail.com,Transgender,United States,Montana,Helena,561932,Single
1536,Jada Haley,2024-07-05,jadahaley@gmail.com,Female,United States,Tennessee,Memphis,918961,Divorced
1537,Leo Barrera,2024-08-24,leobarrera8188@gmail.com,Male,United States,Louisiana,Baton Rouge,268390,Common Law
1538,Leilani Becker,2024-10-12,leilanibecker@yahoomail.com,Transgender,United States,Nevada,Las Vegas,978064,Common Law
1539,Allen Neal,2024-02-24,allenneal8617@gmail.com,Transgender,United States,Texas,Dallas,395749,Common Law
1540,Quentin Levine,2023-10-10,quentinlevine8581@ymail.com,Transgender,United States,Tennessee,Knoxville,598125,Single
1541,Kyra Dawson,2024-08-16,kyradawson@ymail.com,Transgender,United States,Illinois,Rockford,146228,Divorced
1542,Unity Patterson,2023-04-23,unitypatterson3594@gmail.com,Female,India,Jammu and Kashmir,Jammu,851756,Common Law
1543,Tamekah England,2023-12-11,tamekahengland7966@ymail.com,Male,United States,Minnesota,Duluth,630478,Single
1544,Idola Hobbs,2024-08-09,idolahobbs@ymail.com,Transgender,India,Haryana,Panipat,622699,Single
1545,James Chan,2024-08-30,jameschan@yahoomail.com,Transgender,United States,Minnesota,Minneapolis,795573,Common Law
1546,Lewis Craft,2024-03-19,lewiscraft4546@ymail.com,Male,India,Andaman and Nicobar Islands,Port Blair,336764,Common Law
1547,Dexter Mcfadden,2024-10-25,dextermcfadden5713@gmail.com,Transgender,India,Kerala,Trivandrum,975360,Divorced
1548,Jaden Hatfield,2023-12-05,jadenhatfield4810@gmail.com,Female,India,Mizoram,Aizwal,357912,Married
1549,Dominic Allison,2024-04-23,dominicallison@yahoomail.com,Transgender,United States,Washington,Olympia,838321,Divorced
1550,Cairo Dawson,2025-03-27,cairodawson@yahoomail.com,Female,United States,Delaware,Pike Creek,354982,Single
1551,Yael Johnston,2025-03-19,yaeljohnston9042@ymail.com,Male,India,Chandigarh,Chandigarh,529138,Single
1552,Lila Koch,2024-10-24,lilakoch2594@gmail.com,Transgender,India,Nagaland,Kohima,537763,Married
1553,Jameson Crane,2023-06-07,jamesoncrane3709@yahoomail.com,Female,India,Dadra and Nagar Haveli,Silvassa,672686,Divorced
1554,Mia Peck,2024-11-21,miapeck@ymail.com,Female,India,Andaman and Nicobar Islands,Port Blair,352928,Married
1555,Megan Collier,2025-03-11,megancollier@gmail.com,Female,United States,Missouri,Jefferson City,747524,Divorced
1556,Colt Boone,2023-10-29,coltboone2043@yahoomail.com,Female,India,Dadra and Nagar Haveli,Silvassa,913426,Married
1557,Cathleen Meyer,2023-11-20,cathleenmeyer2762@yahoomail.com,Male,United States,Delaware,Wilmington,157563,Divorced
1558,Brady Kline,2024-08-27,bradykline4950@yahoomail.com,Male,United States,Texas,Houston,745137,Married
1559,Cyrus Santana,2024-01-27,cyrussantana@gmail.com,Transgender,United States,Massachusetts,Boston,224488,Divorced
1560,Scarlet Barber,2023-05-25,scarletbarber881@yahoomail.com,Transgender,India,Haryana,Ambala,249908,Common Law
1561,Rhonda Morse,2024-04-23,rhondamorse@yahoomail.com,Female,United States,Massachusetts,Springfield,462620,Single
1562,Germaine Roach,2024-01-06,germaineroach8417@yahoomail.com,Male,India,Madhya Pradesh,Bhind,568382,Common Law
1563,Cairo Vargas,2024-07-07,cairovargas4620@gmail.com,Male,India,Manipur,Imphal,536947,Single
1564,Omar Bauer,2025-01-09,omarbauer7759@ymail.com,Transgender,India,Himachal Pradesh,Shimla,979221,Common Law
1565,Kelsie Avila,2024-09-30,kelsieavila2012@ymail.com,Transgender,United States,Indiana,South Bend,857979,Common Law
1566,Hillary Hays,2023-05-11,hillaryhays@gmail.com,Female,United States,Oregon,Gresham,753047,Married
1567,Nelle Peters,2023-11-07,nellepeters3439@yahoomail.com,Male,United States,Connecticut,Stamford,186836,Married
1568,Elmo Kent,2024-09-11,elmokent@ymail.com,Female,India,Lakshadweep,Kavaratti,372187,Divorced
1569,Karen Vinson,2024-03-18,karenvinson@yahoomail.com,Male,United States,Utah,Provo,180208,Single
1570,Christopher Kim,2024-08-24,christopherkim@ymail.com,Female,United States,Wisconsin,Milwaukee,914676,Married
1571,Maryam Becker,2024-09-11,maryambecker2037@gmail.com,Transgender,United States,Maine,Bangor,642537,Single
1572,Ciaran Dominguez,2023-10-02,ciarandominguez@ymail.com,Male,United States,Kentucky,Owensboro,171112,Common Law
1573,Ori Ortega,2023-09-20,oriortega5045@yahoomail.com,Transgender,India,Gujarat,Surat,908330,Divorced
1574,Whitney Golden,2024-02-23,whitneygolden9643@yahoomail.com,Male,India,Kerala,Allappuzha,898366,Single
1575,Gabriel Adams,2024-05-28,gabrieladams@gmail.com,Male,India,Sikkim,Gangtok,796625,Common Law
1576,Griffin Acosta,2023-12-19,griffinacosta@gmail.com,Female,India,Lakshadweep,Kavaratti,156742,Divorced
1577,Lewis Weeks,2024-12-18,lewisweeks@gmail.com,Transgender,India,Dadra and Nagar Haveli,Silvassa,368816,Single
1578,Gary Underwood,2024-03-05,garyunderwood2944@yahoomail.com,Transgender,United States,Kansas,Topeka,266331,Common Law
1579,Gabriel Frye,2023-08-17,gabrielfrye1826@yahoomail.com,Female,United States,Indiana,Fort Wayne,622969,Married
1580,Josephine Soto,2024-10-03,josephinesoto@ymail.com,Transgender,India,Haryana,Hisar,402190,Single
1581,Lee Long,2024-08-24,leelong3681@ymail.com,Female,India,Delhi,Delhi,771646,Single
1582,Stephanie Ray,2024-01-29,stephanieray@gmail.com,Female,United States,Colorado,Denver,410635,Common Law
1583,Sean Cote,2023-07-20,seancote@gmail.com,Female,India,Maharastra,Miraj,817918,Single
1584,Nathan Hensley,2024-03-02,nathanhensley@ymail.com,Transgender,United States,Vermont,South Burlington,119671,Single
1585,Tate Lloyd,2024-01-26,tatelloyd@ymail.com,Female,India,Haryana,Ambala,552963,Single
1586,Quinn Nelson,2023-07-19,quinnnelson@yahoomail.com,Female,India,Nagaland,Kohima,880032,Married
1587,Amir Cantrell,2024-06-27,amircantrell9714@gmail.com,Male,India,Tripura,Agartala,709231,Married
1588,Vivien Colon,2023-04-29,viviencolon9262@ymail.com,Male,United States,Massachusetts,Cambridge,543764,Single
1589,Jada Goff,2024-10-19,jadagoff7796@yahoomail.com,Transgender,India,Manipur,Imphal,151032,Single
1590,Paloma Lambert,2024-05-16,palomalambert6900@yahoomail.com,Male,India,Punjab,Pak Pattan,378844,Divorced
1591,Michael May,2024-10-25,michaelmay4573@yahoomail.com,Transgender,India,Gujarat,Veraval,637056,Divorced
1592,Portia Ball,2024-12-04,portiaball@ymail.com,Female,India,Meghalaya,Shillong,751005,Divorced
1593,Pearl Mays,2025-02-18,pearlmays5584@yahoomail.com,Male,India,Manipur,Imphal,737943,Common Law
1594,Keane Adkins,2024-05-02,keaneadkins@yahoomail.com,Male,United States,Maryland,Annapolis,114409,Married
1595,Phoebe Charles,2025-03-22,phoebecharles@yahoomail.com,Transgender,India,Sikkim,Gangtok,397148,Divorced
1596,Jennifer Vinson,2025-02-22,jennifervinson@gmail.com,Female,India,Nagaland,Kohima,880865,Single
1597,Paul Santos,2025-03-08,paulsantos@gmail.com,Female,India,Assam,Guwahati,409478,Divorced
1598,Sebastian Mcdonald,2024-01-01,sebastianmcdonald745@gmail.com,Male,India,Kerala,Thalassery,882813,Single
1599,Patricia Collins,2024-02-15,patriciacollins@gmail.com,Female,United States,Hawaii,Kailua,648779,Common Law
1600,Lawrence Wooten,2023-05-23,lawrencewooten@ymail.com,Female,United States,Alaska,Fairbanks,608257,Single
1601,Grant Lyons,2024-08-05,grantlyons@gmail.com,Transgender,India,Kerala,Thalassery,490430,Single
1602,Igor Chapman,2023-07-28,igorchapman2028@yahoomail.com,Male,India,Arunachal Pradesh,Itanagar,478481,Married
1603,Kelly Carson,2023-09-23,kellycarson7322@gmail.com,Female,India,Karnataka,Timkur,894259,Divorced
1604,Jessamine Woodward,2023-04-11,jessaminewoodward605@gmail.com,Female,India,Jammu and Kashmir,Jammu,574156,Common Law
1605,Raymond Blackwell,2023-11-26,raymondblackwell@ymail.com,Male,India,Assam,Silchar,799823,Married
1606,Dolan Garza,2023-10-17,dolangarza@ymail.com,Transgender,India,Sikkim,Gangtok,702761,Divorced
1607,Nehru Reeves,2024-06-08,nehrureeves2063@yahoomail.com,Transgender,India,Maharastra,Sangli,392927,Married
1608,Paul Campos,2024-07-20,paulcampos2646@yahoomail.com,Male,India,Dadra and Nagar Haveli,Silvassa,880224,Single
1609,Brian Goff,2024-07-15,briangoff@yahoomail.com,Male,United States,Indiana,Fort Wayne,538518,Divorced
1610,Lilah Baxter,2025-03-03,lilahbaxter4441@gmail.com,Transgender,United States,Ohio,Cincinnati,273177,Common Law
1611,Kessie Harrington,2023-05-16,kessieharrington@ymail.com,Transgender,India,Rajasthan,Kota,383120,Common Law
1612,Dawn Mcgowan,2023-12-19,dawnmcgowan759@ymail.com,Transgender,United States,Utah,Provo,283715,Married
1613,Dara Maynard,2025-03-23,daramaynard@yahoomail.com,Male,India,Pondicherry,Pondicherry,733946,Married
1614,Carolyn Patton,2023-07-25,carolynpatton@yahoomail.com,Female,United States,Vermont,Colchester,852687,Common Law
1615,Zachary Luna,2023-12-30,zacharyluna3891@gmail.com,Female,United States,Vermont,Montpelier,792645,Single
1616,Tanner Alvarez,2024-04-08,tanneralvarez2056@ymail.com,Female,India,Jammu and Kashmir,Srinagar,458116,Single
1617,Neve Norman,2025-02-14,nevenorman400@gmail.com,Female,United States,Alaska,Fairbanks,333095,Married
1618,Brittany Hudson,2024-02-26,brittanyhudson@ymail.com,Transgender,United States,Georgia,Georgia,269120,Common Law
1619,Alfonso Tate,2024-03-26,alfonsotate8908@yahoomail.com,Female,India,West Bengal,Serampore,146500,Single
1620,Tatiana Payne,2023-10-23,tatianapayne304@ymail.com,Male,United States,Kentucky,Covington,906465,Single
1621,Fatima Walter,2024-06-15,fatimawalter2821@gmail.com,Female,United States,Virginia,Richmond,853754,Married
1622,Maggie Franks,2023-10-24,maggiefranks@yahoomail.com,Transgender,United States,Georgia,Georgia,960388,Common Law
1623,Beatrice Booker,2024-04-26,beatricebooker2313@gmail.com,Male,India,Tamil Nadu,Madurai,173329,Single
1624,Melodie Beard,2024-09-30,melodiebeard5213@yahoomail.com,Transgender,India,Manipur,Imphal,424353,Single
1625,Erica Russell,2024-12-10,ericarussell@ymail.com,Transgender,India,Haryana,Karnal,834946,Divorced
1626,Shaine Hanson,2023-07-27,shainehanson@yahoomail.com,Transgender,United States,Wisconsin,Kenosha,217801,Single
1627,Ginger Talley,2023-08-26,gingertalley3166@gmail.com,Female,India,Andaman and Nicobar Islands,Port Blair,193789,Single
1628,Kyra Sanford,2024-06-15,kyrasanford@yahoomail.com,Male,India,Madhya Pradesh,Mandasor,411490,Married
1629,Hope Poole,2023-09-08,hopepoole@ymail.com,Transgender,India,Chhattisgarh,Durg,871303,Single
1630,Jesse Rosario,2024-05-08,jesserosario9320@gmail.com,Female,India,Himachal Pradesh,Shimla,860420,Divorced
1631,Charissa Matthews,2024-06-13,charissamatthews2936@yahoomail.com,Transgender,India,Odisha,Cuttack,922407,Married
1632,Holmes Sweeney,2024-08-07,holmessweeney6779@yahoomail.com,Transgender,United States,Connecticut,Waterbury,685661,Married
1633,Phoebe Ford,2024-08-29,phoebeford@gmail.com,Male,India,Sikkim,Gangtok,905472,Divorced
1634,Pearl Booth,2023-07-16,pearlbooth7210@yahoomail.com,Male,United States,Georgia,Columbus,706798,Common Law
1635,Castor Landry,2024-03-04,castorlandry4715@ymail.com,Male,India,Pondicherry,Pondicherry,436692,Divorced
1636,Micah Velazquez,2024-01-30,micahvelazquez1090@ymail.com,Transgender,India,Jammu and Kashmir,Jammu,533901,Divorced
1637,Ori Burns,2023-04-03,oriburns@ymail.com,Male,United States,Nebraska,Lincoln,140532,Married
1638,Alea Charles,2024-11-24,aleacharles@yahoomail.com,Female,United States,Montana,Billings,115140,Common Law
1639,Arsenio Whitehead,2025-03-14,arseniowhitehead8309@yahoomail.com,Transgender,India,Tamil Nadu,Kumbakonam,454308,Divorced
1640,Kirby Blair,2024-03-05,kirbyblair7457@ymail.com,Female,United States,Oklahoma,Norman,103206,Married
1641,Brody Burch,2024-10-24,brodyburch@gmail.com,Female,United States,Idaho,Meridian,257083,Married
1642,Seth James,2023-07-21,sethjames9090@ymail.com,Transgender,United States,Wisconsin,Green Bay,146868,Common Law
1643,Josiah Guerra,2023-08-30,josiahguerra@yahoomail.com,Transgender,India,Mizoram,Aizwal,563032,Married
1644,Madonna White,2024-11-07,madonnawhite@ymail.com,Transgender,United States,Wisconsin,Madison,621197,Divorced
1645,Winifred Maynard,2024-05-02,winifredmaynard@ymail.com,Male,United States,Missouri,Kansas City,183740,Single
1646,Sandra Holden,2024-04-22,sandraholden9472@yahoomail.com,Male,United States,Minnesota,Rochester,993853,Divorced
1647,Latifah Wilkins,2024-12-17,latifahwilkins1464@yahoomail.com,Male,India,Uttarakhand,Haridwar,673984,Single
1648,Madonna Spears,2023-09-03,madonnaspears8331@gmail.com,Transgender,India,Nagaland,Kohima,799880,Single
1649,Kirk Knox,2023-09-21,kirkknox8074@ymail.com,Male,India,Uttar Pradesh,Allahabad,709713,Single
1650,Isaac Reid,2024-03-08,isaacreid6568@ymail.com,Male,India,Meghalaya,Shillong,328538,Common Law
1651,Dean Hopper,2024-08-27,deanhopper@yahoomail.com,Female,India,Chhattisgarh,Bilaspur,795400,Divorced
1652,Fritz Farrell,2024-03-16,fritzfarrell3381@gmail.com,Female,India,Maharastra,Thane,953344,Divorced
1653,Len Munoz,2023-11-27,lenmunoz@ymail.com,Female,India,West Bengal,Panihati,320340,Common Law
1654,Rooney Fuentes,2023-11-03,rooneyfuentes6470@gmail.com,Female,United States,Texas,Houston,223652,Divorced
1655,Dorian Bruce,2024-03-01,dorianbruce@yahoomail.com,Female,India,Andhra Pradesh,Proddatur,262734,Married
1656,Chanda Bean,2024-05-22,chandabean@yahoomail.com,Transgender,India,Rajasthan,Jaipur,747200,Single
1657,Bert Tate,2024-02-13,berttate@yahoomail.com,Female,United States,Georgia,Atlanta,596626,Common Law
1658,Freya Benton,2024-11-18,freyabenton@yahoomail.com,Male,India,Tripura,Agartala,261265,Common Law
1659,Hadassah Morgan,2023-07-06,hadassahmorgan2381@gmail.com,Female,United States,Georgia,Georgia,548438,Single
1660,Doris Dominguez,2025-01-26,dorisdominguez3285@ymail.com,Transgender,India,Chandigarh,Chandigarh,587286,Divorced
1661,Imani Carr,2025-03-02,imanicarr@gmail.com,Transgender,India,Karnataka,Bijapur,296761,Common Law
1662,Lance Bowman,2023-03-28,lancebowman9066@ymail.com,Transgender,India,Daman and Diu,Daman,483423,Divorced
1663,Branden Stout,2025-03-03,brandenstout@yahoomail.com,Male,India,Kerala,Cochin,469272,Single
1664,Eve Riley,2024-07-10,everiley3414@ymail.com,Male,United States,Louisiana,Metairie,671720,Married
1665,August Turner,2024-05-23,augustturner6915@ymail.com,Female,India,West Bengal,Uluberia,789653,Married
1666,Harrison Howell,2023-09-13,harrisonhowell@yahoomail.com,Male,India,Uttarakhand,Haridwar,692261,Common Law
1667,Eliana Grant,2023-11-24,elianagrant2640@ymail.com,Female,India,Karnataka,Gulbarga,821095,Single
1668,Xena Bond,2024-10-26,xenabond@ymail.com,Female,India,Nagaland,Kohima,876912,Single
1669,Ira Nunez,2024-01-01,iranunez8414@gmail.com,Male,United States,Arkansas,Fort Smith,778429,Single
1670,Griffin Weiss,2023-11-02,griffinweiss@ymail.com,Female,United States,Alabama,Montgomery,909257,Divorced
1671,Roth Hall,2024-10-13,rothhall5832@yahoomail.com,Transgender,United States,Louisiana,Shreveport,978555,Common Law
1672,Vanna Hahn,2024-11-03,vannahahn819@ymail.com,Transgender,United States,Washington,Bellevue,949873,Married
1673,Pandora Roberson,2023-07-20,pandoraroberson791@gmail.com,Female,United States,Maine,Augusta,166428,Common Law
1674,Leandra Petersen,2024-12-19,leandrapetersen6272@ymail.com,Female,India,Mizoram,Aizwal,702366,Single
1675,Rama Ross,2024-03-30,ramaross4085@yahoomail.com,Transgender,United States,Mississippi,Jackson,883205,Single
1676,Brandon Brock,2023-12-03,brandonbrock@ymail.com,Transgender,United States,Vermont,Colchester,419170,Married
1677,Jacqueline Barker,2025-03-20,jacquelinebarker5362@gmail.com,Male,India,Maharastra,Jalgaon,707197,Divorced
1678,Deacon Melendez,2025-02-26,deaconmelendez@ymail.com,Transgender,India,Jharkhand,Bokaro Steel City,932158,Divorced
1679,Melvin Chavez,2025-01-15,melvinchavez8210@gmail.com,Transgender,United States,Michigan,Grand Rapids,765277,Single
1680,Petra Hall,2023-05-30,petrahall3103@yahoomail.com,Female,India,Bihar,Bettiah,713414,Common Law
1681,Wanda Saunders,2023-07-07,wandasaunders@gmail.com,Male,India,Himachal Pradesh,Shimla,200295,Divorced
1682,Reuben Galloway,2024-09-30,reubengalloway@gmail.com,Female,India,Odisha,Bhubaneswar,846726,Married
1683,Rae Walter,2023-05-31,raewalter8898@yahoomail.com,Transgender,India,Lakshadweep,Kavaratti,791253,Married
1684,Emery Velazquez,2023-09-25,emeryvelazquez@ymail.com,Transgender,United States,Indiana,Indianapolis,849709,Common Law
1685,Sarah Estrada,2023-07-15,sarahestrada@gmail.com,Transgender,United States,Oregon,Eugene,483883,Married
1686,Keiko Ratliff,2024-03-26,keikoratliff@yahoomail.com,Female,United States,Illinois,Aurora,146979,Divorced
1687,Richard Henderson,2023-04-10,richardhenderson@ymail.com,Male,United States,Nevada,Henderson,379659,Married
1688,Candice Cleveland,2024-03-25,candicecleveland@ymail.com,Female,India,Andhra Pradesh,Lalbahadur Nagar,776011,Divorced
1689,Aileen Forbes,2024-12-12,aileenforbes@yahoomail.com,Transgender,United States,Arkansas,Jonesboro,891450,Common Law
1690,Ira Farrell,2024-04-20,irafarrell6940@gmail.com,Female,United States,Illinois,Rockford,989229,Common Law
1691,Dolan Wheeler,2025-02-12,dolanwheeler664@ymail.com,Female,India,Pondicherry,Pondicherry,308517,Common Law
1692,Baker Campos,2025-03-03,bakercampos@yahoomail.com,Male,United States,Alabama,Montgomery,107096,Common Law
1693,Melyssa Tucker,2024-01-10,melyssatucker@gmail.com,Female,United States,Oklahoma,Tulsa,544943,Married
1694,Nissim Stanton,2023-04-25,nissimstanton@yahoomail.com,Male,India,Karnataka,Bangalore,436568,Married
1695,Karina Ayers,2024-10-06,karinaayers@gmail.com,Male,United States,Montana,Butte,660916,Single
1696,Lars Knight,2023-05-14,larsknight1262@gmail.com,Transgender,India,Rajasthan,Udaipur,624133,Married
1697,Devin Summers,2024-02-04,devinsummers2075@gmail.com,Transgender,India,Arunachal Pradesh,Itanagar,546646,Divorced
1698,Chava Best,2023-04-20,chavabest6920@ymail.com,Transgender,India,Manipur,Imphal,468438,Single
1699,Patrick Avery,2024-01-04,patrickavery@gmail.com,Female,United States,Alaska,Anchorage,815598,Common Law
1700,Alexander Vega,2024-09-10,alexandervega7641@ymail.com,Transgender,United States,Utah,Salt Lake City,454032,Common Law
1701,Hillary Dillon,2024-06-04,hillarydillon4757@ymail.com,Female,United States,Michigan,Detroit,320459,Common Law
1702,Vaughan Maynard,2024-05-02,vaughanmaynard@ymail.com,Female,United States,Virginia,Newport News,782020,Common Law
1703,Jarrod Valencia,2024-07-19,jarrodvalencia@ymail.com,Transgender,United States,Wyoming,Wyoming,425492,Divorced
1704,Erica Price,2024-11-07,ericaprice@gmail.com,Transgender,India,Bihar,Patna,702303,Common Law
1705,Armando Nguyen,2023-04-08,armandonguyen@yahoomail.com,Male,India,Pondicherry,Pondicherry,914107,Married
1706,Hilda Brown,2024-08-01,hildabrown@yahoomail.com,Female,India,West Bengal,Panihati,488053,Divorced
1707,Griffith Vega,2024-11-19,griffithvega8267@yahoomail.com,Male,India,Nagaland,Kohima,579573,Married
1708,Eric Frank,2023-06-02,ericfrank@yahoomail.com,Male,India,Maharastra,Kalyan,392949,Common Law
1709,Nerea Huber,2023-09-03,nereahuber320@yahoomail.com,Transgender,United States,Virginia,Virginia Beach,435733,Common Law
1710,Stewart Manning,2025-01-08,stewartmanning2397@ymail.com,Female,United States,Utah,Sandy,704364,Married
1711,Quail Emerson,2024-07-14,quailemerson1980@ymail.com,Transgender,United States,Michigan,Warren,643002,Single
1712,Rowan Brewer,2024-12-18,rowanbrewer@ymail.com,Transgender,United States,Massachusetts,Lowell,173217,Common Law
1713,Herman Walsh,2023-06-04,hermanwalsh2610@ymail.com,Transgender,India,Karnataka,Hospet,164927,Single
1714,Samantha Cameron,2023-04-02,samanthacameron@gmail.com,Female,United States,Arkansas,Jonesboro,878975,Single
1715,Ivor Christensen,2023-10-18,ivorchristensen5495@ymail.com,Female,United States,Indiana,South Bend,188381,Common Law
1716,Edward Black,2025-03-28,edwardblack@yahoomail.com,Male,United States,Wisconsin,Racine,316779,Common Law
1717,Craig Leonard,2025-01-24,craigleonard2915@gmail.com,Transgender,United States,Arkansas,Fayetteville,153007,Divorced
1718,Hedley Jones,2025-03-25,hedleyjones1413@yahoomail.com,Male,India,Delhi,Delhi,444582,Single
1719,Clark Lambert,2024-04-26,clarklambert@gmail.com,Female,India,Pondicherry,Pondicherry,908487,Single
1720,Olivia Mills,2024-06-25,oliviamills@gmail.com,Male,India,Gujarat,Navsari,991395,Common Law
1721,Zeus Marquez,2023-12-14,zeusmarquez@gmail.com,Male,India,Sikkim,Gangtok,222415,Divorced
1722,Nolan Daniels,2024-06-10,nolandaniels5506@ymail.com,Transgender,United States,Hawaii,Kaneohe,282500,Married
1723,Karen Caldwell,2024-09-07,karencaldwell@yahoomail.com,Transgender,United States,Virginia,Richmond,378781,Married
1724,Maia Rowland,2023-09-07,maiarowland@yahoomail.com,Female,India,Uttar Pradesh,Kanpur,562219,Divorced
1725,Yoko Hutchinson,2024-01-25,yokohutchinson2183@ymail.com,Male,United States,Arizona,Chandler,474490,Common Law
1726,Indigo Irwin,2024-11-19,indigoirwin@yahoomail.com,Female,United States,Alaska,Fairbanks,484559,Married
1727,Orlando Levine,2023-07-23,orlandolevine@ymail.com,Transgender,India,Assam,Nagaon,239964,Married
1728,Malik Spencer,2023-09-27,malikspencer@yahoomail.com,Female,United States,Illinois,Chicago,422035,Married
1729,Forrest Contreras,2024-05-21,forrestcontreras@ymail.com,Male,India,West Bengal,Bhatpara,795797,Married
1730,Jasper Collier,2023-08-23,jaspercollier452@ymail.com,Male,United States,Oregon,Gresham,870758,Common Law
1731,Quentin Ferrell,2024-05-11,quentinferrell7717@ymail.com,Transgender,United States,Mississippi,Southaven,627962,Single
1732,Xaviera Middleton,2023-06-28,xavieramiddleton1687@gmail.com,Female,India,Himachal Pradesh,Shimla,364421,Divorced
1733,Jolene Cash,2024-01-19,jolenecash3567@yahoomail.com,Female,United States,Connecticut,Waterbury,509730,Divorced
1734,Sydney Osborne,2024-11-24,sydneyosborne8509@ymail.com,Female,United States,Alabama,Huntsville,364656,Married
1735,Hall Holden,2023-11-06,hallholden@ymail.com,Male,India,Nagaland,Kohima,120127,Single
1736,Jessamine Christian,2023-10-23,jessaminechristian3171@yahoomail.com,Transgender,United States,Florida,St. Petersburg,832036,Common Law
1737,Chase Bailey,2023-03-31,chasebailey1906@gmail.com,Female,United States,Hawaii,Kaneohe,929906,Common Law
1738,Eagan Golden,2024-10-25,eagangolden@yahoomail.com,Male,United States,Illinois,Rockford,991281,Single
1739,Mufutau Mccormick,2024-07-17,mufutaumccormick@gmail.com,Transgender,United States,Connecticut,Hartford,722409,Single
1740,Pandora Daniels,2023-11-15,pandoradaniels3117@gmail.com,Male,India,Punjab,Bahawalpur,714957,Married
1741,Barry Singleton,2023-03-29,barrysingleton@yahoomail.com,Female,United States,Arizona,Chandler,364194,Married
1742,Hasad Butler,2023-05-11,hasadbutler@ymail.com,Female,India,Delhi,Delhi,341475,Divorced
1743,Victoria Brooks,2024-06-02,victoriabrooks4761@ymail.com,Male,India,Andaman and Nicobar Islands,Port Blair,790188,Single
1744,Coby Alford,2024-03-11,cobyalford863@ymail.com,Transgender,United States,Vermont,Colchester,779151,Single
1745,Portia Cantrell,2024-11-20,portiacantrell@ymail.com,Transgender,India,Bihar,Chapra,694732,Divorced
1746,Liberty Gentry,2024-02-08,libertygentry8724@yahoomail.com,Transgender,India,Punjab,Sargodha,965243,Divorced
1747,Mallory Adams,2023-09-23,malloryadams@ymail.com,Female,India,Tripura,Agartala,135670,Married
1748,Elvis Bryant,2024-02-27,elvisbryant@ymail.com,Male,United States,Michigan,Sterling Heights,845260,Single
1749,Ciara Washington,2023-08-12,ciarawashington@yahoomail.com,Transgender,India,Mizoram,Aizwal,708290,Single
1750,Hiroko Stevens,2024-07-19,hirokostevens3100@ymail.com,Male,United States,Kentucky,Frankfort,448122,Married
1751,Whitney Merritt,2024-08-29,whitneymerritt@ymail.com,Male,United States,Massachusetts,Springfield,336891,Divorced
1752,Mohammad Floyd,2025-01-12,mohammadfloyd1092@gmail.com,Transgender,India,Chandigarh,Chandigarh,557105,Single
1753,Yael Cantu,2023-08-20,yaelcantu@yahoomail.com,Transgender,India,West Bengal,Berhampore,342671,Common Law
1754,Brett Payne,2023-12-22,brettpayne@yahoomail.com,Transgender,United States,Wyoming,Cheyenne,369140,Common Law
1755,Preston Snyder,2024-08-02,prestonsnyder@gmail.com,Female,United States,Ohio,Akron,588520,Divorced
1756,Noelle Stein,2025-01-08,noellestein7151@yahoomail.com,Transgender,United States,Pennsylvania,Harrisburg,952894,Married
1757,Jessica Henry,2023-11-10,jessicahenry6357@ymail.com,Male,India,West Bengal,Kharagpur,956438,Common Law
1758,Martena Brown,2025-01-13,martenabrown2231@yahoomail.com,Male,India,Madhya Pradesh,Guna,710014,Married
1759,Quemby Maldonado,2023-08-25,quembymaldonado2180@ymail.com,Male,India,Dadra and Nagar Haveli,Silvassa,964469,Single
1760,Jakeem Stevenson,2023-07-05,jakeemstevenson@ymail.com,Male,India,Daman and Diu,Daman,385600,Single
1761,Aurora Larsen,2024-06-05,auroralarsen@yahoomail.com,Transgender,India,Dadra and Nagar Haveli,Silvassa,854621,Common Law
1762,Marny Stephenson,2023-06-06,marnystephenson@yahoomail.com,Male,India,Gujarat,Bhavnagar,938862,Married
1763,Daryl Sharpe,2024-11-03,darylsharpe3826@yahoomail.com,Transgender,India,Goa,Panjim,356176,Divorced
1764,Acton Russell,2024-07-12,actonrussell9224@gmail.com,Transgender,United States,Vermont,Colchester,121658,Common Law
1765,Cecilia Hunter,2024-07-16,ceciliahunter2852@gmail.com,Transgender,United States,Alabama,Birmingham,481470,Divorced
1766,Shana Mayer,2023-04-16,shanamayer4065@yahoomail.com,Transgender,India,Assam,Silchar,245914,Single
1767,Burke Mcmillan,2023-08-18,burkemcmillan5210@gmail.com,Male,United States,Kansas,Olathe,857022,Common Law
1768,Nyssa Tran,2023-07-18,nyssatran@yahoomail.com,Transgender,United States,Virginia,Virginia Beach,412482,Married
1769,Miriam Cardenas,2023-04-14,miriamcardenas5230@ymail.com,Female,United States,Iowa,Cedar Rapids,400780,Married
1770,Axel Sanders,2023-11-10,axelsanders@ymail.com,Female,United States,Iowa,Cedar Rapids,121629,Common Law
1771,Scott Mckenzie,2024-11-08,scottmckenzie@ymail.com,Transgender,India,Jammu and Kashmir,Srinagar,346514,Married
1772,Orson Reese,2024-05-18,orsonreese3062@ymail.com,Female,United States,Montana,Missoula,865892,Married
1773,Scott Sweeney,2024-07-28,scottsweeney9515@gmail.com,Female,United States,Montana,Bozeman,981562,Single
1774,Kim Gilmore,2024-08-02,kimgilmore@yahoomail.com,Female,United States,Indiana,Evansville,753799,Divorced
1775,Talon Mcneil,2024-08-21,talonmcneil@ymail.com,Female,United States,Nebraska,Lincoln,700840,Married
1776,Alfonso Bridges,2024-05-18,alfonsobridges3476@yahoomail.com,Female,India,Karnataka,Davangere,859680,Common Law
1777,Armand Shannon,2024-05-12,armandshannon@gmail.com,Female,United States,Alaska,College,896810,Single
1778,Aline Huber,2024-04-10,alinehuber@yahoomail.com,Transgender,United States,Idaho,Idaho Falls,223224,Common Law
1779,Lara Avery,2025-03-19,laraavery@ymail.com,Male,United States,Idaho,Nampa,516164,Single
1780,Cairo Valenzuela,2025-02-16,cairovalenzuela8238@gmail.com,Female,India,Daman and Diu,Daman,414856,Divorced
1781,Wing Castillo,2023-09-01,wingcastillo3039@ymail.com,Transgender,United States,Iowa,Iowa City,292589,Divorced
1782,Lareina Stein,2024-11-18,lareinastein@yahoomail.com,Male,United States,Virginia,Richmond,336849,Common Law
1783,Brynn Howell,2025-03-11,brynnhowell3002@ymail.com,Male,India,Meghalaya,Shillong,497428,Divorced
1784,Violet Montoya,2023-12-30,violetmontoya7419@yahoomail.com,Female,United States,Florida,Miami,701807,Single
1785,Elvis Roberts,2024-01-03,elvisroberts@gmail.com,Female,India,Chandigarh,Chandigarh,553827,Single
1786,Jasper Finch,2023-05-20,jasperfinch@yahoomail.com,Transgender,United States,Alabama,Huntsville,191170,Common Law
1787,Vance Macias,2024-03-06,vancemacias@gmail.com,Transgender,United States,Tennessee,Chattanooga,476479,Common Law
1788,Regina Waters,2025-03-25,reginawaters1674@ymail.com,Transgender,United States,Vermont,South Burlington,133493,Divorced
1789,Ali Head,2023-08-18,alihead9874@ymail.com,Male,India,Goa,Panjim,488732,Common Law
1790,Alan Dickerson,2024-02-18,alandickerson@ymail.com,Female,India,Uttar Pradesh,Firozabad,650029,Single
1791,Oleg Meyers,2024-02-25,olegmeyers@yahoomail.com,Male,United States,Ohio,Toledo,658649,Common Law
1792,Lane Dean,2023-07-03,lanedean@ymail.com,Transgender,India,Daman and Diu,Daman,278711,Married
1793,Yael Luna,2023-10-10,yaelluna@ymail.com,Transgender,United States,Arizona,Glendale,507427,Common Law
1794,Garrett Parker,2023-12-25,garrettparker608@ymail.com,Transgender,United States,Ohio,Akron,200012,Common Law
1795,Michael Buckner,2024-08-19,michaelbuckner3652@yahoomail.com,Female,India,West Bengal,Ingraj Bazar,579698,Married
1796,Vivien Pate,2024-07-27,vivienpate4829@yahoomail.com,Male,United States,Washington,Spokane,766515,Single
1797,Nadine Aguirre,2023-10-29,nadineaguirre6963@gmail.com,Transgender,United States,Illinois,Joliet,704104,Married
1798,Signe Mcguire,2024-07-31,signemcguire2937@gmail.com,Female,India,Jammu and Kashmir,Jammu,349080,Divorced
1799,Igor Savage,2025-03-18,igorsavage@yahoomail.com,Male,United States,Illinois,Rockford,925192,Married
1800,Dalton Strickland,2023-06-21,daltonstrickland1882@yahoomail.com,Female,India,Assam,Dibrugarh,534922,Single
1801,Walker Melton,2024-03-24,walkermelton500@ymail.com,Transgender,United States,Idaho,Pocatello,749872,Common Law
1802,Thaddeus Richards,2023-07-13,thaddeusrichards8696@ymail.com,Transgender,India,Odisha,Bhubaneswar,577010,Divorced
1803,Devin Fleming,2024-06-03,devinfleming@yahoomail.com,Female,India,Haryana,Ambala,449164,Common Law
1804,Macy Ayers,2023-08-13,macyayers@yahoomail.com,Transgender,United States,Michigan,Detroit,503334,Divorced
1805,Kathleen Marsh,2024-10-11,kathleenmarsh@ymail.com,Female,United States,Virginia,Richmond,866453,Single
1806,Ralph Walls,2025-02-07,ralphwalls@gmail.com,Male,United States,Minnesota,Bloomington,351770,Married
1807,Jaime Beasley,2023-08-19,jaimebeasley@ymail.com,Female,India,Dadra and Nagar Haveli,Silvassa,158896,Married
1808,Roth Walters,2025-03-18,rothwalters2372@gmail.com,Female,United States,Vermont,Rutland,282886,Married
1809,Tamara Hyde,2024-05-24,tamarahyde@ymail.com,Male,United States,Kansas,Wichita,200713,Single
1810,Lavinia Pratt,2024-09-26,laviniapratt5392@yahoomail.com,Male,United States,Oregon,Gresham,375008,Married
1811,Aurora Schultz,2025-03-19,auroraschultz4171@gmail.com,Transgender,United States,Kentucky,Bowling Green,299040,Married
1812,Robin Austin,2024-03-22,robinaustin4431@gmail.com,Transgender,United States,Texas,San Antonio,302396,Single
1813,Adam Gonzalez,2025-03-14,adamgonzalez@yahoomail.com,Female,India,Lakshadweep,Kavaratti,683415,Common Law
1814,Rashad Cardenas,2023-08-04,rashadcardenas9@gmail.com,Male,India,Daman and Diu,Daman,499345,Single
1815,Hyatt Luna,2024-11-03,hyattluna1730@ymail.com,Transgender,United States,Missouri,Independence,920290,Married
1816,Chaney Ingram,2024-11-24,chaneyingram@yahoomail.com,Transgender,India,Jharkhand,Purnea,526112,Divorced
1817,Matthew Salas,2024-07-31,matthewsalas411@yahoomail.com,Female,India,Lakshadweep,Kavaratti,406344,Common Law
1818,Lillian Robertson,2025-01-23,lillianrobertson@yahoomail.com,Female,India,Goa,Panjim,914228,Common Law
1819,Cullen Vance,2023-06-04,cullenvance@gmail.com,Male,India,Andaman and Nicobar Islands,Port Blair,896409,Married
1820,Justin Hudson,2024-05-25,justinhudson@yahoomail.com,Female,United States,Virginia,Chesapeake,403473,Divorced
1821,Whitney Hebert,2025-03-04,whitneyhebert@ymail.com,Transgender,India,Jharkhand,Dhanbad,839780,Common Law
1822,Hiram Hawkins,2023-10-04,hiramhawkins429@gmail.com,Male,United States,Utah,Provo,544053,Divorced
1823,Zephania Payne,2024-02-27,zephaniapayne1130@gmail.com,Transgender,India,Odisha,Sambalpur,363946,Common Law
1824,Kaitlin Underwood,2024-01-03,kaitlinunderwood7607@ymail.com,Male,United States,Texas,San Antonio,631711,Common Law
1825,Yen Garrison,2024-10-01,yengarrison@gmail.com,Transgender,United States,Connecticut,New Haven,193853,Married
1826,Lucas Stokes,2024-03-02,lucasstokes9699@yahoomail.com,Male,United States,Georgia,Columbus,716858,Single
1827,Lewis Jarvis,2023-12-16,lewisjarvis@yahoomail.com,Transgender,United States,Ohio,Cincinnati,365858,Common Law
1828,Abel Hayden,2023-09-17,abelhayden@yahoomail.com,Male,United States,Louisiana,Metairie,376529,Married
1829,Courtney Joseph,2024-01-21,courtneyjoseph@yahoomail.com,Female,India,Uttar Pradesh,Mathura,977855,Single
1830,Julian Malone,2024-12-25,julianmalone6801@gmail.com,Female,United States,Wyoming,Laramie,898040,Divorced
1831,Leilani Jackson,2023-10-04,leilanijackson3332@ymail.com,Female,India,Andaman and Nicobar Islands,Port Blair,887944,Married
1832,Reece Turner,2023-10-22,reeceturner@ymail.com,Transgender,India,Pondicherry,Pondicherry,217669,Divorced
1833,Stuart Klein,2023-06-28,stuartklein@gmail.com,Male,United States,Massachusetts,Springfield,354373,Common Law
1834,Amela Beck,2023-04-30,amelabeck@ymail.com,Male,India,Chhattisgarh,Bilaspur,736865,Divorced
1835,Rhea Irwin,2023-05-14,rheairwin3178@gmail.com,Transgender,India,Nagaland,Kohima,541531,Divorced
1836,Larissa Wall,2025-03-11,larissawall5099@yahoomail.com,Male,India,Chhattisgarh,Raj Nandgaon,412870,Divorced
1837,Dai Emerson,2024-12-18,daiemerson1966@yahoomail.com,Transgender,United States,Connecticut,New Haven,517826,Married
1838,Ross Wise,2025-03-28,rosswise@yahoomail.com,Transgender,India,Gujarat,Vadodara,490354,Common Law
1839,Caldwell Hampton,2024-01-14,caldwellhampton@gmail.com,Transgender,India,Assam,Silchar,364112,Common Law
1840,Cameron Martin,2025-01-19,cameronmartin6751@yahoomail.com,Female,United States,Illinois,Rockford,797632,Divorced
1841,Colleen Zamora,2025-01-27,colleenzamora@ymail.com,Transgender,United States,Virginia,Newport News,677002,Single
1842,Kareem Stout,2023-05-26,kareemstout2829@yahoomail.com,Male,India,Madhya Pradesh,Chhindwara,446340,Married
1843,Anthony Griffin,2025-01-23,anthonygriffin4928@gmail.com,Female,United States,Nevada,Las Vegas,814229,Married
1844,Basil Hart,2023-10-23,basilhart2714@yahoomail.com,Female,United States,Colorado,Fort Collins,908181,Single
1845,Clarke Walsh,2023-04-14,clarkewalsh@ymail.com,Male,United States,Wisconsin,Milwaukee,395241,Common Law
1846,Plato Morris,2023-07-04,platomorris@gmail.com,Transgender,India,Assam,Dibrugarh,726949,Married
1847,Quail Bass,2023-06-21,quailbass128@ymail.com,Transgender,India,Jharkhand,Ranchi,410643,Divorced
1848,Claire Baxter,2024-12-26,clairebaxter1094@yahoomail.com,Transgender,India,Jammu and Kashmir,Srinagar,282214,Married
1849,Alvin Snow,2024-01-25,alvinsnow6589@gmail.com,Male,India,Meghalaya,Shillong,272141,Single
1850,Clare Valenzuela,2024-04-20,clarevalenzuela@gmail.com,Transgender,United States,Alaska,Ketchikan,271604,Single
1851,Lucy Noel,2023-11-07,lucynoel5674@ymail.com,Transgender,United States,Texas,Austin,402876,Married
1852,Kuame Zamora,2025-01-08,kuamezamora@yahoomail.com,Female,India,Goa,Panjim,828084,Divorced
1853,Indira Farmer,2023-08-21,indirafarmer@ymail.com,Male,India,Madhya Pradesh,Damoh,279564,Single
1854,Leilani Maldonado,2024-10-28,leilanimaldonado@yahoomail.com,Transgender,India,Pondicherry,Pondicherry,301098,Single
1855,Julian Roman,2024-09-26,julianroman4022@yahoomail.com,Male,United States,Missouri,Independence,497084,Single
1856,Hermione Moss,2024-01-15,hermionemoss@gmail.com,Female,India,Dadra and Nagar Haveli,Silvassa,848606,Common Law
1857,Arden Nunez,2024-04-02,ardennunez1076@yahoomail.com,Male,India,Mizoram,Aizwal,127555,Common Law
1858,Yuli Meyers,2023-06-20,yulimeyers1057@yahoomail.com,Transgender,India,Delhi,Delhi,459887,Single
1859,Jolie Conley,2023-09-29,jolieconley@gmail.com,Male,United States,Kentucky,Frankfort,223094,Common Law
1860,Carter Donovan,2024-04-23,carterdonovan@gmail.com,Male,United States,Massachusetts,Boston,669798,Single
1861,Jermaine Mcfarland,2023-05-15,jermainemcfarland887@ymail.com,Transgender,India,Odisha,Bhubaneswar,284645,Single
1862,Yuli Nolan,2023-06-06,yulinolan4651@ymail.com,Transgender,India,Karnataka,Bidar,227773,Divorced
1863,Breanna Guerra,2024-09-14,breannaguerra@ymail.com,Male,United States,Georgia,Augusta,606777,Married
1864,Asher Ingram,2024-05-26,asheringram4722@ymail.com,Transgender,India,Sikkim,Gangtok,444941,Common Law
1865,Philip Saunders,2024-08-06,philipsaunders7195@yahoomail.com,Female,India,Maharastra,Jalgaon,468696,Common Law
1866,Stephen Hodge,2023-10-06,stephenhodge811@gmail.com,Female,United States,California,Sacramento,482051,Married
1867,Hall Clarke,2024-07-18,hallclarke@gmail.com,Female,India,Manipur,Imphal,110784,Common Law
1868,Mikayla O'Neill,2024-05-19,mikaylaoneill1175@gmail.com,Transgender,India,Kerala,Thalassery,272799,Married
1869,Fletcher Perry,2024-12-23,fletcherperry9854@ymail.com,Male,United States,Minnesota,Duluth,995108,Single
1870,Kermit Villarreal,2025-03-27,kermitvillarreal6259@gmail.com,Transgender,India,Chhattisgarh,Bhilai,510934,Married
1871,Baker Snyder,2024-06-15,bakersnyder9454@yahoomail.com,Transgender,United States,Illinois,Springfield,587376,Divorced
1872,Blake Workman,2023-11-28,blakeworkman@gmail.com,Female,India,Jammu and Kashmir,Srinagar,912369,Common Law
1873,Brooke Tate,2023-06-17,brooketate@yahoomail.com,Female,India,Andaman and Nicobar Islands,Port Blair,714160,Divorced
1874,Glenna Bright,2025-01-18,glennabright479@gmail.com,Transgender,United States,Indiana,South Bend,824640,Single
1875,Mona Parsons,2023-09-28,monaparsons7601@ymail.com,Male,India,Daman and Diu,Daman,684955,Common Law
1876,Xena Bradshaw,2024-04-25,xenabradshaw1977@gmail.com,Female,United States,Nevada,Las Vegas,319468,Common Law
1877,Lacey Rice,2024-10-11,laceyrice3179@gmail.com,Transgender,India,Chhattisgarh,Korba,137906,Single
1878,Yoshi Horton,2024-07-31,yoshihorton@ymail.com,Male,India,Delhi,Delhi,790180,Divorced
1879,Harrison Craft,2023-06-10,harrisoncraft6525@yahoomail.com,Transgender,India,Jharkhand,Dhanbad,942371,Single
1880,Chandler Parks,2023-07-05,chandlerparks3711@yahoomail.com,Transgender,United States,Maine,Portland,199103,Single
1881,Ezra Moon,2024-02-09,ezramoon7265@yahoomail.com,Male,India,Chhattisgarh,Durg,184999,Single
1882,Orlando Romero,2023-04-22,orlandoromero@gmail.com,Male,United States,Hawaii,Honolulu,168599,Single
1883,Deanna Hines,2023-12-15,deannahines2463@gmail.com,Transgender,India,Punjab,Kamoke,661015,Common Law
1884,Urielle Irwin,2023-11-07,urielleirwin1186@ymail.com,Female,India,Uttar Pradesh,Ghaziabad,208655,Common Law
1885,Ishmael Kirk,2024-08-21,ishmaelkirk@yahoomail.com,Male,India,Meghalaya,Shillong,962699,Married
1886,Tucker Peck,2024-09-21,tuckerpeck1578@yahoomail.com,Female,India,Lakshadweep,Kavaratti,588027,Married
1887,Inga Solomon,2025-02-06,ingasolomon@gmail.com,Male,India,West Bengal,Burnpur,122198,Common Law
1888,Dexter Maynard,2023-06-06,dextermaynard7089@yahoomail.com,Female,India,Lakshadweep,Kavaratti,619233,Common Law
1889,Lee Parks,2023-09-14,leeparks6368@ymail.com,Transgender,India,Rajasthan,Pali,919648,Divorced
1890,Gannon Delacruz,2024-05-03,gannondelacruz@yahoomail.com,Female,United States,Alaska,Juneau,417208,Married
1891,Zephr Herring,2024-10-24,zephrherring@ymail.com,Male,India,Pondicherry,Pondicherry,253136,Single
1892,Amethyst Randolph,2024-12-15,amethystrandolph4514@gmail.com,Male,India,Lakshadweep,Kavaratti,636695,Common Law
1893,Ella Ramsey,2024-04-05,ellaramsey4228@gmail.com,Transgender,India,Tripura,Agartala,292367,Divorced
1894,Ali Harrison,2024-10-10,aliharrison@ymail.com,Transgender,United States,Missouri,Saint Louis,670317,Common Law
1895,Dylan Schwartz,2024-05-08,dylanschwartz@gmail.com,Female,United States,Arizona,Phoenix,509185,Married
1896,Phelan Barker,2024-05-28,phelanbarker6807@ymail.com,Transgender,United States,Minnesota,Duluth,754942,Common Law
1897,Blythe Harper,2023-08-26,blytheharper@gmail.com,Female,India,Kerala,Kollam,177627,Divorced
1898,Kyla Bean,2023-05-30,kylabean1944@yahoomail.com,Female,United States,Nevada,Henderson,681572,Married
1899,Kieran Haley,2024-11-08,kieranhaley3951@ymail.com,Male,United States,Alabama,Huntsville,224728,Married
1900,Savannah Salazar,2024-06-04,savannahsalazar@yahoomail.com,Female,United States,Wyoming,Wyoming,967324,Single
1901,Jasper Kim,2025-01-05,jasperkim@yahoomail.com,Female,United States,Florida,Miami,897149,Divorced
1902,Seth Workman,2025-03-17,sethworkman9684@yahoomail.com,Male,India,Bihar,Munger,748739,Married
1903,Dennis Gilmore,2023-08-31,dennisgilmore3964@yahoomail.com,Female,United States,California,San Diego,248943,Married
1904,September Mcfadden,2023-07-01,septembermcfadden7978@ymail.com,Transgender,India,Jammu and Kashmir,Srinagar,186682,Common Law
1905,Ulric Yang,2024-01-12,ulricyang@yahoomail.com,Male,United States,Hawaii,Kailua,401465,Single
1906,Hyacinth Parks,2024-11-18,hyacinthparks@ymail.com,Female,United States,Wyoming,Cheyenne,567281,Married
1907,Camilla Hendrix,2024-02-26,camillahendrix1902@ymail.com,Female,United States,Texas,San Antonio,989909,Married
1908,Xena Sherman,2024-05-01,xenasherman2759@ymail.com,Transgender,United States,Maryland,Frederick,575323,Single
1909,Rajah Christian,2023-08-25,rajahchristian@ymail.com,Transgender,United States,Washington,Seattle,123671,Divorced
1910,Kay Hodges,2024-09-18,kayhodges@ymail.com,Female,India,Kerala,Cochin,444804,Single
1911,Ruby Gonzalez,2025-02-02,rubygonzalez5760@ymail.com,Male,United States,Nevada,Henderson,562544,Divorced
1912,Charles Morris,2024-08-09,charlesmorris@ymail.com,Transgender,India,Delhi,Delhi,716004,Single
1913,Reuben Mason,2024-02-20,reubenmason6113@yahoomail.com,Female,United States,Arkansas,Springdale,190285,Married
1914,Keefe Benjamin,2024-05-11,keefebenjamin@ymail.com,Female,United States,Georgia,Atlanta,405101,Common Law
1915,Drake Carter,2024-05-01,drakecarter@ymail.com,Transgender,India,Haryana,Ambala Sadar,688703,Single
1916,Simon Mathis,2024-06-08,simonmathis7654@yahoomail.com,Female,India,Delhi,Delhi,806322,Married
1917,Flavia Solis,2024-10-12,flaviasolis8986@ymail.com,Male,India,Kerala,Cochin,418703,Married
1918,April West,2025-02-08,aprilwest@yahoomail.com,Male,India,Manipur,Imphal,569282,Single
1919,Grace Foreman,2024-12-13,graceforeman9537@yahoomail.com,Transgender,United States,Wisconsin,Green Bay,765133,Divorced
1920,Keegan Gomez,2024-03-19,keegangomez4447@ymail.com,Male,United States,Oklahoma,Lawton,689958,Married
1921,Hayden Mclaughlin,2024-03-23,haydenmclaughlin978@ymail.com,Male,India,Tripura,Agartala,991174,Common Law
1922,Neve Page,2024-03-01,nevepage8272@yahoomail.com,Transgender,India,Gujarat,Anand,977959,Married
1923,Ava Hurst,2024-01-04,avahurst@gmail.com,Transgender,United States,Montana,Helena,469071,Married
1924,Timon Franco,2023-09-05,timonfranco@yahoomail.com,Female,India,Sikkim,Gangtok,950308,Divorced
1925,Wyatt Tate,2024-07-06,wyatttate6851@ymail.com,Male,United States,Florida,Tallahassee,826154,Common Law
1926,Basia Kirby,2023-05-21,basiakirby2198@ymail.com,Male,United States,Oregon,Eugene,993352,Divorced
1927,Iola Mcpherson,2024-08-25,iolamcpherson8322@gmail.com,Female,United States,Georgia,Georgia,363407,Common Law
1928,Alden White,2023-10-02,aldenwhite5043@yahoomail.com,Male,United States,Alaska,Fairbanks,389208,Married
1929,Audra Fox,2024-04-22,audrafox1572@gmail.com,Female,India,Rajasthan,Bharatpur,535727,Married
1930,Nevada Garner,2023-07-13,nevadagarner@yahoomail.com,Male,India,Manipur,Imphal,146825,Single
1931,Dylan Mullen,2024-01-25,dylanmullen4475@gmail.com,Male,United States,Hawaii,Kaneohe,746810,Single
1932,Vielka Nash,2024-08-06,vielkanash4659@ymail.com,Female,United States,Oklahoma,Lawton,813582,Divorced
1933,Gloria Koch,2024-02-18,gloriakoch@gmail.com,Male,India,Chandigarh,Chandigarh,717405,Divorced
1934,Porter Collins,2024-10-31,portercollins@yahoomail.com,Female,India,Rajasthan,Pali,411015,Divorced
1935,Silas Riddle,2024-08-19,silasriddle9106@gmail.com,Female,United States,Texas,Austin,408183,Common Law
1936,Tate Herring,2024-12-28,tateherring4022@gmail.com,Transgender,India,Gujarat,Bharuch,644397,Single
1937,Meredith Elliott,2024-09-19,meredithelliott@yahoomail.com,Female,United States,Pennsylvania,Pittsburgh,103353,Common Law
1938,Uta Pena,2023-07-21,utapena9142@ymail.com,Transgender,United States,Massachusetts,Boston,937415,Common Law
1939,Gwendolyn Hutchinson,2024-08-16,gwendolynhutchinson9522@ymail.com,Transgender,United States,Ohio,Columbus,311930,Married
1940,Wendy Anthony,2024-11-26,wendyanthony3761@yahoomail.com,Transgender,India,Daman and Diu,Daman,865499,Divorced
1941,Macon Hood,2024-04-25,maconhood@ymail.com,Female,India,Punjab,Mandi Bahauddin,923040,Common Law
1942,Lani Mejia,2024-04-16,lanimejia6032@yahoomail.com,Transgender,India,Arunachal Pradesh,Itanagar,314364,Single
1943,Louis Maldonado,2024-08-14,louismaldonado@yahoomail.com,Transgender,United States,Louisiana,Shreveport,710889,Divorced
1944,Hedy Raymond,2024-01-04,hedyraymond1530@gmail.com,Female,United States,Nebraska,Omaha,431484,Married
1945,James David,2023-08-25,jamesdavid4839@yahoomail.com,Transgender,India,Delhi,Delhi,847509,Common Law
1946,Brianna Barber,2023-06-11,briannabarber@ymail.com,Male,United States,Montana,Butte,478762,Common Law
1947,Rhiannon George,2024-04-29,rhiannongeorge6618@ymail.com,Transgender,India,Tripura,Agartala,367683,Married
1948,Thor Nelson,2024-07-02,thornelson@gmail.com,Female,India,Himachal Pradesh,Shimla,102566,Married
1949,Nita Pickett,2025-01-19,nitapickett@yahoomail.com,Female,India,Assam,Nagaon,208891,Common Law
1950,Rafael Walker,2023-09-28,rafaelwalker@yahoomail.com,Female,India,Gujarat,Bhuj,455929,Common Law
1951,Rooney Donovan,2023-05-10,rooneydonovan1818@gmail.com,Female,India,Tamil Nadu,Kanchipuram,853700,Single
1952,Hoyt Stevenson,2024-08-02,hoytstevenson843@yahoomail.com,Transgender,United States,Hawaii,Hilo,543177,Common Law
1953,Iona Mcmahon,2023-04-14,ionamcmahon@gmail.com,Female,India,Himachal Pradesh,Shimla,783331,Divorced
1954,Josephine Cook,2025-03-24,josephinecook7398@ymail.com,Female,United States,Wyoming,Cheyenne,862843,Married
1955,Sylvester Callahan,2023-07-27,sylvestercallahan@ymail.com,Transgender,India,Tamil Nadu,Cuddalore,525059,Common Law
1956,Hector Kerr,2024-02-27,hectorkerr6939@yahoomail.com,Transgender,United States,Colorado,Denver,656970,Single
1957,Travis Kline,2024-06-07,traviskline@gmail.com,Transgender,India,Gujarat,Porbandar,278745,Married
1958,Teegan Poole,2023-06-14,teeganpoole@ymail.com,Female,India,Assam,Nagaon,705816,Married
1959,Dorothy Rodgers,2024-04-20,dorothyrodgers3087@ymail.com,Male,United States,Mississippi,Biloxi,161785,Divorced
1960,Gary Tyson,2024-12-11,garytyson@yahoomail.com,Male,India,Pondicherry,Pondicherry,414428,Single
1961,Medge Morin,2025-02-25,medgemorin@yahoomail.com,Male,India,Gujarat,Anand,176604,Common Law
1962,Lara Duncan,2023-10-07,laraduncan@gmail.com,Transgender,India,Andhra Pradesh,Tenali,302716,Married
1963,Ruby Moreno,2023-03-30,rubymoreno@ymail.com,Female,India,Uttar Pradesh,Hathras,117726,Common Law
1964,Erasmus Burt,2023-05-28,erasmusburt@gmail.com,Transgender,India,Andaman and Nicobar Islands,Port Blair,880011,Divorced
1965,Guinevere Melton,2024-01-08,guineveremelton@ymail.com,Female,United States,Michigan,Lansing,782387,Single
1966,Shoshana Doyle,2024-04-16,shoshanadoyle1911@ymail.com,Female,United States,Vermont,Colchester,829389,Married
1967,Halee Hamilton,2025-03-22,haleehamilton@ymail.com,Female,United States,Hawaii,Kapolei,198747,Married
1968,Laith Collier,2025-01-02,laithcollier@gmail.com,Male,India,Assam,Guwahati,365013,Common Law
1969,Anjolie Buck,2024-07-17,anjoliebuck@ymail.com,Female,India,Odisha,Raurkela Civil Township,295141,Divorced
1970,Hiroko Walton,2023-04-19,hirokowalton9204@ymail.com,Male,United States,California,San Francisco,924565,Divorced
1971,Colton Hays,2023-10-21,coltonhays@gmail.com,Female,United States,Illinois,Joliet,813065,Divorced
1972,Tasha Duke,2024-01-20,tashaduke3480@yahoomail.com,Male,India,Tamil Nadu,Madurai,251054,Single
1973,Aretha Haney,2023-09-28,arethahaney4931@gmail.com,Male,United States,Arkansas,Fayetteville,709296,Single
1974,Riley Phelps,2024-03-07,rileyphelps@gmail.com,Male,United States,Kansas,Kansas City,979014,Common Law
1975,Kirby Reed,2025-01-27,kirbyreed@yahoomail.com,Female,United States,Indiana,Gary,195581,Common Law
1976,Len Beard,2024-07-11,lenbeard@ymail.com,Male,India,Assam,Silchar,289697,Divorced
1977,Colton Valenzuela,2023-04-30,coltonvalenzuela6206@ymail.com,Male,United States,Minnesota,Duluth,845709,Common Law
1978,Ivana Hays,2023-08-02,ivanahays2814@ymail.com,Female,India,Sikkim,Gangtok,509222,Divorced
1979,Yolanda Gay,2024-11-22,yolandagay2304@yahoomail.com,Male,United States,Alabama,Montgomery,621926,Common Law
1980,Evelyn Keith,2023-03-30,evelynkeith@gmail.com,Female,India,Daman and Diu,Daman,974499,Married
1981,Candice Jackson,2025-03-02,candicejackson@ymail.com,Male,United States,Nevada,Reno,108925,Common Law
1982,Armand Payne,2024-07-27,armandpayne470@ymail.com,Female,India,Jharkhand,Purulia,591666,Common Law
1983,Ray Mcfarland,2024-01-17,raymcfarland@ymail.com,Transgender,United States,Michigan,Grand Rapids,409230,Common Law
1984,Noelani French,2023-11-14,noelanifrench9660@ymail.com,Male,India,Himachal Pradesh,Shimla,647270,Divorced
1985,Emma Haley,2023-11-08,emmahaley9892@yahoomail.com,Female,United States,Washington,Vancouver,659524,Common Law
1986,Madeline Molina,2025-01-22,madelinemolina2947@ymail.com,Female,United States,Tennessee,Knoxville,269117,Married
1987,Georgia Sanchez,2025-02-26,georgiasanchez772@gmail.com,Female,India,Uttarakhand,Haridwar,435159,Married
1988,Arsenio Morgan,2025-03-20,arseniomorgan@gmail.com,Transgender,United States,Georgia,Augusta,610643,Common Law
1989,Elaine Carlson,2023-08-01,elainecarlson@gmail.com,Transgender,India,Odisha,Sambalpur,452619,Common Law
1990,Connor Hurst,2024-11-05,connorhurst@yahoomail.com,Male,India,Himachal Pradesh,Shimla,139731,Single
1991,Diana Beasley,2024-09-11,dianabeasley@yahoomail.com,Male,India,Himachal Pradesh,Shimla,163621,Single
1992,Joy Meyer,2024-03-05,joymeyer2607@ymail.com,Female,India,Daman and Diu,Daman,394970,Married
1993,Hayley Blanchard,2024-02-17,hayleyblanchard1901@gmail.com,Male,United States,Indiana,Gary,497157,Common Law
1994,Jonah Wynn,2024-01-14,jonahwynn7749@gmail.com,Female,United States,California,San Diego,890157,Married
1995,Bertha Sellers,2023-10-04,berthasellers9888@yahoomail.com,Transgender,India,Uttarakhand,Haridwar,803593,Divorced
1996,Keefe Decker,2024-02-03,keefedecker@gmail.com,Female,India,Tripura,Agartala,292228,Common Law
1997,Rana Noel,2023-09-27,rananoel6018@ymail.com,Male,United States,Texas,Dallas,887472,Married
1998,Astra Stout,2023-11-09,astrastout9262@gmail.com,Transgender,India,Chandigarh,Chandigarh,360105,Common Law
1999,Paki Gallegos,2023-05-11,pakigallegos2814@gmail.com,Female,India,Odisha,Puri,774028,Divorced
2000,Solomon Ellison,2024-10-01,solomonellison6034@gmail.com,Male,India,Karnataka,Belgaum,344134,Married
