id,name,dob,email,gender,country,region,city,asset,marital_status
1001,Amery Hoover,2025-03-04,ameryhoover3403@yahoomail.com,Male,India,Odisha,Raurkela Civil Township,725970,Single
1002,Audra Watts,2023-10-04,audrawatts@gmail.com,Male,United States,Hawaii,Honolulu,958683,Single
1003,Rudyard Sanders,2025-01-12,rudyardsanders@ymail.com,Transgender,United States,Connecticut,Waterbury,822557,Common Law
1004,Olympia Potter,2024-12-28,olympiapotter@ymail.com,Male,India,Lakshadweep,Kavaratti,323799,Single
1005,Zorita Hamilton,2025-03-16,zoritahamilton@gmail.com,Female,India,Himachal Pradesh,Shimla,600653,Single
1006,Justine Bradshaw,2024-05-08,justinebradshaw@gmail.com,Female,United States,Alabama,Tuscaloosa,679684,Single
1007,Dean Yang,2023-08-24,deanyang@yahoomail.com,Female,India,Dadra and Nagar Haveli,Silvassa,355725,Married
1008,Odysseus Torres,2025-02-07,odysseustorres@ymail.com,Male,India,Bihar,Katihar,878590,Married
1009,Whitney Koch,2025-02-22,whitneykoch@yahoomail.com,Female,United States,Vermont,Essex,334557,Common Law
1010,Stuart Hewitt,2023-12-09,stuarthewitt3404@gmail.com,Transgender,India,Lakshadweep,Kavaratti,575120,Divorced
1011,Wynne Valenzuela,2024-02-01,wynnevalenzuela1673@yahoomail.com,Transgender,United States,Idaho,Nampa,899800,Divorced
1012,Basia Rollins,2025-01-16,basiarollins6710@ymail.com,Female,India,Rajasthan,Bikaner,766230,Common Law
1013,Cyrus Richardson,2023-10-14,cyrusrichardson@yahoomail.com,Male,India,Haryana,Gurgaon,710898,Divorced
1014,Laurel Shepherd,2024-12-02,laurelshepherd4849@gmail.com,Male,India,Rajasthan,Udaipur,135995,Common Law
1015,Dennis Carney,2024-06-25,denniscarney2853@ymail.com,Male,United States,Arizona,Chandler,514195,Single
1016,Piper French,2023-09-04,piperfrench@yahoomail.com,Female,India,Andaman and Nicobar Islands,Port Blair,597901,Married
1017,Elaine Nielsen,2024-04-09,elainenielsen8882@gmail.com,Female,United States,Louisiana,Baton Rouge,434331,Single
1018,Elaine Keith,2024-02-15,elainekeith9170@ymail.com,Male,India,Odisha,Raurkela,633956,Single
1019,Bethany Bolton,2024-01-19,bethanybolton8693@ymail.com,Female,United States,Kansas,Topeka,888643,Single
1020,Caryn Nieves,2024-10-23,carynnieves@yahoomail.com,Female,United States,Texas,Houston,897616,Divorced
1021,Yetta Booker,2024-04-06,yettabooker@ymail.com,Male,India,Tamil Nadu,Erode,229937,Divorced
1022,Cole Haynes,2023-11-30,colehaynes@gmail.com,Male,India,Maharastra,Parbhani,458771,Single
1023,Meghan Medina,2024-12-02,meghanmedina@ymail.com,Transgender,United States,Pennsylvania,Erie,479659,Common Law
1024,Shelly Figueroa,2024-01-23,shellyfigueroa@yahoomail.com,Transgender,India,Madhya Pradesh,Bhopal,293071,Married
1025,Constance Tanner,2024-03-17,constancetanner@yahoomail.com,Male,India,Tripura,Agartala,918447,Divorced
1026,Ayanna Paul,2024-03-15,ayannapaul@gmail.com,Male,United States,Arkansas,Fayetteville,260206,Common Law
1027,Dahlia Hawkins,2023-06-03,dahliahawkins@ymail.com,Transgender,India,Himachal Pradesh,Shimla,740604,Married
1028,Abigail Ware,2024-02-02,abigailware5137@ymail.com,Transgender,United States,Virginia,Virginia Beach,708371,Single
1029,Miranda Horne,2023-06-15,mirandahorne@ymail.com,Transgender,United States,Kentucky,Covington,124960,Married
1030,Samson Terry,2025-01-13,samsonterry5245@yahoomail.com,Female,India,Lakshadweep,Kavaratti,263980,Married
1031,Upton Noble,2023-05-30,uptonnoble@gmail.com,Transgender,India,Nagaland,Kohima,552781,Single
1032,Tanya Clay,2023-09-03,tanyaclay8398@gmail.com,Male,United States,Illinois,Springfield,989906,Married
1033,Lunea Bond,2023-08-05,luneabond2907@ymail.com,Male,India,Sikkim,Gangtok,681461,Single
1034,Duncan Roman,2024-05-15,duncanroman7732@ymail.com,Transgender,United States,Michigan,Lansing,112363,Common Law
1035,Aquila Irwin,2024-05-20,aquilairwin2@yahoomail.com,Male,United States,Connecticut,Bridgeport,890253,Common Law
1036,John Jarvis,2023-07-19,johnjarvis@ymail.com,Female,India,Andhra Pradesh,Machilipatnam,581738,Single
1037,Jamal Chapman,2024-12-07,jamalchapman@ymail.com,Male,United States,Idaho,Meridian,810888,Married
1038,Hedwig Alexander,2024-10-22,hedwigalexander@yahoomail.com,Male,India,Jammu and Kashmir,Srinagar,454980,Married
1039,Hiram Sweeney,2024-12-03,hiramsweeney5918@yahoomail.com,Transgender,India,Daman and Diu,Daman,269786,Single
1040,Clark Strong,2024-03-16,clarkstrong@ymail.com,Transgender,United States,Indiana,Fort Wayne,225924,Married
1041,Dustin Hopper,2024-04-07,dustinhopper518@yahoomail.com,Female,United States,Kansas,Topeka,271584,Single
1042,Willa Brewer,2024-12-12,willabrewer2331@gmail.com,Male,India,Uttarakhand,Haridwar,286171,Divorced
1043,Reese Sheppard,2024-01-09,reesesheppard@ymail.com,Female,India,Uttarakhand,Dehradun,383190,Common Law
1044,Fay Lawson,2024-05-14,faylawson@gmail.com,Transgender,United States,Connecticut,New Haven,942357,Common Law
1045,Lucian Trujillo,2024-01-26,luciantrujillo@ymail.com,Transgender,India,Andaman and Nicobar Islands,Port Blair,706333,Married
1046,Edan Stark,2025-01-26,edanstark@yahoomail.com,Female,United States,Alaska,College,529312,Common Law
1047,Amelia Wilson,2024-09-04,ameliawilson@gmail.com,Transgender,United States,Mississippi,Jackson,675195,Married
1048,Hiroko Hoffman,2023-11-26,hirokohoffman258@yahoomail.com,Female,India,Uttar Pradesh,Banda,151158,Divorced
1049,Nicole Joyce,2024-09-23,nicolejoyce@ymail.com,Transgender,India,Jammu and Kashmir,Srinagar,942541,Divorced
1050,Sheila Kinney,2024-10-26,sheilakinney9951@gmail.com,Female,India,Haryana,Karnal,865269,Single
1051,Ferris Wooten,2023-11-01,ferriswooten@yahoomail.com,Female,India,Lakshadweep,Kavaratti,219002,Divorced
1052,Baxter Murphy,2024-06-17,baxtermurphy3013@gmail.com,Transgender,United States,Washington,Seattle,642905,Common Law
1053,Quamar Mccoy,2023-06-11,quamarmccoy5232@yahoomail.com,Transgender,United States,Montana,Missoula,429128,Single
1054,Tanya Shields,2023-04-01,tanyashields8706@yahoomail.com,Female,India,Chandigarh,Chandigarh,215709,Married
1055,Latifah Velasquez,2024-05-02,latifahvelasquez@ymail.com,Female,United States,Florida,Tallahassee,631405,Divorced
1056,Signe Petty,2024-12-30,signepetty@ymail.com,Transgender,India,Maharastra,Kalyan,378105,Common Law
1057,Nelle Hogan,2023-12-10,nellehogan@gmail.com,Female,India,Jammu and Kashmir,Jammu,329494,Divorced
1058,Rylee Gross,2024-06-11,ryleegross@yahoomail.com,Female,India,Madhya Pradesh,Khandwa,773565,Common Law
1059,Brenna Sellers,2024-01-24,brennasellers6030@gmail.com,Transgender,India,Dadra and Nagar Haveli,Silvassa,419617,Divorced
1060,Ulric David,2025-01-05,ulricdavid@ymail.com,Transgender,India,Jharkhand,Ranchi,864574,Single
1061,Tamara Miles,2023-10-05,tamaramiles@gmail.com,Female,United States,Connecticut,Hartford,343814,Married
1062,Martin Yates,2024-07-06,martinyates@gmail.com,Transgender,United States,Colorado,Fort Collins,919792,Divorced
1063,Fredericka Mejia,2025-01-15,frederickamejia@ymail.com,Male,India,Andaman and Nicobar Islands,Port Blair,253778,Married
1064,Kathleen Brock,2024-01-06,kathleenbrock3177@ymail.com,Female,India,Chhattisgarh,Raigarh,644126,Single
1065,Gabriel Ramirez,2023-03-29,gabrielramirez3796@ymail.com,Male,India,Manipur,Imphal,421533,Married
1066,Melvin Nixon,2024-05-12,melvinnixon@ymail.com,Male,India,Nagaland,Kohima,521930,Single
1067,Zachary Ruiz,2023-07-13,zacharyruiz7229@gmail.com,Female,United States,Tennessee,Memphis,559149,Single
1068,Barclay Trevino,2024-09-13,barclaytrevino6094@gmail.com,Male,India,Meghalaya,Shillong,994940,Single
1069,Allegra Cannon,2024-06-09,allegracannon@ymail.com,Female,United States,Mississippi,Hattiesburg,614960,Married
1070,Kelsie Ellis,2024-10-25,kelsieellis@gmail.com,Male,United States,Oklahoma,Norman,669672,Common Law
1071,Isaac Wilkins,2023-10-17,isaacwilkins5678@ymail.com,Transgender,United States,Montana,Billings,150175,Married
1072,Hammett Higgins,2023-04-04,hammetthiggins21@yahoomail.com,Transgender,India,Tamil Nadu,Tiruvottiyur,942063,Single
1073,Brett Gibbs,2024-04-04,brettgibbs@ymail.com,Transgender,India,Chhattisgarh,Raj Nandgaon,782662,Single
1074,Tate Boyd,2023-05-26,tateboyd9713@ymail.com,Female,India,Bihar,Chapra,202690,Married
1075,Zane Stevenson,2024-04-13,zanestevenson@yahoomail.com,Male,United States,Vermont,Burlington,241240,Single
1076,Jillian Swanson,2024-11-24,jillianswanson9028@gmail.com,Male,India,Delhi,Delhi,832551,Divorced
1077,Xaviera Avila,2025-02-05,xavieraavila9031@yahoomail.com,Female,India,Lakshadweep,Kavaratti,150148,Single
1078,Lunea Kerr,2024-09-07,luneakerr@yahoomail.com,Female,United States,Indiana,Evansville,601246,Common Law
1079,Davis Dillon,2025-02-16,davisdillon@yahoomail.com,Female,United States,Hawaii,Kailua,609879,Single
1080,Isabelle Burris,2023-11-11,isabelleburris@yahoomail.com,Transgender,India,Bihar,Dehri,650273,Common Law
1081,Naida Barker,2023-10-18,naidabarker2448@gmail.com,Female,India,Assam,Dibrugarh,159614,Common Law
1082,Carl Burns,2024-08-19,carlburns@gmail.com,Female,India,Delhi,Delhi,240726,Married
1083,Keith Marks,2023-07-19,keithmarks@gmail.com,Male,India,Jammu and Kashmir,Jammu,827286,Divorced
1084,Brent Alvarez,2023-10-18,brentalvarez@yahoomail.com,Male,United States,Colorado,Fort Collins,720203,Married
1085,Janna Puckett,2023-06-24,jannapuckett@yahoomail.com,Male,United States,Kentucky,Covington,986838,Married
1086,Kevin Calhoun,2024-09-08,kevincalhoun1678@ymail.com,Transgender,United States,Massachusetts,Worcester,983118,Divorced
1087,Ebony Rodgers,2025-01-14,ebonyrodgers@gmail.com,Female,United States,Alaska,Juneau,190139,Divorced
1088,Hadassah Mullins,2025-02-02,hadassahmullins@ymail.com,Transgender,United States,Maine,Lewiston,298115,Divorced
1089,Philip Hudson,2024-10-31,philiphudson2572@gmail.com,Transgender,India,Jharkhand,Bokaro Steel City,668650,Married
1090,Gisela Nash,2025-02-01,giselanash7012@ymail.com,Male,United States,Arkansas,Fayetteville,229627,Divorced
1091,Luke Barnett,2024-05-20,lukebarnett@yahoomail.com,Male,India,Chhattisgarh,Raipur,292311,Married
1092,Brianna Murray,2023-08-05,briannamurray@gmail.com,Male,India,Tamil Nadu,Tiruvottiyur,804225,Divorced
1093,Vera Hester,2024-08-10,verahester@gmail.com,Female,United States,Arizona,Chandler,392468,Divorced
1094,Eugenia Zamora,2025-03-17,eugeniazamora@yahoomail.com,Male,India,Dadra and Nagar Haveli,Silvassa,151499,Single
1095,Warren Baker,2024-10-12,warrenbaker@yahoomail.com,Transgender,India,Maharastra,Sangli,980756,Single
1096,Diana Ewing,2023-11-16,dianaewing@gmail.com,Female,India,Sikkim,Gangtok,899654,Married
1097,Alan Kent,2023-06-05,alankent@ymail.com,Transgender,United States,Kansas,Kansas City,730197,Married
1098,Drew Melton,2025-01-30,drewmelton@yahoomail.com,Male,India,Andaman and Nicobar Islands,Port Blair,895705,Single
1099,Kevin Porter,2025-01-21,kevinporter@ymail.com,Transgender,United States,Ohio,Cleveland,900237,Married
1100,Mannix Stevenson,2024-04-10,mannixstevenson@yahoomail.com,Transgender,India,Jammu and Kashmir,Srinagar,411688,Common Law
1101,Wang Lang,2024-11-13,wanglang1646@yahoomail.com,Male,United States,Alaska,Anchorage,951651,Single
1102,Brynne Albert,2023-09-17,brynnealbert@ymail.com,Female,India,Madhya Pradesh,Satna,910549,Married
1103,Virginia Donaldson,2023-11-11,virginiadonaldson800@gmail.com,Male,United States,Colorado,Fort Collins,693340,Married
1104,Bo Odom,2024-10-04,boodom@gmail.com,Male,India,Uttarakhand,Dehradun,895771,Married
1105,Thomas Estes,2024-03-28,thomasestes6659@gmail.com,Male,United States,Arkansas,Springdale,634141,Divorced
1106,Brianna Forbes,2025-03-20,briannaforbes914@yahoomail.com,Female,United States,California,Fresno,792643,Divorced
1107,Carly Everett,2025-03-16,carlyeverett5694@gmail.com,Male,India,Himachal Pradesh,Shimla,203186,Married
1108,Fritz Hoffman,2024-09-28,fritzhoffman2479@ymail.com,Transgender,India,Tamil Nadu,Alandur,549405,Married
1109,Daniel Monroe,2023-03-29,danielmonroe@gmail.com,Female,India,Andaman and Nicobar Islands,Port Blair,642051,Single
1110,Yardley Cantrell,2023-04-11,yardleycantrell901@ymail.com,Male,India,Tamil Nadu,Tiruvannamalai,665777,Single
1111,Clarke Terry,2025-03-14,clarketerry2494@gmail.com,Transgender,United States,Wyoming,Gillette,937175,Common Law
1112,Denise Gibson,2023-10-01,denisegibson9106@gmail.com,Male,United States,Florida,Tallahassee,910645,Married
1113,Ian Wyatt,2023-07-20,ianwyatt3071@gmail.com,Male,United States,Louisiana,Shreveport,514696,Married
1114,Quynn Cook,2024-12-27,quynncook@ymail.com,Female,United States,Georgia,Savannah,495804,Common Law
1115,Mohammad Knowles,2024-11-06,mohammadknowles1415@ymail.com,Male,United States,Alabama,Birmingham,674659,Divorced
1116,Basil Ellis,2025-02-19,basilellis@yahoomail.com,Male,United States,California,Los Angeles,353708,Married
1117,Levi Gomez,2024-10-02,levigomez1873@gmail.com,Female,United States,Alabama,Tuscaloosa,904107,Common Law
1118,Hall Cook,2024-06-06,hallcook5773@yahoomail.com,Female,India,Madhya Pradesh,Sagar,687192,Divorced
1119,Calvin Spears,2024-08-12,calvinspears@gmail.com,Male,United States,Kentucky,Louisville,566416,Single
1120,Marsden Sexton,2024-08-14,marsdensexton2813@yahoomail.com,Transgender,India,West Bengal,Navadwip,217491,Single
1121,Mikayla Stafford,2024-04-22,mikaylastafford@gmail.com,Female,India,Assam,Nagaon,676284,Divorced
1122,Ariana Terry,2024-02-01,arianaterry@ymail.com,Female,United States,Oklahoma,Norman,990003,Divorced
1123,Madeline Jimenez,2024-09-30,madelinejimenez@gmail.com,Male,India,Pondicherry,Pondicherry,942171,Married
1124,Micah Faulkner,2023-07-02,micahfaulkner@ymail.com,Transgender,India,Tripura,Agartala,226324,Common Law
1125,Mary Petersen,2024-06-17,marypetersen5371@gmail.com,Transgender,United States,Illinois,Springfield,647455,Married
1126,Clarke Hurst,2025-01-24,clarkehurst7369@yahoomail.com,Transgender,United States,Arkansas,Fayetteville,555903,Married
1127,Genevieve Shaffer,2023-04-26,genevieveshaffer2447@ymail.com,Transgender,India,Madhya Pradesh,Mandasor,249227,Married
1128,Alfonso Harper,2024-03-08,alfonsoharper3792@yahoomail.com,Male,United States,Massachusetts,Lowell,710290,Divorced
1129,Walter Mason,2023-08-04,waltermason5956@gmail.com,Transgender,India,Himachal Pradesh,Shimla,447988,Divorced
1130,Linus Shaw,2024-02-27,linusshaw@ymail.com,Female,United States,Texas,Dallas,685955,Divorced
1131,Kimberly Oneal,2024-06-25,kimberlyoneal@gmail.com,Female,United States,Arizona,Glendale,525198,Common Law
1132,Naida Key,2024-01-27,naidakey@yahoomail.com,Male,India,Dadra and Nagar Haveli,Silvassa,253173,Common Law
1133,Dana Vaughan,2023-08-07,danavaughan6111@yahoomail.com,Male,India,Madhya Pradesh,Indore,426129,Divorced
1134,Preston Snow,2024-11-07,prestonsnow@ymail.com,Female,India,Uttarakhand,Dehradun,928584,Divorced
1135,Adam Cortez,2024-04-29,adamcortez@gmail.com,Female,India,Delhi,Delhi,529550,Common Law
1136,Raya Gibbs,2023-08-22,rayagibbs@ymail.com,Female,India,West Bengal,Balurghat,419346,Divorced
1137,Remedios Juarez,2023-11-11,remediosjuarez1807@yahoomail.com,Male,United States,Michigan,Grand Rapids,196354,Married
1138,Abel Martin,2024-05-24,abelmartin@ymail.com,Transgender,India,Meghalaya,Shillong,589735,Married
1139,Elton Vance,2025-03-26,eltonvance@yahoomail.com,Transgender,India,Jharkhand,Hazaribag,810421,Single
1140,Hiroko Cross,2025-03-18,hirokocross@gmail.com,Transgender,United States,Massachusetts,Boston,269020,Single
1141,Imogene Pena,2024-02-06,imogenepena5439@gmail.com,Female,India,Uttarakhand,Dehradun,953661,Single
1142,Hiram Ayala,2024-07-12,hiramayala2009@gmail.com,Female,India,Uttarakhand,Haridwar,803398,Divorced
1143,Yardley Irwin,2023-06-08,yardleyirwin8094@gmail.com,Transgender,India,Uttar Pradesh,Bareilly,367741,Divorced
1144,Conan Fitzgerald,2024-05-08,conanfitzgerald@ymail.com,Transgender,United States,Minnesota,Saint Paul,444016,Common Law
1145,Felicia Cooke,2025-02-28,feliciacooke@ymail.com,Transgender,India,Rajasthan,Beawar,384821,Married
1146,Brock Albert,2024-02-01,brockalbert@gmail.com,Male,India,Haryana,Yamuna Nagar,545560,Divorced
1147,Daniel Lane,2024-01-28,daniellane@yahoomail.com,Male,United States,Michigan,Warren,868140,Common Law
1148,Garrett Marsh,2023-12-12,garrettmarsh7465@yahoomail.com,Male,United States,Wisconsin,Racine,163156,Married
1149,Samson Castro,2024-03-19,samsoncastro@ymail.com,Female,United States,Illinois,Aurora,796573,Common Law
1150,Warren Vance,2024-11-07,warrenvance6543@yahoomail.com,Transgender,India,West Bengal,Bhatpara,747822,Single
1151,Zephania Church,2024-01-24,zephaniachurch@ymail.com,Female,United States,Michigan,Lansing,908587,Married
1152,Amal Baxter,2024-01-23,amalbaxter@gmail.com,Male,United States,Nevada,Paradise,614593,Single
1153,Louis Alexander,2023-08-15,louisalexander6481@ymail.com,Female,United States,Tennessee,Nashville,435590,Common Law
1154,Kyra Strickland,2023-10-01,kyrastrickland@gmail.com,Transgender,India,Dadra and Nagar Haveli,Silvassa,571389,Divorced
1155,Britanni Wolf,2024-07-26,britanniwolf@yahoomail.com,Female,India,Nagaland,Kohima,475705,Single
1156,Axel Bradshaw,2025-03-14,axelbradshaw@gmail.com,Female,India,Mizoram,Aizwal,893709,Single
1157,Remedios Fitzgerald,2025-01-23,remediosfitzgerald5913@yahoomail.com,Male,United States,Illinois,Springfield,421848,Married
1158,Dacey Orr,2024-12-04,daceyorr8588@ymail.com,Male,India,Himachal Pradesh,Shimla,550063,Single
1159,Yardley Holden,2024-03-17,yardleyholden2332@yahoomail.com,Transgender,India,Karnataka,Bangalore,732774,Single
1160,Gisela Vaughn,2023-07-05,giselavaughn@yahoomail.com,Transgender,India,Tripura,Agartala,893248,Single
1161,Caryn Wise,2023-07-27,carynwise@ymail.com,Transgender,India,Lakshadweep,Kavaratti,545234,Divorced
1162,Avye Garrett,2023-08-20,avyegarrett2179@gmail.com,Transgender,India,Tamil Nadu,Kanchipuram,325051,Single
1163,Shaine Hewitt,2023-08-08,shainehewitt2021@ymail.com,Transgender,United States,Idaho,Nampa,490587,Single
1164,Libby Contreras,2024-01-13,libbycontreras@ymail.com,Female,United States,Mississippi,Jackson,872180,Common Law
1165,Elvis Anthony,2024-04-21,elvisanthony7227@yahoomail.com,Male,India,Jammu and Kashmir,Srinagar,934949,Common Law
1166,Sophia Yang,2023-07-19,sophiayang8440@ymail.com,Female,United States,California,Sacramento,106570,Divorced
1167,Ignatius Harrington,2024-02-15,ignatiusharrington@gmail.com,Transgender,India,Gujarat,Bharuch,872500,Divorced
1168,Candace Cash,2023-09-17,candacecash@gmail.com,Male,India,Meghalaya,Shillong,882782,Single
1169,Mark Keith,2025-03-18,markkeith3600@yahoomail.com,Transgender,India,Uttarakhand,Haridwar,783862,Single
1170,Aphrodite Santiago,2024-01-16,aphroditesantiago5332@gmail.com,Transgender,United States,Oregon,Portland,468566,Married
1171,Odysseus Murphy,2024-02-16,odysseusmurphy@yahoomail.com,Female,India,Lakshadweep,Kavaratti,493725,Divorced
1172,Melanie Valenzuela,2025-01-29,melanievalenzuela7509@gmail.com,Transgender,United States,Kentucky,Covington,809297,Married
1173,Ramona Holman,2024-03-29,ramonaholman4553@yahoomail.com,Female,United States,Louisiana,Metairie,532537,Single
1174,Cedric Galloway,2023-11-16,cedricgalloway@ymail.com,Transgender,United States,Florida,Miami,803046,Single
1175,Ginger Hall,2023-08-31,gingerhall@ymail.com,Male,India,Delhi,Delhi,886569,Common Law
1176,Damon Murray,2023-05-01,damonmurray@gmail.com,Female,India,Lakshadweep,Kavaratti,415489,Single
1177,Chancellor Thompson,2023-04-12,chancellorthompson@gmail.com,Female,India,Mizoram,Aizwal,781867,Single
1178,Xaviera Oneal,2024-03-13,xavieraoneal92@ymail.com,Transgender,United States,Missouri,Independence,958086,Divorced
1179,Clio Sanford,2024-04-06,cliosanford8157@gmail.com,Female,United States,Indiana,Evansville,830103,Single
1180,Maggy Keller,2024-03-10,maggykeller119@yahoomail.com,Transgender,United States,Missouri,Saint Louis,953730,Divorced
1181,Zorita Simon,2024-06-15,zoritasimon@ymail.com,Male,United States,Indiana,Fort Wayne,872013,Single
1182,Tanek Jackson,2023-06-13,tanekjackson2961@ymail.com,Transgender,India,Arunachal Pradesh,Itanagar,544162,Common Law
1183,Kermit Bryant,2025-01-02,kermitbryant@yahoomail.com,Female,United States,Oklahoma,Oklahoma City,116227,Married
1184,Evan Pierce,2023-04-03,evanpierce@gmail.com,Transgender,India,Nagaland,Kohima,960250,Common Law
1185,Alice Mccray,2024-03-14,alicemccray@ymail.com,Transgender,United States,Alabama,Montgomery,758956,Married
1186,Justine Wolf,2025-01-13,justinewolf4888@ymail.com,Female,United States,Minnesota,Saint Paul,675850,Common Law
1187,Portia Roy,2024-06-13,portiaroy8730@gmail.com,Female,India,Punjab,Jalandhar (Jullundur},517088,Common Law
1188,Amethyst Sandoval,2024-01-22,amethystsandoval@yahoomail.com,Transgender,United States,Kansas,Wichita,727047,Common Law
1189,Wang Hardy,2023-11-02,wanghardy3880@ymail.com,Female,India,Sikkim,Gangtok,102212,Single
1190,Daniel Patton,2023-05-15,danielpatton@yahoomail.com,Transgender,India,Andhra Pradesh,Machilipatnam,699439,Married
1191,Griffith Fletcher,2024-02-21,griffithfletcher@yahoomail.com,Female,United States,Massachusetts,Cambridge,762878,Single
1192,Maia Leblanc,2025-02-09,maialeblanc@gmail.com,Female,United States,Colorado,Denver,226892,Single
1193,Troy Simmons,2023-10-16,troysimmons9695@yahoomail.com,Female,India,Nagaland,Kohima,261827,Divorced
1194,Bevis Lucas,2024-07-22,bevislucas@gmail.com,Transgender,United States,Kentucky,Covington,496575,Common Law
1195,Oscar Grant,2024-09-20,oscargrant7645@gmail.com,Transgender,United States,Washington,Tacoma,252481,Married
1196,Garrison Roach,2023-06-17,garrisonroach@yahoomail.com,Female,United States,Montana,Great Falls,604950,Single
1197,Ezekiel Jones,2024-06-17,ezekieljones8507@ymail.com,Transgender,United States,Idaho,Nampa,446310,Common Law
1198,Keefe Lang,2023-05-26,keefelang@yahoomail.com,Transgender,United States,Massachusetts,Cambridge,383020,Divorced
1199,Thor Rogers,2023-08-30,thorrogers5868@yahoomail.com,Transgender,United States,Indiana,Evansville,278264,Married
1200,Kyla Medina,2023-10-03,kylamedina9120@ymail.com,Transgender,United States,Kansas,Kansas City,212213,Common Law
1201,Herrod Pena,2024-03-14,herrodpena@ymail.com,Male,United States,Kentucky,Owensboro,814716,Common Law
1202,Harding Cabrera,2024-06-28,hardingcabrera@yahoomail.com,Female,India,Pondicherry,Pondicherry,982306,Divorced
1203,Clinton Benjamin,2025-02-10,clintonbenjamin@yahoomail.com,Male,United States,Maine,South Portland,298414,Married
1204,Ishmael York,2023-05-30,ishmaelyork6828@ymail.com,Female,United States,Alaska,Fairbanks,597903,Married
1205,Risa Giles,2024-07-01,risagiles1200@yahoomail.com,Male,India,Rajasthan,Sikar,720888,Divorced
1206,Avram Whitfield,2023-09-14,avramwhitfield8820@ymail.com,Transgender,United States,Texas,Houston,440863,Married
1207,Duncan Lloyd,2024-11-22,duncanlloyd@yahoomail.com,Female,United States,Virginia,Chesapeake,579827,Divorced
1208,Uta Hernandez,2024-03-02,utahernandez2550@gmail.com,Female,India,Goa,Panjim,601023,Married
1209,Merritt Charles,2024-09-29,merrittcharles@yahoomail.com,Transgender,India,Meghalaya,Shillong,800247,Married
1210,Sopoline Stuart,2023-07-10,sopolinestuart2730@gmail.com,Female,India,Lakshadweep,Kavaratti,976475,Single
1211,Christine Sargent,2024-06-13,christinesargent4863@gmail.com,Transgender,India,Maharastra,Miraj,907884,Single
1212,Hedda Randall,2025-02-23,heddarandall4330@ymail.com,Female,United States,Arizona,Chandler,711809,Married
1213,Cassandra Sanford,2023-06-10,cassandrasanford@yahoomail.com,Transgender,India,Andhra Pradesh,Hyderabad,262104,Common Law
1214,Jordan Moore,2024-12-12,jordanmoore1360@ymail.com,Male,India,Karnataka,Bellary,546803,Divorced
1215,Dean Knight,2024-11-16,deanknight8524@gmail.com,Transgender,India,Haryana,Yamuna Nagar,688761,Married
1216,Hiram Garrison,2023-06-25,hiramgarrison@yahoomail.com,Male,United States,Indiana,Indianapolis,211610,Married
1217,Silas Craig,2023-05-05,silascraig@gmail.com,Male,India,Assam,Dibrugarh,902612,Divorced
1218,Clarke Carrillo,2023-06-04,clarkecarrillo@ymail.com,Male,United States,Virginia,Virginia Beach,393084,Common Law
1219,Jena Mitchell,2023-07-17,jenamitchell5300@gmail.com,Transgender,India,Nagaland,Kohima,211484,Common Law
1220,Iliana Dillard,2024-05-22,ilianadillard@yahoomail.com,Male,United States,Idaho,Nampa,634700,Single
1221,Doris Ross,2024-02-26,dorisross@gmail.com,Male,United States,Massachusetts,Worcester,501445,Single
1222,Hedwig Cooper,2025-03-12,hedwigcooper@gmail.com,Female,United States,Wisconsin,Madison,773649,Divorced
1223,Vance Patton,2024-10-27,vancepatton@gmail.com,Female,India,Punjab,Gujranwala,403077,Divorced
1224,Jonah Wolfe,2023-12-18,jonahwolfe5040@yahoomail.com,Female,India,Nagaland,Kohima,610410,Common Law
1225,Deacon Lowery,2024-05-05,deaconlowery1666@yahoomail.com,Female,United States,Pennsylvania,Reading,431678,Common Law
1226,Halla Lang,2024-08-22,hallalang@gmail.com,Male,United States,Tennessee,Nashville,185554,Married
1227,Wesley Potts,2023-11-27,wesleypotts@ymail.com,Transgender,United States,Nebraska,Grand Island,865212,Divorced
1228,Declan Bell,2024-03-15,declanbell8588@yahoomail.com,Female,United States,Delaware,Newark,471072,Common Law
1229,August Daugherty,2024-07-02,augustdaugherty5412@ymail.com,Male,India,Rajasthan,Bharatpur,903204,Single
1230,Haley Walker,2024-12-24,haleywalker1217@ymail.com,Female,United States,Vermont,Rutland,462858,Divorced
1231,Channing Hill,2024-08-15,channinghill@yahoomail.com,Male,India,Odisha,Cuttack,700635,Married
1232,Wayne Richards,2024-01-31,waynerichards@ymail.com,Male,United States,Florida,St. Petersburg,294135,Common Law
1233,Imelda Goodman,2023-04-28,imeldagoodman4164@yahoomail.com,Female,India,Chhattisgarh,Raipur,399024,Single
1234,Theodore Harper,2023-11-20,theodoreharper3949@gmail.com,Female,United States,Connecticut,Waterbury,754858,Single
1235,Gannon Griffith,2024-06-24,gannongriffith@gmail.com,Male,United States,Mississippi,Hattiesburg,138919,Married
1236,Rama Riley,2024-11-18,ramariley@gmail.com,Male,India,Karnataka,Hospet,230598,Divorced
1237,Yasir Justice,2024-11-07,yasirjustice@yahoomail.com,Female,United States,Nevada,North Las Vegas,364850,Common Law
1238,Moses Anthony,2023-05-14,mosesanthony@ymail.com,Transgender,United States,Arkansas,Fort Smith,415487,Single
1239,Brooke Dunlap,2024-09-25,brookedunlap2395@gmail.com,Transgender,India,Rajasthan,Alwar,732442,Common Law
1240,Giacomo Solomon,2023-08-24,giacomosolomon@yahoomail.com,Male,United States,California,Sacramento,496659,Divorced
1241,Farrah Robbins,2023-06-02,farrahrobbins@yahoomail.com,Female,India,Andaman and Nicobar Islands,Port Blair,699900,Single
1242,Hasad Macdonald,2023-12-09,hasadmacdonald6158@yahoomail.com,Male,United States,Nebraska,Kearney,592526,Married
1243,Vanna Edwards,2023-06-05,vannaedwards869@ymail.com,Female,India,Tripura,Agartala,946199,Divorced
1244,Olga Martinez,2024-05-21,olgamartinez8803@ymail.com,Female,India,Rajasthan,Bikaner,753064,Common Law
1245,Ifeoma Bond,2024-07-06,ifeomabond2895@ymail.com,Female,India,Gujarat,Gandhinagar,736712,Common Law
1246,Zenia Cardenas,2024-04-16,zeniacardenas@gmail.com,Male,India,Meghalaya,Shillong,220907,Married
1247,Nell Dunlap,2024-08-12,nelldunlap8925@ymail.com,Male,India,Chandigarh,Chandigarh,970770,Married
1248,Iliana Nieves,2024-09-12,iliananieves@yahoomail.com,Female,United States,Ohio,Toledo,210248,Common Law
1249,Adam Delacruz,2024-06-24,adamdelacruz3953@ymail.com,Male,United States,Vermont,South Burlington,949125,Common Law
1250,Denise Boyer,2023-07-01,deniseboyer2972@gmail.com,Male,United States,Nevada,Reno,520887,Divorced
1251,Ethan Rogers,2024-02-29,ethanrogers6621@yahoomail.com,Male,United States,Alaska,Anchorage,835808,Married
1252,Isadora Ayala,2023-06-04,isadoraayala5749@yahoomail.com,Transgender,India,Andaman and Nicobar Islands,Port Blair,118481,Divorced
1253,Eagan Humphrey,2024-01-11,eaganhumphrey9557@gmail.com,Male,India,Jharkhand,Hazaribag,842291,Married
1254,Alisa Byers,2024-07-02,alisabyers@yahoomail.com,Male,India,Lakshadweep,Kavaratti,295812,Divorced
1255,Buckminster Gray,2024-07-14,buckminstergray@gmail.com,Male,India,Andaman and Nicobar Islands,Port Blair,410646,Married
1256,Lilah Crawford,2023-10-28,lilahcrawford4147@gmail.com,Male,United States,Delaware,Newark,143290,Divorced
1257,Courtney Hester,2024-04-12,courtneyhester9584@yahoomail.com,Transgender,United States,Nebraska,Bellevue,758077,Single
1258,Vivian Lancaster,2025-02-13,vivianlancaster@yahoomail.com,Transgender,United States,Georgia,Augusta,190030,Married
1259,Laurel Christian,2023-12-29,laurelchristian3952@yahoomail.com,Male,United States,Nevada,Reno,783374,Divorced
1260,Imani Burch,2023-05-23,imaniburch@gmail.com,Male,United States,Utah,Provo,101715,Married
1261,Lyle Dudley,2023-06-27,lyledudley9020@gmail.com,Female,United States,Louisiana,Baton Rouge,474594,Married
1262,Quyn Blevins,2024-08-01,quynblevins7775@gmail.com,Transgender,India,Manipur,Imphal,425929,Single
1263,Candice Bonner,2023-05-14,candicebonner@yahoomail.com,Female,United States,Alabama,Birmingham,321306,Single
1264,Berk Bass,2023-06-07,berkbass5784@ymail.com,Male,United States,Illinois,Rockford,204221,Single
1265,Roary Snow,2024-09-15,roarysnow@yahoomail.com,Female,India,Karnataka,Mysore,827593,Single
1266,Drew Lang,2024-09-22,drewlang1353@gmail.com,Female,India,Nagaland,Kohima,327361,Married
1267,Bevis Raymond,2023-08-16,bevisraymond6149@ymail.com,Transgender,United States,Missouri,Independence,827351,Common Law
1268,Maggy Franco,2024-10-19,maggyfranco@yahoomail.com,Transgender,India,Delhi,Delhi,489548,Divorced
1269,Gemma Boyer,2024-11-15,gemmaboyer@ymail.com,Transgender,United States,Connecticut,Waterbury,100866,Married
1270,Brian Turner,2024-01-27,brianturner@gmail.com,Male,India,Andhra Pradesh,Mahbubnagar,831273,Single
1271,Edan Baldwin,2023-06-16,edanbaldwin@gmail.com,Male,United States,Wisconsin,Kenosha,200692,Single
1272,Shelby Scott,2024-01-19,shelbyscott2445@yahoomail.com,Transgender,United States,Maryland,Annapolis,695116,Single
1273,Joseph Robertson,2025-03-03,josephrobertson@yahoomail.com,Female,India,Chhattisgarh,Korba,117049,Married
1274,Josiah Joseph,2023-12-23,josiahjoseph7936@ymail.com,Male,India,Pondicherry,Pondicherry,727648,Common Law
1275,Beverly Sherman,2023-05-26,beverlysherman@ymail.com,Male,United States,Oklahoma,Oklahoma City,614416,Married
1276,Wayne Wong,2023-08-07,waynewong@gmail.com,Male,India,Uttarakhand,Dehradun,989412,Single
1277,Evan Blankenship,2025-01-09,evanblankenship@ymail.com,Male,United States,Illinois,Rockford,193543,Divorced
1278,Thane Snow,2023-07-08,thanesnow@gmail.com,Female,India,Nagaland,Kohima,664058,Divorced
1279,Quin Peterson,2023-04-12,quinpeterson@ymail.com,Transgender,United States,Wisconsin,Milwaukee,446678,Single
1280,Laith Dejesus,2024-05-31,laithdejesus914@gmail.com,Female,United States,Washington,Tacoma,415714,Single
1281,Regina Harrington,2023-04-21,reginaharrington@gmail.com,Male,United States,Minnesota,Bloomington,681984,Single
1282,Arthur Stuart,2024-11-22,arthurstuart@gmail.com,Male,United States,Arizona,Chandler,434317,Married
1283,Alden Ashley,2023-08-09,aldenashley@gmail.com,Female,United States,Wisconsin,Madison,143779,Common Law
1284,Tashya Pope,2023-12-26,tashyapope4083@yahoomail.com,Male,India,Andhra Pradesh,Warangal,397311,Common Law
1285,Harriet Cabrera,2025-02-16,harrietcabrera9800@yahoomail.com,Male,India,Andaman and Nicobar Islands,Port Blair,425201,Married
1286,Wylie Riddle,2025-01-21,wylieriddle5752@gmail.com,Transgender,India,Haryana,Ambala Sadar,977907,Married
1287,Isaac Estes,2025-01-14,isaacestes6274@gmail.com,Male,United States,Maine,Auburn,823102,Common Law
1288,Vance Bean,2023-11-15,vancebean9389@ymail.com,Transgender,India,Assam,Dibrugarh,500436,Single
1289,Theodore Decker,2024-03-09,theodoredecker7091@gmail.com,Transgender,United States,Nevada,Reno,660599,Single
1290,Oscar Gray,2024-05-26,oscargray@yahoomail.com,Male,United States,Georgia,Georgia,383033,Divorced
1291,Jada Barker,2024-10-16,jadabarker@ymail.com,Female,United States,Massachusetts,Cambridge,557618,Common Law
1292,Malachi Hays,2023-08-09,malachihays@gmail.com,Female,India,Jammu and Kashmir,Jammu,247222,Common Law
1293,Raya Owens,2023-07-30,rayaowens7522@yahoomail.com,Male,India,Chandigarh,Chandigarh,110434,Single
1294,Raven Morrow,2024-01-27,ravenmorrow@gmail.com,Female,United States,Utah,Provo,108895,Divorced
1295,Brenda Martinez,2023-11-26,brendamartinez@ymail.com,Female,United States,Maryland,Baltimore,746841,Common Law
1296,Christine Calderon,2024-01-14,christinecalderon3816@gmail.com,Male,United States,Nevada,North Las Vegas,432244,Single
1297,Aphrodite Fulton,2023-03-28,aphroditefulton6549@ymail.com,Female,United States,Florida,Tampa,917740,Common Law
1298,Hermione Carlson,2023-07-02,hermionecarlson1656@ymail.com,Male,India,Andaman and Nicobar Islands,Port Blair,554298,Single
1299,Nicholas Zamora,2024-08-30,nicholaszamora4824@yahoomail.com,Transgender,United States,Washington,Bellevue,419628,Divorced
1300,Ira Hamilton,2023-05-03,irahamilton6977@ymail.com,Transgender,India,Tamil Nadu,Kanchipuram,955118,Divorced
1301,Jack Huber,2024-11-17,jackhuber@gmail.com,Transgender,India,Sikkim,Gangtok,271750,Single
1302,Luke Walton,2025-01-07,lukewalton@gmail.com,Transgender,India,Tripura,Agartala,687674,Married
1303,Cadman Mcmahon,2024-11-02,cadmanmcmahon2716@gmail.com,Transgender,United States,Illinois,Rockford,630977,Married
1304,Edward Melton,2024-04-26,edwardmelton3023@ymail.com,Male,India,Mizoram,Aizwal,430216,Divorced
1305,Grant Wilcox,2023-04-21,grantwilcox@yahoomail.com,Female,United States,Nevada,Las Vegas,588172,Divorced
1306,Charissa Schwartz,2023-12-15,charissaschwartz@ymail.com,Female,India,Karnataka,Bangalore,264940,Single
1307,Brittany Briggs,2024-09-04,brittanybriggs3502@gmail.com,Transgender,United States,Hawaii,Kailua,572001,Common Law
1308,Vernon Mccray,2023-09-23,vernonmccray@yahoomail.com,Male,United States,Minnesota,Duluth,675705,Divorced
1309,Blake Solomon,2023-09-21,blakesolomon@gmail.com,Transgender,India,Uttar Pradesh,Rampur,888568,Common Law
1310,Buckminster Jones,2024-08-16,buckminsterjones8885@yahoomail.com,Male,United States,Wyoming,Casper,172861,Divorced
1311,Nero Whitehead,2024-07-10,nerowhitehead8064@ymail.com,Transgender,United States,Colorado,Colorado Springs,176224,Single
1312,Rae Ellis,2023-09-16,raeellis@gmail.com,Transgender,United States,Texas,Houston,266645,Divorced
1313,Elmo Conrad,2024-11-02,elmoconrad329@gmail.com,Transgender,India,Andaman and Nicobar Islands,Port Blair,355342,Married
1314,Cassady Mack,2024-07-26,cassadymack3386@ymail.com,Female,India,Dadra and Nagar Haveli,Silvassa,226791,Married
1315,Jessamine Reyes,2024-01-15,jessaminereyes330@gmail.com,Male,India,Kerala,Allappuzha,666147,Married
1316,Nolan Underwood,2023-10-29,nolanunderwood6383@gmail.com,Transgender,India,Delhi,Delhi,852674,Married
1317,Virginia Mcintyre,2024-11-11,virginiamcintyre@yahoomail.com,Male,India,Tripura,Agartala,224016,Divorced
1318,Warren Patrick,2023-06-12,warrenpatrick5338@yahoomail.com,Male,United States,Nevada,Las Vegas,384880,Divorced
1319,Ivor Conrad,2024-06-04,ivorconrad@yahoomail.com,Female,India,Nagaland,Kohima,144386,Single
1320,Daniel Clemons,2025-03-14,danielclemons8238@gmail.com,Female,United States,California,San Diego,806681,Married
1321,Jasmine Mendez,2024-06-16,jasminemendez@gmail.com,Female,India,Himachal Pradesh,Shimla,201328,Common Law
1322,Cleo Guy,2023-06-26,cleoguy@yahoomail.com,Transgender,India,Madhya Pradesh,Chhindwara,746816,Divorced
1323,Sawyer Glass,2025-01-03,sawyerglass4197@ymail.com,Female,India,Goa,Panjim,390685,Common Law
1324,Claudia Cain,2024-07-10,claudiacain@yahoomail.com,Transgender,India,Gujarat,Jamnagar,433685,Common Law
1325,Duncan Curry,2024-06-04,duncancurry@gmail.com,Female,United States,Louisiana,Shreveport,809854,Married
1326,George Holland,2024-05-08,georgeholland1799@ymail.com,Transgender,India,Tamil Nadu,Kanchipuram,352512,Divorced
1327,Odessa Hurley,2023-07-18,odessahurley8187@ymail.com,Transgender,United States,Massachusetts,Worcester,557166,Single
1328,Elmo Briggs,2024-01-25,elmobriggs@gmail.com,Male,United States,Virginia,Virginia Beach,609627,Married
1329,Roanna Aguilar,2023-06-21,roannaaguilar@gmail.com,Transgender,United States,Utah,West Jordan,323026,Common Law
1330,Cora Nielsen,2024-09-22,coranielsen@yahoomail.com,Female,United States,Alaska,College,938010,Divorced
1331,Bertha Smith,2024-01-09,berthasmith@yahoomail.com,Transgender,India,Andhra Pradesh,Tirupati,775830,Single
1332,Gillian Valentine,2024-06-25,gillianvalentine9785@gmail.com,Female,India,Lakshadweep,Kavaratti,430179,Divorced
1333,Kevin Grimes,2024-04-28,kevingrimes278@yahoomail.com,Transgender,India,Meghalaya,Shillong,786640,Divorced
1334,Ursula Wallace,2023-04-23,ursulawallace5368@ymail.com,Transgender,India,Tamil Nadu,Tirunelveli,906981,Common Law
1335,Evangeline Fowler,2023-08-04,evangelinefowler@yahoomail.com,Male,United States,Wisconsin,Milwaukee,964180,Single
1336,Curran Roman,2024-02-07,curranroman@yahoomail.com,Female,United States,Oregon,Hillsboro,791834,Single
1337,Shafira Peck,2024-12-12,shafirapeck8928@gmail.com,Female,United States,Missouri,Kansas City,874631,Common Law
1338,Olga Bartlett,2024-05-30,olgabartlett@ymail.com,Male,United States,Michigan,Sterling Heights,909155,Common Law
1339,Barclay Henderson,2024-10-12,barclayhenderson831@yahoomail.com,Female,United States,Mississippi,Southaven,293684,Single
1340,Howard Kelley,2024-06-06,howardkelley@yahoomail.com,Female,United States,Montana,Missoula,497562,Common Law
1341,Chaim Chan,2024-10-09,chaimchan@yahoomail.com,Female,United States,Wisconsin,Madison,707699,Divorced
1342,Talon Coleman,2024-07-13,taloncoleman4571@ymail.com,Male,United States,Arkansas,Little Rock,824543,Married
1343,Carson Barr,2024-01-27,carsonbarr@yahoomail.com,Female,United States,Massachusetts,Lowell,873094,Common Law
1344,Duncan Grimes,2025-01-13,duncangrimes290@gmail.com,Transgender,India,Rajasthan,Bikaner,152932,Common Law
1345,Amena Perkins,2024-09-11,amenaperkins2809@gmail.com,Transgender,India,Madhya Pradesh,Sagar,944209,Divorced
1346,Adara Joseph,2024-09-28,adarajoseph@ymail.com,Male,United States,Idaho,Meridian,215146,Single
1347,Nayda Ratliff,2023-07-02,naydaratliff@ymail.com,Female,United States,Wyoming,Cheyenne,381763,Common Law
1348,Thane Tillman,2025-02-23,thanetillman@ymail.com,Female,United States,Texas,Dallas,244527,Single
1349,Francis Miller,2025-03-25,francismiller2019@gmail.com,Male,India,Tamil Nadu,Alandur,669203,Divorced
1350,Tanya Barlow,2025-03-21,tanyabarlow@ymail.com,Female,United States,Minnesota,Bloomington,685881,Single
1351,Hedley Barlow,2023-05-14,hedleybarlow@gmail.com,Transgender,United States,Kentucky,Louisville,336999,Married
1352,Xenos Dorsey,2024-08-04,xenosdorsey@ymail.com,Female,India,Madhya Pradesh,Ujjain,990650,Married
1353,Cruz Waters,2024-09-06,cruzwaters@yahoomail.com,Female,India,Jharkhand,Jamshedpur,904632,Divorced
1354,Meghan Rogers,2023-07-02,meghanrogers9612@yahoomail.com,Transgender,India,Rajasthan,Sikar,223417,Divorced
1355,Renee Stewart,2024-06-11,reneestewart2064@gmail.com,Transgender,India,Bihar,Patna,499879,Single
1356,Scott Brown,2025-03-03,scottbrown7186@yahoomail.com,Transgender,United States,Missouri,Independence,959393,Divorced
1357,Shay Burch,2024-06-22,shayburch@gmail.com,Female,India,Jammu and Kashmir,Jammu,754137,Divorced
1358,Angelica Nieves,2025-02-22,angelicanieves@gmail.com,Male,India,Delhi,Delhi,654747,Married
1359,Buckminster Hester,2024-10-12,buckminsterhester6526@gmail.com,Male,India,Dadra and Nagar Haveli,Silvassa,419970,Divorced
1360,Lynn Collier,2024-02-22,lynncollier@yahoomail.com,Female,India,Jammu and Kashmir,Jammu,898728,Divorced
1361,Cole Mccormick,2023-12-11,colemccormick5589@yahoomail.com,Male,United States,Nevada,Henderson,123366,Common Law
1362,Hannah Vargas,2024-03-08,hannahvargas@ymail.com,Female,United States,Vermont,South Burlington,490426,Single
1363,Deirdre Collins,2025-01-16,deirdrecollins555@gmail.com,Male,United States,Oklahoma,Norman,976925,Common Law
1364,Alyssa Juarez,2025-02-07,alyssajuarez@yahoomail.com,Transgender,India,Jharkhand,Purulia,281477,Single
1365,Whoopi Mcdaniel,2024-02-10,whoopimcdaniel8957@yahoomail.com,Transgender,India,Lakshadweep,Kavaratti,359711,Married
1366,Basia Farrell,2025-01-02,basiafarrell@gmail.com,Transgender,India,Daman and Diu,Daman,706446,Married
1367,Alan Park,2024-02-11,alanpark@gmail.com,Female,United States,Delaware,Bear,256124,Common Law
1368,Lucian Mercado,2023-10-16,lucianmercado@yahoomail.com,Male,United States,California,Los Angeles,538215,Single
1369,Tatyana Leach,2024-11-24,tatyanaleach4010@gmail.com,Transgender,India,Rajasthan,Udaipur,584078,Common Law
1370,Hiroko Lyons,2025-01-02,hirokolyons6743@yahoomail.com,Male,India,Uttarakhand,Dehradun,435794,Single
1371,Rosalyn Knapp,2024-05-12,rosalynknapp705@ymail.com,Transgender,India,Madhya Pradesh,Ujjain,746485,Common Law
1372,Flynn Cook,2023-10-22,flynncook@yahoomail.com,Male,United States,Virginia,Norfolk,335590,Married
1373,Phelan Hawkins,2023-08-09,phelanhawkins7335@ymail.com,Female,India,Rajasthan,Tonk,187744,Divorced
1374,Barry Jacobson,2024-10-27,barryjacobson@yahoomail.com,Male,United States,Maryland,Rockville,972599,Common Law
1375,Alfonso Torres,2025-01-04,alfonsotorres@yahoomail.com,Female,United States,Hawaii,Hilo,174055,Divorced
1376,Rachel Hayden,2023-03-29,rachelhayden@gmail.com,Female,India,Pondicherry,Pondicherry,358833,Divorced
1377,Rachel Dawson,2023-11-16,racheldawson4119@gmail.com,Male,India,Punjab,Kasur,415338,Married
1378,Justin Ferrell,2023-09-12,justinferrell2902@gmail.com,Male,India,Punjab,Jalandhar (Jullundur},338006,Common Law
1379,Nicholas Mcclure,2024-10-03,nicholasmcclure@yahoomail.com,Transgender,India,Nagaland,Kohima,569516,Common Law
1380,Hasad Baird,2023-04-25,hasadbaird9926@gmail.com,Transgender,United States,Wyoming,Wyoming,645815,Divorced
1381,Patience Wagner,2024-09-18,patiencewagner@gmail.com,Male,United States,Maine,Augusta,658903,Common Law
1382,Mira Holloway,2024-02-23,miraholloway@yahoomail.com,Female,United States,Idaho,Pocatello,369810,Common Law
1383,Keith Carpenter,2023-09-17,keithcarpenter@ymail.com,Transgender,United States,Connecticut,Bridgeport,325784,Married
1384,Zelenia Mcbride,2024-08-06,zeleniamcbride@ymail.com,Male,India,Sikkim,Gangtok,239445,Divorced
1385,Nina Monroe,2023-07-14,ninamonroe@ymail.com,Female,United States,Vermont,Essex,737288,Common Law
1386,Carolyn Aguirre,2024-11-26,carolynaguirre6549@ymail.com,Female,United States,Michigan,Lansing,247473,Married
1387,Brent Martin,2023-04-25,brentmartin@gmail.com,Transgender,United States,Utah,West Valley City,592488,Divorced
1388,Jessamine Battle,2024-01-14,jessaminebattle5842@yahoomail.com,Female,United States,Tennessee,Knoxville,464491,Married
1389,Kathleen Bradford,2024-02-20,kathleenbradford4094@ymail.com,Female,India,Odisha,Sambalpur,354026,Married
1390,Azalia Christian,2023-04-09,azaliachristian5676@ymail.com,Transgender,United States,Nevada,North Las Vegas,608382,Common Law
1391,Hermione Harvey,2024-01-20,hermioneharvey@ymail.com,Female,India,Maharastra,Ulhasnagar,114598,Married
1392,Violet Stephenson,2023-07-24,violetstephenson6411@ymail.com,Male,United States,Ohio,Toledo,353164,Married
1393,Bradley Woodard,2024-09-22,bradleywoodard@ymail.com,Transgender,United States,Kansas,Topeka,255100,Divorced
1394,Gemma Golden,2024-05-01,gemmagolden@yahoomail.com,Transgender,India,Maharastra,Kalyan,694564,Divorced
1395,Xantha Weber,2023-04-23,xanthaweber@yahoomail.com,Transgender,India,Delhi,Delhi,298193,Single
1396,Hedley Faulkner,2023-07-14,hedleyfaulkner2330@ymail.com,Female,India,Manipur,Imphal,172356,Divorced
1397,Kirsten Davis,2025-01-19,kirstendavis2953@ymail.com,Male,India,Punjab,Bahawalpur,909222,Common Law
1398,Felix Barrera,2023-07-09,felixbarrera@yahoomail.com,Female,United States,Utah,West Jordan,532022,Single
1399,Justine Harding,2023-12-07,justineharding@yahoomail.com,Transgender,United States,Oregon,Eugene,484491,Divorced
1400,Chaim Johnson,2023-06-04,chaimjohnson9679@yahoomail.com,Transgender,India,Daman and Diu,Daman,559873,Divorced
1401,Elvis Robertson,2023-05-10,elvisrobertson@gmail.com,Female,United States,Utah,Provo,855411,Married
1402,Mara Santos,2025-01-05,marasantos714@ymail.com,Female,United States,Nevada,Reno,801340,Married
1403,Brittany Wong,2024-08-27,brittanywong@ymail.com,Transgender,United States,Wisconsin,Green Bay,131350,Single
1404,Ria Castillo,2024-08-18,riacastillo8610@gmail.com,Female,India,Andaman and Nicobar Islands,Port Blair,754461,Single
1405,Wynne Savage,2023-09-27,wynnesavage4080@ymail.com,Male,India,Kerala,Palakkad,146288,Single
1406,Kimberly Daugherty,2023-08-03,kimberlydaugherty6936@ymail.com,Female,India,Goa,Panjim,616174,Common Law
1407,Breanna Riggs,2023-10-24,breannariggs@ymail.com,Female,India,Meghalaya,Shillong,691287,Single
1408,Dexter Snider,2025-02-04,dextersnider7764@gmail.com,Female,India,Pondicherry,Pondicherry,897118,Divorced
1409,Aaron Chaney,2025-02-19,aaronchaney3989@gmail.com,Female,United States,Ohio,Toledo,838911,Married
1410,Ivy Buck,2023-10-30,ivybuck3431@gmail.com,Male,India,Bihar,Chapra,458945,Married
1411,Nicole Heath,2024-10-11,nicoleheath1406@gmail.com,Female,United States,Vermont,Essex,133374,Common Law
1412,Kevin Mcfadden,2024-02-07,kevinmcfadden@ymail.com,Female,India,Rajasthan,Jodhpur,281647,Divorced
1413,Shea Gamble,2024-08-29,sheagamble@yahoomail.com,Transgender,United States,Maryland,Annapolis,839306,Common Law
1414,Shannon Bright,2023-07-26,shannonbright@ymail.com,Male,United States,Maine,Augusta,461980,Married
1415,Hayes Butler,2024-03-20,hayesbutler@gmail.com,Male,India,Punjab,Jalandhar (Jullundur},269661,Single
1416,Montana Harrison,2024-06-03,montanaharrison@ymail.com,Transgender,India,Uttarakhand,Dehradun,553985,Divorced
1417,Aimee Slater,2023-08-17,aimeeslater@gmail.com,Male,India,Delhi,Delhi,179179,Married
1418,Rina Shields,2023-11-23,rinashields@ymail.com,Male,India,Odisha,Raurkela,819539,Divorced
1419,Barrett Webb,2023-04-14,barrettwebb@ymail.com,Female,India,Andhra Pradesh,Kakinada,947186,Common Law
1420,Cynthia Doyle,2024-08-09,cynthiadoyle@ymail.com,Male,United States,Pennsylvania,Harrisburg,801622,Single
1421,Lester Shepard,2024-01-20,lestershepard@yahoomail.com,Female,India,Meghalaya,Shillong,369958,Single
1422,Cameron Cooley,2023-06-19,cameroncooley@yahoomail.com,Transgender,United States,California,Sacramento,988588,Common Law
1423,Gil Le,2023-10-01,gille4319@yahoomail.com,Male,India,Uttarakhand,Dehradun,273354,Common Law
1424,Brynn Coffey,2023-04-05,brynncoffey@yahoomail.com,Male,India,Punjab,Abohar,836606,Divorced
1425,Dean Sanchez,2024-03-25,deansanchez3352@yahoomail.com,Female,United States,California,San Jose,652953,Single
1426,Deacon Huff,2023-05-13,deaconhuff@gmail.com,Male,India,Odisha,Bhubaneswar,429089,Common Law
1427,Jared Hayden,2024-05-23,jaredhayden7873@ymail.com,Female,India,Lakshadweep,Kavaratti,336330,Single
1428,Keelie Kane,2025-02-14,keeliekane4158@gmail.com,Transgender,India,Uttarakhand,Dehradun,445242,Divorced
1429,Oleg Moss,2023-12-09,olegmoss9045@ymail.com,Male,India,Mizoram,Aizwal,450444,Common Law
1430,Whilemina Neal,2023-05-10,whileminaneal5611@gmail.com,Female,India,Andaman and Nicobar Islands,Port Blair,345276,Single
1431,Boris Lamb,2023-12-31,borislamb3910@yahoomail.com,Female,United States,Delaware,Pike Creek,571774,Single
1432,Nero Small,2025-01-13,nerosmall@gmail.com,Transgender,India,Daman and Diu,Daman,503101,Common Law
1433,Isaiah Terrell,2024-11-16,isaiahterrell3255@yahoomail.com,Male,United States,Florida,Miami,616698,Divorced
1434,Wayne Mercado,2024-07-15,waynemercado2122@ymail.com,Female,India,Andhra Pradesh,Warangal,126647,Single
1435,Jacob Branch,2023-12-26,jacobbranch6696@gmail.com,Male,India,Jharkhand,Purulia,444935,Married
1436,Amir Sanchez,2024-11-10,amirsanchez@ymail.com,Male,United States,Missouri,Columbia,729629,Common Law
1437,Rhea Shaw,2024-01-22,rheashaw6074@yahoomail.com,Male,United States,Maine,Lewiston,474864,Common Law
1438,Todd Mcgowan,2024-02-10,toddmcgowan1729@gmail.com,Female,United States,Wisconsin,Madison,401264,Married
1439,Briar Salinas,2024-03-31,briarsalinas@yahoomail.com,Male,United States,Vermont,Colchester,460241,Common Law
1440,Noelani Alston,2023-04-22,noelanialston3108@ymail.com,Female,United States,Kentucky,Frankfort,607602,Common Law
1441,Kieran Dickson,2023-04-21,kierandickson@ymail.com,Female,United States,Utah,Salt Lake City,696649,Common Law
1442,Mohammad Mitchell,2024-06-15,mohammadmitchell@yahoomail.com,Female,United States,Missouri,Springfield,634266,Single
1443,Daria Simpson,2023-04-10,dariasimpson3787@yahoomail.com,Transgender,United States,Delaware,Dover,931912,Divorced
1444,Danielle Ramos,2023-07-06,danielleramos8812@gmail.com,Transgender,United States,Minnesota,Saint Paul,608826,Common Law
1445,Macon Reese,2024-04-27,maconreese7267@yahoomail.com,Transgender,United States,Maryland,Annapolis,377303,Married
1446,Alika Gallagher,2023-05-29,alikagallagher@yahoomail.com,Transgender,United States,Tennessee,Knoxville,532004,Divorced
1447,Aidan Hubbard,2024-07-18,aidanhubbard@gmail.com,Male,United States,Nevada,Reno,955799,Common Law
1448,Hashim Merrill,2025-01-18,hashimmerrill@gmail.com,Transgender,United States,Maine,Augusta,969870,Common Law
1449,Ronan Reid,2024-03-22,ronanreid9521@yahoomail.com,Male,United States,Kentucky,Frankfort,413370,Married
1450,Isabelle Wolfe,2024-07-25,isabellewolfe@yahoomail.com,Transgender,India,Chandigarh,Chandigarh,120106,Common Law
1451,Magee Clark,2025-03-02,mageeclark1208@ymail.com,Male,United States,California,San Francisco,316245,Married
1452,Odessa Macdonald,2023-06-30,odessamacdonald@yahoomail.com,Transgender,India,Madhya Pradesh,Damoh,967043,Married
1453,Amber Tyson,2024-01-01,ambertyson@gmail.com,Transgender,India,Chhattisgarh,Raipur,954016,Divorced
1454,Lacey Macias,2024-12-18,laceymacias5873@gmail.com,Male,India,Mizoram,Aizwal,348313,Single
1455,Margaret Wise,2024-05-08,margaretwise@yahoomail.com,Female,United States,Hawaii,Kapolei,766393,Common Law
1456,Gregory Bowers,2025-02-22,gregorybowers1846@yahoomail.com,Female,United States,Montana,Missoula,966934,Common Law
1457,Raja Petersen,2023-05-10,rajapetersen7235@yahoomail.com,Female,India,Pondicherry,Pondicherry,652504,Single
1458,Zorita Davenport,2024-06-19,zoritadavenport9365@ymail.com,Male,United States,Massachusetts,Boston,706549,Married
1459,Mariko Jefferson,2024-09-27,marikojefferson8807@ymail.com,Male,India,Tamil Nadu,Chennai,506091,Married
1460,Griffin Whitaker,2023-04-01,griffinwhitaker4170@gmail.com,Female,India,Madhya Pradesh,Shivapuri,874777,Married
1461,Neville Gill,2024-02-13,nevillegill6378@gmail.com,Male,United States,Oklahoma,Oklahoma City,826834,Common Law
1462,Ashton Guthrie,2024-09-15,ashtonguthrie@ymail.com,Male,India,Andhra Pradesh,Khammam,203778,Single
1463,Teagan Whitfield,2023-07-15,teaganwhitfield3279@gmail.com,Male,United States,Mississippi,Biloxi,156280,Divorced
1464,Maggy Jennings,2024-05-18,maggyjennings1464@yahoomail.com,Transgender,India,Andaman and Nicobar Islands,Port Blair,490183,Single
1465,Wang Lancaster,2023-11-08,wanglancaster@ymail.com,Female,United States,Oregon,Portland,584600,Divorced
1466,Macon Walls,2023-08-30,maconwalls9317@yahoomail.com,Male,India,Arunachal Pradesh,Itanagar,414253,Married
1467,Yen Bass,2024-11-28,yenbass@gmail.com,Female,India,Meghalaya,Shillong,784388,Single
1468,Angelica Hess,2023-11-15,angelicahess@gmail.com,Transgender,United States,Arkansas,Jonesboro,315298,Divorced
1469,Addison Griffin,2024-03-25,addisongriffin7393@yahoomail.com,Transgender,United States,Vermont,Rutland,625059,Divorced
1470,Bruno Ochoa,2024-12-31,brunoochoa@gmail.com,Female,India,Nagaland,Kohima,657567,Single
1471,Harrison Schmidt,2024-06-01,harrisonschmidt@ymail.com,Male,India,Meghalaya,Shillong,390055,Common Law
1472,Randall Cannon,2024-05-28,randallcannon@gmail.com,Male,United States,Iowa,Davenport,943928,Common Law
1473,Mechelle Walsh,2023-06-09,mechellewalsh@yahoomail.com,Male,India,Delhi,Delhi,241205,Single
1474,Hanae Ferguson,2024-03-05,hanaeferguson890@ymail.com,Transgender,United States,Florida,Jacksonville,750207,Single
1475,Ali Cameron,2025-03-08,alicameron920@gmail.com,Female,United States,Ohio,Akron,245038,Single
1476,Charde Cleveland,2023-10-08,chardecleveland5349@yahoomail.com,Male,United States,Nevada,Carson City,200141,Common Law
1477,Nerea Reese,2024-07-01,nereareese6706@ymail.com,Male,United States,Wisconsin,Milwaukee,159028,Single
1478,Hannah Steele,2024-06-21,hannahsteele@gmail.com,Female,India,Lakshadweep,Kavaratti,669736,Divorced
1479,Justine Thornton,2023-04-01,justinethornton6003@ymail.com,Male,India,Haryana,Yamuna Nagar,609966,Common Law
1480,Andrew Steele,2024-08-23,andrewsteele8582@ymail.com,Transgender,India,Jharkhand,Jamshedpur,544919,Married
1481,Jena Glass,2023-12-14,jenaglass8573@gmail.com,Female,United States,Kentucky,Lexington,504742,Single
1482,Jordan Nolan,2024-07-25,jordannolan1210@yahoomail.com,Transgender,India,Andhra Pradesh,Hyderabad,724636,Married
1483,Ocean Santiago,2024-10-20,oceansantiago@gmail.com,Male,United States,Vermont,Burlington,415640,Divorced
1484,Mona Wolf,2025-01-28,monawolf@ymail.com,Female,United States,Kansas,Kansas City,869295,Single
1485,Minerva Bond,2023-10-09,minervabond@ymail.com,Male,United States,Connecticut,New Haven,159137,Divorced
1486,Adrian Lawrence,2025-02-05,adrianlawrence3250@yahoomail.com,Transgender,United States,Illinois,Joliet,897069,Single
1487,Ursa Bird,2024-11-23,ursabird4263@yahoomail.com,Female,India,Tamil Nadu,Tuticorin,688779,Common Law
1488,Wayne Barrett,2023-06-12,waynebarrett5035@yahoomail.com,Male,United States,Nevada,Henderson,729411,Common Law
1489,Wyoming Koch,2024-04-10,wyomingkoch6652@ymail.com,Female,India,Bihar,Arrah,404539,Common Law
1490,Indira Guzman,2023-06-11,indiraguzman6724@yahoomail.com,Male,India,Tamil Nadu,Kanchipuram,955160,Divorced
1491,Claudia Cooper,2023-11-09,claudiacooper9787@ymail.com,Transgender,India,Karnataka,Davangere,542448,Married
1492,Mannix Coffey,2024-12-07,mannixcoffey@ymail.com,Male,India,Chhattisgarh,Durg,130468,Married
1493,Samuel Hancock,2024-07-09,samuelhancock@ymail.com,Male,United States,Maine,Bangor,441452,Married
1494,Willow Garner,2023-05-15,willowgarner496@yahoomail.com,Male,United States,Wisconsin,Racine,687975,Married
1495,Galvin Mccall,2023-04-26,galvinmccall@ymail.com,Transgender,United States,Nebraska,Kearney,303861,Single
1496,Eric Wolf,2024-12-25,ericwolf4572@ymail.com,Transgender,India,Maharastra,Ahmadnagar,121548,Common Law
1497,Willow Clark,2023-08-23,willowclark3055@gmail.com,Transgender,India,West Bengal,Serampore,320436,Common Law
1498,Zahir Herman,2024-06-20,zahirherman@ymail.com,Male,United States,Louisiana,New Orleans,160084,Common Law
1499,Zena Hammond,2025-03-27,zenahammond@gmail.com,Transgender,United States,Wyoming,Gillette,385460,Common Law
1500,Cadman Mcknight,2023-09-13,cadmanmcknight8310@gmail.com,Male,India,Arunachal Pradesh,Itanagar,554233,Married
