id,name,dob,email,gender,country,region,city,asset,marital_status,education
3501,Aphrodite Olson,2025-01-05,aphroditeolson9042@yahoomail.com,Transgender,India,Delhi,Delhi,313934,Divorced,Bachelor's Degree
3502,Melyssa Burke,2023-06-28,melyssaburke2518@ymail.com,Female,India,Tamil Nadu,Chennai,108817,Divorced,Bachelor's Degree
3503,Gil Reid,2024-10-26,gilreid@ymail.com,Transgender,United States,Maine,Bangor,183914,Married,Bachelor's Degree
3504,Alika Trujillo,2024-01-31,alikatrujillo6729@ymail.com,Male,India,Meghalaya,Shillong,271579,Married,Postgraduate Degree
3505,Deborah William,2023-04-17,deborahwilliam@yahoomail.com,Transgender,India,Bihar,Munger,629526,Single,Postgraduate Degree
3506,Wesley Sherman,2024-09-06,wesleysherman7277@ymail.com,Transgender,United States,Maine,South Portland,622745,Divorced,Bachelor's Degree
3507,Phelan Stuart,2024-05-04,phelanstuart1018@yahoomail.com,Female,United States,California,San Francisco,438557,Single,Master's Degree
3508,Silas Sosa,2025-03-13,silassosa@gmail.com,Female,United States,Maryland,Rockville,635629,Divorced,Postgraduate Degree
3509,Laith Cortez,2025-01-23,laithcortez@gmail.com,Transgender,India,Tripura,Agartala,845711,Common Law,Master's Degree
3510,Carson Bass,2023-09-19,carsonbass@ymail.com,Male,India,Andaman and Nicobar Islands,Port Blair,248203,Single,Bachelor's Degree
3511,Rogan Malone,2024-01-03,roganmalone@yahoomail.com,Transgender,United States,Texas,Fort Worth,170892,Single,Bachelor's Degree
3512,Zahir Parsons,2023-04-24,zahirparsons2937@ymail.com,Male,United States,Mississippi,Jackson,924809,Divorced,Bachelor's Degree
3513,Boris Mclaughlin,2024-10-31,borismclaughlin@gmail.com,Female,United States,Maryland,Gaithersburg,452946,Married,Master's Degree
3514,Bruce Wilkerson,2024-12-08,brucewilkerson@yahoomail.com,Transgender,India,Karnataka,Mandya,871258,Divorced,Bachelor's Degree
3515,Ian Blake,2023-06-21,ianblake6129@ymail.com,Female,United States,Missouri,Kansas City,466850,Common Law,Postgraduate Degree
3516,Mohammad Casey,2023-07-08,mohammadcasey1813@yahoomail.com,Female,India,Andaman and Nicobar Islands,Port Blair,507038,Divorced,Master's Degree
3517,Marvin Baird,2024-12-26,marvinbaird1786@ymail.com,Male,India,Jammu and Kashmir,Jammu,108133,Common Law,Bachelor's Degree
3518,Jena Nunez,2023-04-11,jenanunez7403@ymail.com,Male,United States,California,San Diego,266683,Common Law,Postgraduate Degree
3519,Hanae Davenport,2025-01-24,hanaedavenport9405@ymail.com,Transgender,United States,Mississippi,Biloxi,372084,Single,Master's Degree
3520,Mohammad Hahn,2023-07-28,mohammadhahn@yahoomail.com,Female,India,Mizoram,Aizwal,816998,Married,Postgraduate Degree
3521,Maris Dyer,2023-10-12,marisdyer@yahoomail.com,Transgender,United States,Missouri,Saint Louis,940377,Common Law,Bachelor's Degree
3522,Irene Clark,2024-04-10,ireneclark5076@gmail.com,Female,United States,Louisiana,Shreveport,602993,Common Law,Postgraduate Degree
3523,Shay Guthrie,2024-10-19,shayguthrie6515@gmail.com,Transgender,United States,Colorado,Fort Collins,301622,Divorced,Master's Degree
3524,Fitzgerald Jefferson,2024-12-28,fitzgeraldjefferson@yahoomail.com,Male,India,Tamil Nadu,Palayankottai,935535,Single,Bachelor's Degree
3525,Emerson Holder,2024-09-26,emersonholder1876@ymail.com,Female,United States,Minnesota,Saint Paul,809249,Divorced,Bachelor's Degree
3526,Sean Contreras,2025-01-06,seancontreras@gmail.com,Female,United States,Louisiana,Baton Rouge,981491,Married,Postgraduate Degree
3527,Buckminster Strong,2023-08-09,buckminsterstrong@gmail.com,Female,United States,Wyoming,Cheyenne,436307,Married,Bachelor's Degree
3528,Sophia Leach,2023-07-30,sophialeach@gmail.com,Male,India,Manipur,Imphal,132930,Divorced,Bachelor's Degree
3529,Kaitlin Wiley,2025-02-16,kaitlinwiley282@yahoomail.com,Transgender,United States,Mississippi,Southaven,674310,Single,Bachelor's Degree
3530,Belle Duncan,2024-10-16,belleduncan@gmail.com,Transgender,India,Manipur,Imphal,235213,Common Law,Bachelor's Degree
3531,Tallulah Jacobson,2023-12-07,tallulahjacobson7215@gmail.com,Male,India,Andhra Pradesh,Lalbahadur Nagar,922887,Married,Postgraduate Degree
3532,Victor Gomez,2023-05-01,victorgomez@ymail.com,Female,India,Chhattisgarh,Bhilai,353967,Married,Bachelor's Degree
3533,Coby Landry,2025-02-10,cobylandry@ymail.com,Male,India,Odisha,Bhubaneswar,683368,Married,Postgraduate Degree
3534,Rigel Hoover,2024-09-04,rigelhoover3135@gmail.com,Transgender,India,Jammu and Kashmir,Jammu,442392,Single,Master's Degree
3535,Lysandra Potter,2023-08-20,lysandrapotter6656@gmail.com,Transgender,India,Rajasthan,Ajmer,198362,Married,Postgraduate Degree
3536,Todd Mcfarland,2024-05-06,toddmcfarland9071@gmail.com,Male,United States,Massachusetts,Boston,456254,Single,Postgraduate Degree
3537,Chaney Hampton,2023-11-26,chaneyhampton9307@gmail.com,Female,United States,Washington,Seattle,428082,Divorced,Postgraduate Degree
3538,Walker Oliver,2023-10-15,walkeroliver7100@ymail.com,Female,United States,Arkansas,Fort Smith,978166,Divorced,Master's Degree
3539,Steel Barker,2024-01-19,steelbarker@gmail.com,Male,United States,Arizona,Glendale,162119,Divorced,Postgraduate Degree
3540,Lance Dyer,2023-10-30,lancedyer373@yahoomail.com,Male,United States,Florida,Orlando,702659,Divorced,Master's Degree
3541,Noble Oneal,2023-08-07,nobleoneal@yahoomail.com,Male,United States,Hawaii,Hilo,218086,Divorced,Master's Degree
3542,Rhona Dunn,2023-06-18,rhonadunn@yahoomail.com,Female,India,Lakshadweep,Kavaratti,921572,Common Law,Bachelor's Degree
3543,Hall Savage,2025-03-20,hallsavage9282@ymail.com,Female,United States,Arizona,Phoenix,724594,Single,Postgraduate Degree
3544,Kenneth Alexander,2025-02-14,kennethalexander7317@yahoomail.com,Male,India,Kerala,Kozhikode,660195,Single,Master's Degree
3545,Moses Justice,2023-07-03,mosesjustice@ymail.com,Male,India,Sikkim,Gangtok,935518,Common Law,Postgraduate Degree
3546,Chadwick Richmond,2024-01-18,chadwickrichmond@ymail.com,Female,United States,Louisiana,Baton Rouge,280696,Single,Bachelor's Degree
3547,Ferris Huffman,2023-12-10,ferrishuffman9085@yahoomail.com,Transgender,India,Madhya Pradesh,Indore,714471,Divorced,Bachelor's Degree
3548,Acton Mccoy,2024-11-20,actonmccoy4996@yahoomail.com,Male,United States,Montana,Bozeman,719656,Married,Bachelor's Degree
3549,Hedley Gentry,2023-10-14,hedleygentry3759@gmail.com,Transgender,India,Madhya Pradesh,Indore,969740,Common Law,Postgraduate Degree
3550,Idola Talley,2025-01-05,idolatalley@ymail.com,Male,India,Uttar Pradesh,Gonda,120474,Common Law,Bachelor's Degree
3551,Desiree Shaw,2023-07-04,desireeshaw8293@yahoomail.com,Transgender,India,Bihar,Muzaffarpur,342468,Common Law,Master's Degree
3552,Sage Paul,2023-08-24,sagepaul@yahoomail.com,Transgender,United States,Kentucky,Bowling Green,306097,Married,Master's Degree
3553,Ocean Curtis,2024-10-13,oceancurtis@yahoomail.com,Male,United States,Montana,Helena,723983,Common Law,Master's Degree
3554,Meghan Joyce,2023-09-05,meghanjoyce7068@gmail.com,Female,India,Assam,Guwahati,400998,Single,Postgraduate Degree
3555,Hayden Ewing,2023-11-09,haydenewing@yahoomail.com,Male,United States,Iowa,Des Moines,978509,Common Law,Master's Degree
3556,Raphael Thomas,2024-08-18,raphaelthomas431@yahoomail.com,Female,India,Meghalaya,Shillong,484279,Common Law,Bachelor's Degree
3557,Lillith Rosario,2024-08-05,lillithrosario@ymail.com,Transgender,United States,Texas,Austin,873500,Single,Master's Degree
3558,Dante Callahan,2023-11-26,dantecallahan5017@ymail.com,Female,United States,California,San Jose,458801,Divorced,Master's Degree
3559,Regina Hamilton,2024-05-23,reginahamilton@gmail.com,Male,United States,Wyoming,Laramie,786158,Single,Master's Degree
3560,Britanni Larsen,2024-12-28,britannilarsen8664@gmail.com,Transgender,United States,Oklahoma,Lawton,188755,Single,Bachelor's Degree
3561,Quyn Payne,2024-08-19,quynpayne@ymail.com,Male,United States,Montana,Missoula,936179,Married,Bachelor's Degree
3562,Russell Kirk,2024-11-21,russellkirk@gmail.com,Male,United States,Arkansas,Jonesboro,503644,Divorced,Bachelor's Degree
3563,Christopher Santos,2023-04-08,christophersantos33@gmail.com,Female,United States,Alabama,Montgomery,937965,Single,Master's Degree
3564,Cheryl Cannon,2024-10-23,cherylcannon@gmail.com,Female,United States,Utah,Sandy,649733,Common Law,Postgraduate Degree
3565,Arthur Hunt,2023-09-20,arthurhunt@yahoomail.com,Female,India,Lakshadweep,Kavaratti,943794,Married,Postgraduate Degree
3566,Sacha Combs,2023-05-02,sachacombs@ymail.com,Transgender,India,Jammu and Kashmir,Jammu,272182,Common Law,Postgraduate Degree
3567,Veronica Castro,2024-12-30,veronicacastro3687@gmail.com,Female,India,Gujarat,Surat,193417,Divorced,Master's Degree
3568,Alden Schroeder,2024-12-12,aldenschroeder@gmail.com,Female,United States,Michigan,Detroit,718327,Common Law,Postgraduate Degree
3569,Ulysses Christian,2024-02-26,ulysseschristian3669@yahoomail.com,Female,India,Maharastra,Kalyan,803789,Divorced,Postgraduate Degree
3570,Ayanna Fowler,2025-02-08,ayannafowler1452@yahoomail.com,Female,India,Delhi,Delhi,845278,Single,Bachelor's Degree
3571,Stone Arnold,2024-05-11,stonearnold@ymail.com,Male,United States,Montana,Bozeman,275042,Single,Master's Degree
3572,Colleen Dillard,2023-05-15,colleendillard872@yahoomail.com,Transgender,United States,Hawaii,Kailua,153590,Married,Master's Degree
3573,Garrett Sanchez,2023-04-26,garrettsanchez9316@gmail.com,Female,United States,Hawaii,Kaneohe,631888,Divorced,Postgraduate Degree
3574,Carolyn Conrad,2024-03-30,carolynconrad@ymail.com,Female,United States,Tennessee,Memphis,738480,Married,Bachelor's Degree
3575,Rashad Strickland,2023-09-03,rashadstrickland3309@ymail.com,Male,India,Uttar Pradesh,Agra,805460,Divorced,Bachelor's Degree
3576,Jayme Curtis,2024-04-26,jaymecurtis@yahoomail.com,Male,India,Kerala,Palakkad,498063,Common Law,Bachelor's Degree
3577,Madaline Hopkins,2023-12-22,madalinehopkins@gmail.com,Male,United States,Arkansas,Fort Smith,741221,Common Law,Master's Degree
3578,Mercedes Chavez,2024-01-06,mercedeschavez2838@yahoomail.com,Transgender,India,Meghalaya,Shillong,628563,Married,Bachelor's Degree
3579,Jillian Kennedy,2023-09-23,jilliankennedy2738@ymail.com,Female,India,Delhi,Delhi,548665,Single,Postgraduate Degree
3580,Jared Foley,2024-06-20,jaredfoley@gmail.com,Transgender,India,Kerala,Cochin,602863,Married,Master's Degree
3581,Josephine Holloway,2024-06-09,josephineholloway9420@gmail.com,Female,United States,Mississippi,Southaven,795506,Single,Master's Degree
3582,Madeson Chaney,2023-10-20,madesonchaney7705@ymail.com,Female,India,Odisha,Raurkela,512785,Single,Bachelor's Degree
3583,Elizabeth Durham,2024-02-17,elizabethdurham738@ymail.com,Female,United States,Idaho,Meridian,128076,Divorced,Postgraduate Degree
3584,Dolan Estrada,2024-05-04,dolanestrada2751@yahoomail.com,Transgender,United States,Delaware,Newark,161185,Divorced,Postgraduate Degree
3585,Adam Mcgowan,2025-03-12,adammcgowan@ymail.com,Transgender,India,West Bengal,Durgapur,600278,Common Law,Master's Degree
3586,Teagan Valencia,2024-02-11,teaganvalencia7707@ymail.com,Male,India,Haryana,Gurgaon,499733,Divorced,Postgraduate Degree
3587,Nerea Hodge,2023-09-06,nereahodge519@gmail.com,Male,India,Himachal Pradesh,Shimla,618024,Single,Postgraduate Degree
3588,Bert Steele,2025-02-06,bertsteele@gmail.com,Female,India,Chandigarh,Chandigarh,762942,Divorced,Postgraduate Degree
3589,Jacqueline Little,2023-09-01,jacquelinelittle9616@ymail.com,Transgender,United States,Florida,Orlando,399837,Common Law,Bachelor's Degree
3590,Vanna Keller,2023-09-06,vannakeller8928@ymail.com,Female,India,Tripura,Agartala,204254,Single,Bachelor's Degree
3591,Florence Koch,2023-12-05,florencekoch8847@yahoomail.com,Female,India,Goa,Panjim,655620,Married,Postgraduate Degree
3592,Dalton Foster,2024-10-02,daltonfoster1255@ymail.com,Transgender,India,Arunachal Pradesh,Itanagar,400531,Common Law,Postgraduate Degree
3593,Leila Jackson,2024-04-17,leilajackson7733@gmail.com,Female,United States,Nevada,Carson City,230640,Married,Master's Degree
3594,Nasim Jones,2024-10-16,nasimjones@yahoomail.com,Transgender,United States,Connecticut,New Haven,246659,Divorced,Postgraduate Degree
3595,Susan Anthony,2024-06-10,susananthony@ymail.com,Transgender,India,Himachal Pradesh,Shimla,894231,Divorced,Postgraduate Degree
3596,Hamilton Moreno,2024-12-09,hamiltonmoreno@ymail.com,Transgender,India,Punjab,Ahmadpur East,528692,Divorced,Master's Degree
3597,Perry Knight,2023-06-02,perryknight@ymail.com,Transgender,United States,Kentucky,Covington,171805,Single,Master's Degree
3598,Damon Meyers,2024-07-05,damonmeyers5241@ymail.com,Female,United States,Kentucky,Bowling Green,589865,Divorced,Master's Degree
3599,Tobias Marquez,2024-11-20,tobiasmarquez@yahoomail.com,Female,India,Chhattisgarh,Bhilai,798876,Married,Postgraduate Degree
3600,Lunea Barker,2024-07-04,luneabarker@gmail.com,Transgender,United States,Indiana,Fort Wayne,250711,Common Law,Master's Degree
3601,Valentine Foreman,2024-11-21,valentineforeman9391@gmail.com,Male,United States,Wyoming,Gillette,800429,Common Law,Master's Degree
3602,Vanna Gamble,2023-08-08,vannagamble@yahoomail.com,Male,India,Uttarakhand,Dehradun,487717,Single,Postgraduate Degree
3603,Clementine Jacobs,2025-01-30,clementinejacobs1685@gmail.com,Male,India,Karnataka,Raichur,991695,Single,Master's Degree
3604,Jamal Gibbs,2023-10-07,jamalgibbs3189@ymail.com,Female,India,Gujarat,Vadodara,443357,Divorced,Postgraduate Degree
3605,Kamal Dalton,2024-12-10,kamaldalton@gmail.com,Female,United States,Georgia,Athens,402841,Common Law,Bachelor's Degree
3606,Judah Mcpherson,2023-09-05,judahmcpherson8861@gmail.com,Transgender,India,Delhi,Delhi,429147,Divorced,Postgraduate Degree
3607,TaShya Finch,2024-05-27,tashyafinch@gmail.com,Transgender,India,West Bengal,Bansberia,686474,Common Law,Master's Degree
3608,Ian Blankenship,2024-11-29,ianblankenship@gmail.com,Female,United States,Alaska,Anchorage,175762,Common Law,Master's Degree
3609,Rafael Mcbride,2024-01-04,rafaelmcbride@ymail.com,Male,United States,Colorado,Fort Collins,702394,Common Law,Bachelor's Degree
3610,Sharon Mcdaniel,2023-04-16,sharonmcdaniel8509@yahoomail.com,Transgender,India,Sikkim,Gangtok,802646,Single,Master's Degree
3611,Carter Alston,2023-07-20,carteralston@ymail.com,Female,India,Karnataka,Timkur,303964,Single,Postgraduate Degree
3612,Angelica Lang,2023-09-04,angelicalang9998@gmail.com,Female,United States,Maine,Bangor,605913,Single,Bachelor's Degree
3613,Thane Wong,2023-08-22,thanewong1913@ymail.com,Male,United States,Montana,Bozeman,849317,Single,Bachelor's Degree
3614,Jennifer Christensen,2023-09-19,jenniferchristensen4179@yahoomail.com,Male,India,Meghalaya,Shillong,397771,Divorced,Bachelor's Degree
3615,Yardley Wilkinson,2024-01-20,yardleywilkinson625@ymail.com,Male,India,Tripura,Agartala,659780,Common Law,Bachelor's Degree
3616,Mollie Beck,2023-12-03,molliebeck@ymail.com,Male,United States,Maine,Augusta,802819,Common Law,Bachelor's Degree
3617,Pearl Benton,2025-01-07,pearlbenton@yahoomail.com,Male,United States,Iowa,Des Moines,661083,Divorced,Postgraduate Degree
3618,Neville Fry,2024-01-04,nevillefry9127@gmail.com,Transgender,United States,Nebraska,Grand Island,504962,Married,Master's Degree
3619,Stewart Carlson,2025-02-26,stewartcarlson3620@gmail.com,Female,India,Punjab,Khanpur,780474,Common Law,Postgraduate Degree
3620,Lucian Flowers,2024-05-23,lucianflowers@ymail.com,Female,United States,Colorado,Denver,495643,Single,Bachelor's Degree
3621,Hadassah Baxter,2024-01-21,hadassahbaxter2850@yahoomail.com,Transgender,United States,Hawaii,Hilo,258714,Divorced,Postgraduate Degree
3622,Evan Mathews,2023-06-17,evanmathews4171@gmail.com,Transgender,India,Odisha,Bhubaneswar,161944,Divorced,Bachelor's Degree
3623,Ethan Holden,2023-04-28,ethanholden@ymail.com,Male,United States,Hawaii,Kaneohe,865786,Common Law,Master's Degree
3624,Conan Craft,2024-11-23,conancraft4710@gmail.com,Female,United States,Hawaii,Honolulu,472033,Single,Postgraduate Degree
3625,Keith Knapp,2023-07-17,keithknapp@gmail.com,Transgender,India,Gujarat,Patan,568916,Married,Postgraduate Degree
3626,Matthew Richmond,2024-08-10,matthewrichmond8216@yahoomail.com,Transgender,India,Goa,Panjim,157959,Common Law,Bachelor's Degree
3627,Tamara Lambert,2024-09-24,tamaralambert@ymail.com,Male,United States,Vermont,Burlington,501520,Common Law,Bachelor's Degree
3628,Maggie Franklin,2024-03-27,maggiefranklin7577@yahoomail.com,Male,India,Uttarakhand,Dehradun,852922,Common Law,Bachelor's Degree
3629,Faith Dodson,2023-04-08,faithdodson527@ymail.com,Transgender,United States,Colorado,Colorado Springs,452216,Common Law,Postgraduate Degree
3630,Kirk Kirkland,2023-11-26,kirkkirkland5839@gmail.com,Transgender,India,Goa,Panjim,104689,Common Law,Postgraduate Degree
3631,Erasmus Donovan,2024-12-05,erasmusdonovan@yahoomail.com,Male,United States,Kansas,Overland Park,591442,Married,Postgraduate Degree
3632,Clementine Ayala,2023-05-11,clementineayala@yahoomail.com,Transgender,United States,Indiana,Gary,345085,Common Law,Bachelor's Degree
3633,Karleigh Cortez,2025-02-05,karleighcortez@ymail.com,Transgender,India,Andhra Pradesh,Tenali,161880,Married,Postgraduate Degree
3634,Ashton Barrett,2024-06-15,ashtonbarrett1435@gmail.com,Male,India,Daman and Diu,Daman,552874,Divorced,Bachelor's Degree
3635,Phyllis Andrews,2023-08-19,phyllisandrews2507@gmail.com,Transgender,United States,Kentucky,Covington,806809,Married,Bachelor's Degree
3636,Lionel Flores,2024-02-08,lionelflores@ymail.com,Male,India,Lakshadweep,Kavaratti,467358,Married,Master's Degree
3637,Giacomo Bentley,2023-05-03,giacomobentley2054@gmail.com,Transgender,United States,Mississippi,Gulfport,127474,Married,Postgraduate Degree
3638,Matthew Sykes,2024-12-17,matthewsykes6076@yahoomail.com,Male,India,Lakshadweep,Kavaratti,936597,Divorced,Master's Degree
3639,Mercedes Torres,2024-03-17,mercedestorres@yahoomail.com,Female,India,Arunachal Pradesh,Itanagar,790195,Single,Master's Degree
3640,Malik Coleman,2024-03-21,malikcoleman@gmail.com,Female,United States,Florida,Miami,549377,Divorced,Bachelor's Degree
3641,Kenyon Crawford,2023-07-05,kenyoncrawford@yahoomail.com,Female,United States,Virginia,Newport News,235005,Divorced,Postgraduate Degree
3642,Dominic Owen,2025-03-06,dominicowen9636@ymail.com,Female,United States,California,Los Angeles,641234,Divorced,Master's Degree
3643,Leonard Watson,2024-10-31,leonardwatson9688@gmail.com,Male,India,Assam,Guwahati,539452,Common Law,Bachelor's Degree
3644,Calvin Bradshaw,2024-03-15,calvinbradshaw6902@ymail.com,Male,United States,Florida,Tallahassee,871984,Single,Postgraduate Degree
3645,Wyatt Morgan,2023-10-27,wyattmorgan6465@yahoomail.com,Male,United States,Alabama,Tuscaloosa,199423,Married,Master's Degree
3646,Arsenio Velazquez,2024-07-30,arseniovelazquez4616@yahoomail.com,Transgender,India,Mizoram,Aizwal,448109,Single,Master's Degree
3647,Belle Sanford,2023-12-16,bellesanford1924@ymail.com,Transgender,United States,Vermont,Montpelier,353408,Single,Master's Degree
3648,Phelan Byers,2024-05-24,phelanbyers@gmail.com,Transgender,United States,Alaska,Juneau,272562,Married,Bachelor's Degree
3649,Jillian Ferguson,2025-02-09,jillianferguson6286@ymail.com,Female,United States,Delaware,Newark,937900,Married,Master's Degree
3650,Hunter Marquez,2023-11-06,huntermarquez@yahoomail.com,Female,India,Goa,Panjim,367857,Married,Postgraduate Degree
3651,Xandra Wyatt,2023-08-23,xandrawyatt8639@ymail.com,Male,India,Lakshadweep,Kavaratti,595772,Married,Bachelor's Degree
3652,Kasper Witt,2023-10-01,kasperwitt@gmail.com,Male,India,Andaman and Nicobar Islands,Port Blair,316859,Married,Master's Degree
3653,Jamal Summers,2024-06-29,jamalsummers@ymail.com,Male,United States,Florida,St. Petersburg,672363,Single,Bachelor's Degree
3654,Hadassah Callahan,2024-04-02,hadassahcallahan8903@ymail.com,Transgender,United States,Kansas,Overland Park,957579,Common Law,Postgraduate Degree
3655,Halee Molina,2023-09-30,haleemolina@gmail.com,Male,United States,Virginia,Chesapeake,654586,Married,Bachelor's Degree
3656,Todd Noel,2024-09-20,toddnoel@gmail.com,Transgender,United States,Maine,Portland,113010,Married,Bachelor's Degree
3657,Adena Bryant,2024-02-04,adenabryant2661@yahoomail.com,Female,India,Tripura,Agartala,731866,Divorced,Postgraduate Degree
3658,Mohammad Holcomb,2024-08-28,mohammadholcomb3475@yahoomail.com,Female,India,Dadra and Nagar Haveli,Silvassa,489379,Single,Postgraduate Degree
3659,Haley Perez,2023-12-18,haleyperez@gmail.com,Female,United States,Minnesota,Saint Paul,236014,Common Law,Bachelor's Degree
3660,Leroy Bennett,2024-07-29,leroybennett@yahoomail.com,Male,India,Arunachal Pradesh,Itanagar,955926,Divorced,Bachelor's Degree
3661,Zia Wolfe,2023-07-07,ziawolfe2683@yahoomail.com,Female,United States,Texas,San Antonio,392463,Single,Bachelor's Degree
3662,Dustin Duke,2024-07-01,dustinduke1838@gmail.com,Female,United States,Missouri,Independence,631236,Married,Postgraduate Degree
3663,Nadine Hawkins,2024-04-26,nadinehawkins4704@gmail.com,Transgender,India,Rajasthan,Bikaner,964866,Divorced,Postgraduate Degree
3664,Christopher Ruiz,2025-01-21,christopherruiz@yahoomail.com,Male,United States,Hawaii,Honolulu,499176,Divorced,Master's Degree
3665,Abraham Juarez,2024-06-02,abrahamjuarez@gmail.com,Male,United States,Maine,Auburn,158543,Common Law,Bachelor's Degree
3666,Patrick Deleon,2024-09-01,patrickdeleon9800@gmail.com,Male,United States,Indiana,Indianapolis,204641,Divorced,Bachelor's Degree
3667,May Flores,2025-03-23,mayflores@yahoomail.com,Female,India,Assam,Silchar,953994,Common Law,Master's Degree
3668,Jamal Randolph,2024-05-23,jamalrandolph@ymail.com,Transgender,United States,Massachusetts,Springfield,633236,Married,Master's Degree
3669,Fleur Roth,2024-07-16,fleurroth4111@ymail.com,Female,United States,Nevada,Reno,424207,Common Law,Master's Degree
3670,Mary Lindsey,2025-03-14,marylindsey@ymail.com,Female,India,Goa,Panjim,412678,Divorced,Master's Degree
3671,Jolie Cooper,2024-08-18,joliecooper1994@yahoomail.com,Transgender,United States,Virginia,Chesapeake,710156,Common Law,Postgraduate Degree
3672,Karly Sears,2024-10-24,karlysears@gmail.com,Transgender,India,Haryana,Ambala,433070,Common Law,Postgraduate Degree
3673,Cameran Valencia,2024-04-17,cameranvalencia4096@gmail.com,Male,United States,Wyoming,Wyoming,114130,Common Law,Bachelor's Degree
3674,Adria Hahn,2023-12-05,adriahahn5864@yahoomail.com,Female,India,Maharastra,Nashik,863953,Common Law,Postgraduate Degree
3675,Magee Price,2025-02-12,mageeprice@ymail.com,Transgender,United States,Arizona,Glendale,854754,Single,Bachelor's Degree
3676,Belle Mejia,2023-09-20,bellemejia@yahoomail.com,Female,United States,Iowa,Des Moines,987765,Divorced,Master's Degree
3677,Lois Franklin,2024-04-09,loisfranklin@yahoomail.com,Transgender,United States,Arizona,Tucson,309120,Single,Bachelor's Degree
3678,Akeem Puckett,2024-12-01,akeempuckett8429@yahoomail.com,Female,United States,Illinois,Chicago,450830,Common Law,Master's Degree
3679,Hakeem Oneil,2024-05-04,hakeemoneil7169@yahoomail.com,Female,India,Daman and Diu,Daman,146292,Married,Postgraduate Degree
3680,Hashim Ward,2024-05-17,hashimward@ymail.com,Transgender,United States,Pennsylvania,Pittsburgh,733278,Married,Postgraduate Degree
3681,Coby Glenn,2024-11-02,cobyglenn@yahoomail.com,Female,India,Manipur,Imphal,474010,Single,Master's Degree
3682,Josephine Hammond,2023-10-19,josephinehammond2133@gmail.com,Transgender,India,Chhattisgarh,Raipur,671880,Single,Master's Degree
3683,Norman Conway,2023-05-07,normanconway@yahoomail.com,Male,India,Sikkim,Gangtok,793615,Common Law,Master's Degree
3684,Olivia Cortez,2023-05-13,oliviacortez@yahoomail.com,Female,India,Goa,Panjim,487335,Common Law,Bachelor's Degree
3685,Christopher Wolf,2023-05-09,christopherwolf3031@yahoomail.com,Male,United States,Nevada,Las Vegas,185321,Common Law,Bachelor's Degree
3686,Calvin Copeland,2024-04-18,calvincopeland3350@gmail.com,Female,India,Rajasthan,Ganganagar,778967,Divorced,Bachelor's Degree
3687,Winifred Harmon,2024-11-27,winifredharmon3555@yahoomail.com,Transgender,India,Nagaland,Kohima,253168,Married,Bachelor's Degree
3688,Charlotte Carlson,2023-05-20,charlottecarlson@gmail.com,Transgender,United States,Maryland,Baltimore,846188,Common Law,Master's Degree
3689,Miriam Benson,2024-05-30,miriambenson855@yahoomail.com,Male,United States,California,San Diego,515682,Common Law,Master's Degree
3690,Hollee Gray,2024-05-31,holleegray@yahoomail.com,Female,United States,Louisiana,Lafayette,170745,Divorced,Bachelor's Degree
3691,Karina Cash,2023-05-12,karinacash1401@ymail.com,Male,United States,Michigan,Sterling Heights,542611,Single,Postgraduate Degree
3692,Macey Barnes,2023-09-11,maceybarnes@yahoomail.com,Male,India,Daman and Diu,Daman,455744,Single,Postgraduate Degree
3693,Patience Strong,2024-09-07,patiencestrong6662@yahoomail.com,Female,United States,Illinois,Joliet,446018,Single,Postgraduate Degree
3694,Noel Houston,2024-05-08,noelhouston@ymail.com,Female,India,Andaman and Nicobar Islands,Port Blair,846207,Married,Bachelor's Degree
3695,Chaney Bates,2023-11-19,chaneybates8663@ymail.com,Female,India,Rajasthan,Alwar,275923,Divorced,Postgraduate Degree
3696,Aimee Russo,2024-05-27,aimeerusso6472@gmail.com,Female,United States,Kentucky,Covington,167175,Common Law,Master's Degree
3697,Shoshana Burt,2023-07-28,shoshanaburt3652@gmail.com,Female,India,Lakshadweep,Kavaratti,565148,Common Law,Master's Degree
3698,Micah Wynn,2024-01-31,micahwynn@ymail.com,Transgender,India,Pondicherry,Pondicherry,663820,Common Law,Postgraduate Degree
3699,Yuri Padilla,2023-05-03,yuripadilla9427@ymail.com,Female,India,Maharastra,Thane,517526,Single,Bachelor's Degree
3700,Adara Klein,2025-01-05,adaraklein@yahoomail.com,Male,India,Uttar Pradesh,Orai,945939,Married,Postgraduate Degree
3701,Ray Sellers,2023-06-05,raysellers@gmail.com,Female,India,Uttar Pradesh,Budaun,277027,Common Law,Postgraduate Degree
3702,Kamal Hodge,2025-02-26,kamalhodge@yahoomail.com,Transgender,India,Chandigarh,Chandigarh,869101,Divorced,Postgraduate Degree
3703,Harding Puckett,2024-04-08,hardingpuckett5697@yahoomail.com,Male,India,Arunachal Pradesh,Itanagar,520487,Single,Postgraduate Degree
3704,Clayton Ray,2024-04-01,claytonray@yahoomail.com,Transgender,United States,Maine,Augusta,911157,Single,Master's Degree
3705,Portia Booker,2025-01-02,portiabooker@ymail.com,Female,United States,Oklahoma,Norman,937460,Divorced,Master's Degree
3706,Shad Valencia,2024-03-06,shadvalencia2179@ymail.com,Female,India,Karnataka,Mangalore,887132,Married,Postgraduate Degree
3707,Fulton Hebert,2023-04-19,fultonhebert5727@gmail.com,Female,United States,Kansas,Topeka,111732,Single,Master's Degree
3708,Laura Holt,2023-08-03,lauraholt9236@ymail.com,Male,United States,Tennessee,Chattanooga,361657,Common Law,Bachelor's Degree
3709,Thane Key,2023-10-07,thanekey@gmail.com,Female,India,Mizoram,Aizwal,452323,Single,Master's Degree
3710,Hilary Sanders,2023-07-27,hilarysanders6907@yahoomail.com,Transgender,United States,Louisiana,Lafayette,483926,Common Law,Master's Degree
3711,Salvador Graham,2024-08-08,salvadorgraham683@yahoomail.com,Male,United States,Delaware,Wilmington,888496,Divorced,Postgraduate Degree
3712,Abdul Sharp,2023-05-20,abdulsharp8715@ymail.com,Female,India,Kerala,Thalassery,548742,Single,Bachelor's Degree
3713,Vladimir Spears,2023-10-17,vladimirspears@ymail.com,Female,India,Manipur,Imphal,369475,Single,Bachelor's Degree
3714,Daryl Rivers,2025-03-23,darylrivers5052@yahoomail.com,Male,United States,Indiana,Indianapolis,807459,Single,Postgraduate Degree
3715,Jameson Murphy,2024-04-03,jamesonmurphy@yahoomail.com,Transgender,United States,Indiana,Fort Wayne,787663,Divorced,Postgraduate Degree
3716,Kylan Williamson,2024-09-29,kylanwilliamson6637@ymail.com,Male,United States,Nebraska,Lincoln,125278,Divorced,Master's Degree
3717,Nissim Barnett,2024-02-13,nissimbarnett3939@gmail.com,Transgender,India,Jammu and Kashmir,Srinagar,677311,Single,Master's Degree
3718,Callie Christian,2023-05-10,calliechristian@ymail.com,Transgender,United States,Indiana,South Bend,280523,Common Law,Bachelor's Degree
3719,Jamal Preston,2023-11-28,jamalpreston@yahoomail.com,Transgender,United States,Wisconsin,Green Bay,956190,Common Law,Postgraduate Degree
3720,Logan Wynn,2023-12-31,loganwynn@ymail.com,Transgender,United States,Wyoming,Gillette,599927,Divorced,Bachelor's Degree
3721,Holly Castro,2024-08-12,hollycastro9930@ymail.com,Transgender,United States,Colorado,Denver,153965,Common Law,Bachelor's Degree
3722,Allistair Kramer,2023-12-01,allistairkramer@yahoomail.com,Transgender,United States,Alabama,Mobile,216098,Single,Bachelor's Degree
3723,Phillip Preston,2023-11-07,phillippreston@gmail.com,Female,India,Madhya Pradesh,Morena,693369,Divorced,Bachelor's Degree
3724,Phelan Brock,2023-04-15,phelanbrock@ymail.com,Female,United States,Missouri,Independence,413465,Married,Master's Degree
3725,Lana Sloan,2025-02-11,lanasloan2523@gmail.com,Male,United States,Alaska,College,361057,Divorced,Postgraduate Degree
3726,Amelia Carroll,2023-08-30,ameliacarroll6471@yahoomail.com,Female,United States,Oklahoma,Broken Arrow,402204,Common Law,Bachelor's Degree
3727,Rhoda Neal,2024-03-04,rhodaneal9365@ymail.com,Male,India,Daman and Diu,Daman,467562,Common Law,Postgraduate Degree
3728,Ori Rivers,2024-02-02,oririvers2670@gmail.com,Male,India,Uttarakhand,Haridwar,335744,Married,Bachelor's Degree
3729,Kareem Kim,2024-10-06,kareemkim2848@yahoomail.com,Female,United States,Montana,Bozeman,699389,Divorced,Bachelor's Degree
3730,Whoopi Barlow,2025-01-17,whoopibarlow2057@ymail.com,Transgender,United States,Virginia,Richmond,674386,Married,Postgraduate Degree
3731,Adrian Mclaughlin,2024-03-02,adrianmclaughlin@yahoomail.com,Female,India,Andaman and Nicobar Islands,Port Blair,944665,Married,Postgraduate Degree
3732,Castor Potter,2023-03-28,castorpotter3157@yahoomail.com,Female,India,Daman and Diu,Daman,755113,Married,Postgraduate Degree
3733,Addison Mullen,2024-11-02,addisonmullen9626@yahoomail.com,Male,United States,Kentucky,Bowling Green,849960,Common Law,Bachelor's Degree
3734,Yuri Rosario,2024-01-12,yurirosario1706@ymail.com,Male,India,Himachal Pradesh,Shimla,432385,Single,Bachelor's Degree
3735,Hilel Mcmahon,2025-02-02,hilelmcmahon5992@ymail.com,Transgender,United States,Kansas,Olathe,111042,Married,Master's Degree
3736,Lunea Cox,2024-09-03,luneacox@yahoomail.com,Male,United States,Maine,Auburn,574227,Single,Bachelor's Degree
3737,Burton Morris,2023-10-12,burtonmorris@yahoomail.com,Male,United States,Arkansas,Fayetteville,111170,Divorced,Postgraduate Degree
3738,Martena Kramer,2024-05-28,martenakramer7940@ymail.com,Female,United States,Vermont,Rutland,230781,Single,Master's Degree
3739,Cheryl Bolton,2023-05-24,cherylbolton@yahoomail.com,Female,United States,Wisconsin,Racine,910011,Single,Master's Degree
3740,Caesar Peters,2023-07-12,caesarpeters@ymail.com,Female,India,Assam,Nagaon,597696,Common Law,Master's Degree
3741,Yoshi Herman,2024-01-01,yoshiherman@gmail.com,Male,India,Manipur,Imphal,663980,Single,Bachelor's Degree
3742,Ronan Chen,2023-08-13,ronanchen630@ymail.com,Transgender,United States,Delaware,Bear,703375,Single,Postgraduate Degree
3743,Dorian Hood,2024-12-04,dorianhood7152@yahoomail.com,Male,India,Daman and Diu,Daman,325336,Common Law,Postgraduate Degree
3744,Thaddeus Solomon,2023-10-17,thaddeussolomon@ymail.com,Male,India,Chhattisgarh,Durg,794285,Single,Postgraduate Degree
3745,Dorothy Summers,2025-01-09,dorothysummers6410@yahoomail.com,Transgender,India,Gujarat,Bharuch,583345,Common Law,Bachelor's Degree
3746,Violet Salazar,2024-07-07,violetsalazar@ymail.com,Transgender,India,Delhi,Delhi,591534,Common Law,Postgraduate Degree
3747,Idola Williamson,2024-10-04,idolawilliamson@yahoomail.com,Male,India,Himachal Pradesh,Shimla,435008,Common Law,Postgraduate Degree
3748,Jason Stephenson,2023-08-10,jasonstephenson7709@yahoomail.com,Male,United States,Kentucky,Frankfort,267746,Common Law,Bachelor's Degree
3749,Camilla Acevedo,2024-02-08,camillaacevedo@yahoomail.com,Female,United States,Washington,Bellevue,639324,Divorced,Master's Degree
3750,Berk West,2024-03-04,berkwest@gmail.com,Female,India,West Bengal,Champdani,819407,Married,Postgraduate Degree
3751,Donna Mcgowan,2025-02-03,donnamcgowan2849@gmail.com,Female,United States,Mississippi,Southaven,525420,Common Law,Bachelor's Degree
3752,Kalia Clarke,2024-11-23,kaliaclarke5150@ymail.com,Transgender,United States,Idaho,Nampa,558587,Single,Bachelor's Degree
3753,Kylee Torres,2024-04-21,kyleetorres9308@yahoomail.com,Transgender,United States,Indiana,Gary,198922,Divorced,Postgraduate Degree
3754,David Alexander,2023-07-19,davidalexander@gmail.com,Female,India,Chhattisgarh,Raigarh,855406,Divorced,Master's Degree
3755,Quinlan Watson,2024-03-19,quinlanwatson6430@gmail.com,Male,United States,Virginia,Virginia Beach,248671,Common Law,Postgraduate Degree
3756,Jonah Snider,2024-10-31,jonahsnider@gmail.com,Male,United States,Pennsylvania,Harrisburg,913549,Divorced,Postgraduate Degree
3757,Amos Golden,2024-03-30,amosgolden@gmail.com,Male,India,Bihar,Darbhanga,982698,Common Law,Master's Degree
3758,Clare Glass,2024-01-06,clareglass@ymail.com,Transgender,India,Nagaland,Kohima,802111,Married,Bachelor's Degree
3759,Nasim Anderson,2024-09-20,nasimanderson7620@yahoomail.com,Male,India,West Bengal,Ingraj Bazar,940740,Single,Bachelor's Degree
3760,Nathaniel Rosario,2025-02-23,nathanielrosario@yahoomail.com,Transgender,United States,Vermont,Colchester,960118,Divorced,Postgraduate Degree
3761,Emma Cotton,2024-12-13,emmacotton6195@ymail.com,Female,United States,Minnesota,Duluth,920581,Common Law,Postgraduate Degree
3762,Adria Reilly,2023-12-16,adriareilly@ymail.com,Male,India,Mizoram,Aizwal,444430,Single,Master's Degree
3763,Sylvester Frost,2023-12-21,sylvesterfrost@gmail.com,Male,India,Andaman and Nicobar Islands,Port Blair,795185,Married,Master's Degree
3764,Colette Pugh,2024-06-17,colettepugh@yahoomail.com,Male,India,Tamil Nadu,Coimbatore,535865,Married,Bachelor's Degree
3765,Neve Hewitt,2024-03-27,nevehewitt9589@gmail.com,Male,United States,Massachusetts,Cambridge,484557,Common Law,Master's Degree
3766,May Burton,2024-04-18,mayburton@ymail.com,Female,United States,Connecticut,New Haven,537072,Single,Postgraduate Degree
3767,Cherokee Fields,2024-11-10,cherokeefields5@ymail.com,Female,India,Mizoram,Aizwal,711086,Divorced,Bachelor's Degree
3768,Keane Mccarthy,2023-11-20,keanemccarthy1911@ymail.com,Female,India,Punjab,Okara,304674,Common Law,Master's Degree
3769,Cyrus Mccarthy,2024-05-31,cyrusmccarthy@ymail.com,Female,United States,Hawaii,Honolulu,143875,Single,Bachelor's Degree
3770,Caldwell Sandoval,2025-01-05,caldwellsandoval@gmail.com,Female,United States,California,Fresno,118003,Divorced,Master's Degree
3771,Nissim Sanford,2023-04-01,nissimsanford@yahoomail.com,Male,United States,Maine,Bangor,572647,Single,Postgraduate Degree
3772,Mari Cabrera,2024-12-01,maricabrera412@yahoomail.com,Female,India,Madhya Pradesh,Bhopal,609313,Divorced,Bachelor's Degree
3773,Raphael Patrick,2024-07-26,raphaelpatrick7375@gmail.com,Male,United States,Oregon,Eugene,912023,Divorced,Master's Degree
3774,Harper Parsons,2024-03-15,harperparsons@ymail.com,Male,United States,Texas,Austin,809828,Divorced,Bachelor's Degree
3775,Jennifer Martin,2024-04-30,jennifermartin5290@yahoomail.com,Male,India,Punjab,Sialkot,564563,Divorced,Master's Degree
3776,Fitzgerald O'donnell,2024-05-22,fitzgeraldodonnell@ymail.com,Male,India,Nagaland,Kohima,115692,Single,Postgraduate Degree
3777,Hillary Burt,2024-09-24,hillaryburt3552@gmail.com,Transgender,United States,Louisiana,Lafayette,273740,Married,Bachelor's Degree
3778,Madeline Levy,2024-06-13,madelinelevy2060@yahoomail.com,Male,United States,Nebraska,Kearney,740760,Divorced,Master's Degree
3779,Jonah Brock,2023-04-18,jonahbrock@yahoomail.com,Transgender,United States,Texas,Dallas,514807,Common Law,Postgraduate Degree
3780,Ian Benton,2025-01-13,ianbenton8715@ymail.com,Transgender,United States,Louisiana,Shreveport,995970,Married,Bachelor's Degree
3781,Bruno Rosales,2024-09-15,brunorosales7104@yahoomail.com,Male,India,Chhattisgarh,Durg,801102,Single,Bachelor's Degree
3782,Lana House,2025-01-25,lanahouse6004@yahoomail.com,Female,United States,Arkansas,Springdale,994924,Divorced,Bachelor's Degree
3783,Kaseem Rodgers,2024-09-13,kaseemrodgers@yahoomail.com,Female,United States,Nebraska,Bellevue,875049,Single,Postgraduate Degree
3784,Victoria Cash,2024-03-31,victoriacash1354@gmail.com,Male,India,Himachal Pradesh,Shimla,587249,Married,Bachelor's Degree
3785,Mallory Maxwell,2023-12-12,mallorymaxwell@ymail.com,Transgender,India,Tripura,Agartala,981611,Divorced,Bachelor's Degree
3786,Illana Atkinson,2024-02-28,illanaatkinson765@yahoomail.com,Transgender,United States,Utah,Salt Lake City,675023,Single,Postgraduate Degree
3787,Neville Faulkner,2025-03-17,nevillefaulkner@ymail.com,Male,United States,Delaware,Wilmington,209948,Common Law,Master's Degree
3788,Zachary Foley,2024-06-25,zacharyfoley85@yahoomail.com,Male,India,Dadra and Nagar Haveli,Silvassa,906110,Common Law,Postgraduate Degree
3789,Upton Rodgers,2024-05-28,uptonrodgers@gmail.com,Male,India,Punjab,Mandi Bahauddin,266088,Divorced,Master's Degree
3790,Dean Townsend,2023-12-22,deantownsend@yahoomail.com,Female,United States,Arkansas,Springdale,368705,Single,Postgraduate Degree
3791,Daquan Good,2024-03-31,daquangood6313@yahoomail.com,Transgender,United States,Kentucky,Owensboro,513971,Divorced,Master's Degree
3792,Melyssa Stafford,2025-01-15,melyssastafford2629@ymail.com,Female,United States,California,Fresno,808146,Divorced,Bachelor's Degree
3793,Galena Keller,2024-10-13,galenakeller4792@gmail.com,Female,India,Maharastra,Mumbai,152944,Single,Postgraduate Degree
3794,Inez Russell,2024-11-24,inezrussell@yahoomail.com,Transgender,United States,Nebraska,Bellevue,117139,Divorced,Master's Degree
3795,Aquila Bonner,2023-11-09,aquilabonner@gmail.com,Female,India,Punjab,Sargodha,869235,Divorced,Master's Degree
3796,Clio Suarez,2024-01-06,cliosuarez@gmail.com,Female,India,West Bengal,Bhatpara,673169,Single,Master's Degree
3797,Michelle Pittman,2024-04-01,michellepittman@yahoomail.com,Transgender,United States,Iowa,Sioux City,499743,Common Law,Postgraduate Degree
3798,Janna Randolph,2023-12-18,jannarandolph@ymail.com,Female,India,Andaman and Nicobar Islands,Port Blair,487937,Common Law,Master's Degree
3799,Hall Gardner,2023-10-13,hallgardner7233@yahoomail.com,Transgender,India,Nagaland,Kohima,302389,Single,Bachelor's Degree
3800,Nash Wall,2023-08-19,nashwall@yahoomail.com,Male,India,Madhya Pradesh,Ratlam,116315,Single,Bachelor's Degree
3801,Lydia Lee,2023-05-26,lydialee1744@gmail.com,Female,United States,Idaho,Idaho Falls,325347,Divorced,Postgraduate Degree
3802,Jena Morrow,2023-08-07,jenamorrow@gmail.com,Male,United States,Connecticut,New Haven,641691,Divorced,Master's Degree
3803,Vivian Sampson,2024-11-10,viviansampson@yahoomail.com,Female,United States,Arizona,Glendale,693802,Married,Master's Degree
3804,Nyssa Campbell,2023-06-16,nyssacampbell7595@gmail.com,Male,United States,Oklahoma,Tulsa,889423,Divorced,Postgraduate Degree
3805,Benjamin Lyons,2023-06-01,benjaminlyons@gmail.com,Male,India,Arunachal Pradesh,Itanagar,477601,Common Law,Master's Degree
3806,Jolie Salazar,2024-09-20,joliesalazar@gmail.com,Transgender,United States,Montana,Billings,911275,Married,Postgraduate Degree
3807,Sawyer Sexton,2023-04-20,sawyersexton3424@yahoomail.com,Male,United States,Missouri,Jefferson City,196375,Single,Postgraduate Degree
3808,Amaya Walter,2024-06-21,amayawalter@gmail.com,Transgender,United States,Arkansas,Fayetteville,293596,Divorced,Postgraduate Degree
3809,Drake Monroe,2024-01-17,drakemonroe8916@yahoomail.com,Transgender,United States,Louisiana,Metairie,937078,Common Law,Bachelor's Degree
3810,Caleb Vinson,2023-07-03,calebvinson163@ymail.com,Female,United States,Arizona,Glendale,189440,Single,Postgraduate Degree
3811,Channing Hansen,2024-08-14,channinghansen@gmail.com,Transgender,India,Manipur,Imphal,440711,Divorced,Bachelor's Degree
3812,Kaye Hogan,2023-09-05,kayehogan@yahoomail.com,Male,United States,Virginia,Chesapeake,236225,Common Law,Master's Degree
3813,Asher Daniel,2023-04-12,asherdaniel2959@ymail.com,Male,United States,Louisiana,New Orleans,446414,Married,Bachelor's Degree
3814,Lawrence Hawkins,2024-12-13,lawrencehawkins@gmail.com,Transgender,United States,Virginia,Virginia Beach,122915,Common Law,Postgraduate Degree
3815,Jerry Payne,2024-06-09,jerrypayne1253@ymail.com,Male,India,Sikkim,Gangtok,635546,Common Law,Bachelor's Degree
3816,Raphael Greer,2023-10-17,raphaelgreer8018@gmail.com,Male,United States,Georgia,Augusta,187887,Divorced,Postgraduate Degree
3817,Jessica White,2023-11-13,jessicawhite@ymail.com,Male,India,West Bengal,Barddhaman,169120,Single,Bachelor's Degree
3818,Matthew Guzman,2023-06-09,matthewguzman@gmail.com,Female,United States,Indiana,South Bend,204948,Single,Postgraduate Degree
3819,Jade Clemons,2023-04-08,jadeclemons@ymail.com,Female,India,Uttarakhand,Haridwar,992890,Divorced,Master's Degree
3820,Alice Flores,2024-10-09,aliceflores5920@gmail.com,Transgender,India,Delhi,Delhi,306342,Married,Master's Degree
3821,Fatima Patrick,2024-01-08,fatimapatrick@gmail.com,Female,India,Dadra and Nagar Haveli,Silvassa,571790,Divorced,Bachelor's Degree
3822,Yoshi Goodman,2025-03-03,yoshigoodman5206@yahoomail.com,Female,India,Andaman and Nicobar Islands,Port Blair,110112,Common Law,Bachelor's Degree
3823,Blake Singleton,2023-11-13,blakesingleton@yahoomail.com,Female,United States,Hawaii,Kapolei,141548,Divorced,Postgraduate Degree
3824,Clio Cummings,2024-05-20,cliocummings4092@yahoomail.com,Female,United States,Wisconsin,Racine,223117,Married,Postgraduate Degree
3825,Otto Goodwin,2023-05-26,ottogoodwin@gmail.com,Female,United States,Delaware,Wilmington,271842,Common Law,Bachelor's Degree
3826,Myra Ellis,2023-08-22,myraellis@yahoomail.com,Male,India,Delhi,Delhi,939172,Married,Bachelor's Degree
3827,Sylvester Santos,2024-08-18,sylvestersantos9673@ymail.com,Male,United States,Wyoming,Laramie,219615,Divorced,Master's Degree
3828,Rajah Thomas,2023-12-24,rajahthomas@yahoomail.com,Male,United States,Missouri,Springfield,684831,Common Law,Master's Degree
3829,Halee Wilkerson,2025-02-06,haleewilkerson3135@ymail.com,Male,India,Pondicherry,Pondicherry,627982,Single,Postgraduate Degree
3830,Alfreda Hebert,2024-08-03,alfredahebert8972@yahoomail.com,Transgender,India,Delhi,Delhi,725221,Divorced,Bachelor's Degree
3831,Melissa Juarez,2024-03-16,melissajuarez9775@ymail.com,Transgender,India,West Bengal,Kamarhati,500959,Single,Bachelor's Degree
3832,Malcolm Mcintosh,2024-04-17,malcolmmcintosh@ymail.com,Male,India,Maharastra,Dhule,221018,Common Law,Postgraduate Degree
3833,Brett Herman,2024-01-16,brettherman@gmail.com,Female,India,Chhattisgarh,Raigarh,598262,Single,Bachelor's Degree
3834,Xenos Morin,2023-08-15,xenosmorin3205@gmail.com,Transgender,United States,Utah,West Valley City,463404,Married,Postgraduate Degree
3835,Kevin Castro,2024-05-03,kevincastro@ymail.com,Male,United States,Montana,Missoula,660085,Married,Master's Degree
3836,Nell Atkins,2023-05-12,nellatkins6124@yahoomail.com,Female,United States,Florida,Miami,473893,Married,Bachelor's Degree
3837,Noelle Stevenson,2024-06-28,noellestevenson@ymail.com,Male,India,Gujarat,Gandhinagar,474401,Married,Bachelor's Degree
3838,Naida Key,2025-01-01,naidakey@ymail.com,Female,United States,Connecticut,Waterbury,302590,Single,Master's Degree
3839,Yvonne Cole,2024-11-29,yvonnecole@yahoomail.com,Transgender,United States,California,San Francisco,903754,Divorced,Master's Degree
3840,Kamal Steele,2023-10-27,kamalsteele4650@yahoomail.com,Transgender,United States,Delaware,Wilmington,717245,Single,Postgraduate Degree
3841,Heidi Hickman,2024-08-08,heidihickman2384@yahoomail.com,Transgender,India,Mizoram,Aizwal,788633,Divorced,Postgraduate Degree
3842,Lewis Garrett,2023-06-09,lewisgarrett@ymail.com,Transgender,India,Assam,Guwahati,293545,Single,Postgraduate Degree
3843,Karly Simmons,2024-07-25,karlysimmons1776@yahoomail.com,Transgender,United States,Nevada,Henderson,576584,Single,Bachelor's Degree
3844,Malik Stanley,2023-11-17,malikstanley@gmail.com,Transgender,United States,Tennessee,Chattanooga,340320,Married,Bachelor's Degree
3845,Brynne Espinoza,2024-07-27,brynneespinoza682@yahoomail.com,Male,United States,Wisconsin,Madison,526935,Common Law,Postgraduate Degree
3846,Byron Lang,2025-02-18,byronlang@yahoomail.com,Male,United States,Vermont,Rutland,799287,Single,Master's Degree
3847,Florence Burks,2023-10-02,florenceburks@gmail.com,Male,India,West Bengal,Balurghat,114465,Married,Master's Degree
3848,Lareina Serrano,2024-10-05,lareinaserrano19@ymail.com,Male,India,Uttarakhand,Dehradun,409854,Common Law,Bachelor's Degree
3849,Nadine Daniel,2023-04-21,nadinedaniel@gmail.com,Female,India,Madhya Pradesh,Indore,913965,Married,Bachelor's Degree
3850,Wallace Mckee,2023-04-06,wallacemckee9030@yahoomail.com,Female,India,Chhattisgarh,Raj Nandgaon,974154,Common Law,Master's Degree
3851,Stacy Blevins,2023-06-03,stacyblevins@gmail.com,Female,India,Meghalaya,Shillong,406604,Common Law,Bachelor's Degree
3852,Rudyard Fulton,2024-09-16,rudyardfulton5991@yahoomail.com,Female,United States,Washington,Seattle,166307,Divorced,Bachelor's Degree
3853,Wyoming Cabrera,2025-01-03,wyomingcabrera997@gmail.com,Female,United States,Washington,Vancouver,677849,Divorced,Postgraduate Degree
3854,Chloe Byers,2024-03-11,chloebyers8461@yahoomail.com,Female,India,Jharkhand,Hazaribag,734248,Single,Postgraduate Degree
3855,Forrest West,2023-06-27,forrestwest@yahoomail.com,Transgender,United States,Kentucky,Frankfort,243908,Divorced,Postgraduate Degree
3856,Lars Flynn,2023-09-16,larsflynn772@gmail.com,Female,India,Manipur,Imphal,972440,Divorced,Bachelor's Degree
3857,Hyacinth Stanton,2023-09-11,hyacinthstanton@yahoomail.com,Male,India,Goa,Panjim,820577,Divorced,Postgraduate Degree
3858,Solomon Wood,2024-08-01,solomonwood7803@ymail.com,Male,United States,Washington,Spokane,816788,Common Law,Bachelor's Degree
3859,Camden Joseph,2023-05-19,camdenjoseph7527@yahoomail.com,Female,United States,Arizona,Phoenix,996689,Married,Bachelor's Degree
3860,Melodie Gonzales,2024-06-01,melodiegonzales@ymail.com,Female,India,Haryana,Yamuna Nagar,404682,Single,Postgraduate Degree
3861,Cora Haynes,2025-03-22,corahaynes@ymail.com,Transgender,United States,Hawaii,Kapolei,968669,Divorced,Master's Degree
3862,Tanya Roberson,2024-05-20,tanyaroberson@yahoomail.com,Transgender,United States,Maine,Auburn,147217,Common Law,Postgraduate Degree
3863,Macey Nixon,2023-05-04,maceynixon@ymail.com,Male,United States,Arizona,Phoenix,761609,Divorced,Master's Degree
3864,Rafael Camacho,2024-01-24,rafaelcamacho3420@gmail.com,Transgender,United States,California,Sacramento,610404,Married,Master's Degree
3865,Jorden Mcconnell,2023-09-04,jordenmcconnell@ymail.com,Female,India,Punjab,Sialkot,847353,Married,Postgraduate Degree
3866,Tashya Hanson,2024-10-11,tashyahanson@ymail.com,Male,India,Himachal Pradesh,Shimla,215601,Single,Bachelor's Degree
3867,Meredith Cotton,2025-03-25,meredithcotton@yahoomail.com,Transgender,India,Jammu and Kashmir,Srinagar,320933,Married,Master's Degree
3868,Beatrice Hunt,2025-03-28,beatricehunt3351@yahoomail.com,Transgender,India,Andaman and Nicobar Islands,Port Blair,708263,Married,Postgraduate Degree
3869,Sheila Stephens,2024-05-08,sheilastephens5913@yahoomail.com,Female,India,Tamil Nadu,Chennai,734473,Single,Master's Degree
3870,Ginger Garcia,2023-08-17,gingergarcia@gmail.com,Male,United States,Illinois,Rockford,576072,Common Law,Bachelor's Degree
3871,Evan Horn,2024-09-11,evanhorn@ymail.com,Female,United States,Massachusetts,Worcester,258249,Married,Master's Degree
3872,Gillian Greer,2024-02-22,gilliangreer@gmail.com,Male,United States,Utah,Salt Lake City,524976,Married,Bachelor's Degree
3873,Griffin Pena,2025-03-08,griffinpena8228@gmail.com,Male,United States,Arkansas,Springdale,437664,Married,Bachelor's Degree
3874,Fredericka Richmond,2025-02-11,frederickarichmond5110@gmail.com,Male,United States,Alaska,Fairbanks,968618,Common Law,Postgraduate Degree
3875,Myra Hendricks,2025-02-20,myrahendricks3627@gmail.com,Male,India,Haryana,Panipat,840119,Married,Master's Degree
3876,Regina Booth,2025-02-18,reginabooth2163@gmail.com,Transgender,United States,Utah,West Jordan,654918,Single,Master's Degree
3877,Oscar Daugherty,2024-10-05,oscardaugherty324@ymail.com,Male,India,Haryana,Gurgaon,168441,Married,Postgraduate Degree
3878,Illiana Matthews,2024-12-20,illianamatthews6752@gmail.com,Male,United States,Missouri,Springfield,665547,Divorced,Bachelor's Degree
3879,Walker Casey,2024-07-11,walkercasey@yahoomail.com,Transgender,India,Pondicherry,Pondicherry,592567,Divorced,Postgraduate Degree
3880,Uriah Ramos,2023-06-01,uriahramos1323@gmail.com,Male,United States,Washington,Vancouver,210379,Single,Master's Degree
3881,Drake Cochran,2024-04-03,drakecochran@gmail.com,Transgender,United States,Maryland,Columbia,820024,Single,Master's Degree
3882,Shannon Bennett,2023-04-16,shannonbennett988@yahoomail.com,Female,United States,California,Fresno,659542,Married,Postgraduate Degree
3883,Savannah Mcdowell,2024-03-09,savannahmcdowell4515@ymail.com,Transgender,India,Sikkim,Gangtok,583708,Common Law,Bachelor's Degree
3884,Eric Whitfield,2024-09-29,ericwhitfield@ymail.com,Female,India,Assam,Nagaon,567328,Single,Postgraduate Degree
3885,Bo Macdonald,2023-06-16,bomacdonald3696@ymail.com,Female,United States,Illinois,Chicago,301993,Married,Bachelor's Degree
3886,Ursa Wells,2023-07-14,ursawells@gmail.com,Female,United States,Indiana,Evansville,240314,Single,Postgraduate Degree
3887,Claire Gardner,2024-05-24,clairegardner@yahoomail.com,Male,India,Maharastra,Sangli,992528,Common Law,Master's Degree
3888,Ryan Russo,2024-03-15,ryanrusso830@gmail.com,Male,United States,Mississippi,Gulfport,675882,Married,Postgraduate Degree
3889,Asher Lester,2023-05-06,asherlester@yahoomail.com,Transgender,India,Kerala,Palakkad,204622,Common Law,Postgraduate Degree
3890,Adam Keller,2023-07-08,adamkeller684@gmail.com,Transgender,India,Gujarat,Surendranagar,638402,Common Law,Master's Degree
3891,Dana Page,2023-05-13,danapage986@gmail.com,Transgender,India,Sikkim,Gangtok,435828,Common Law,Bachelor's Degree
3892,Dennis Mckee,2024-05-04,dennismckee2281@yahoomail.com,Female,India,Dadra and Nagar Haveli,Silvassa,177176,Common Law,Master's Degree
3893,Ryder Howell,2023-05-08,ryderhowell7427@yahoomail.com,Female,United States,Iowa,Davenport,689786,Married,Postgraduate Degree
3894,Eaton Jennings,2024-10-24,eatonjennings2551@gmail.com,Male,India,West Bengal,Kanchrapara,491517,Divorced,Postgraduate Degree
3895,Destiny Henderson,2023-12-22,destinyhenderson@yahoomail.com,Transgender,United States,Virginia,Richmond,306442,Divorced,Postgraduate Degree
3896,Winter Solis,2025-03-15,wintersolis@gmail.com,Male,United States,Alaska,Fairbanks,167638,Married,Bachelor's Degree
3897,Orla Barr,2024-01-29,orlabarr3769@ymail.com,Male,United States,Hawaii,Kapolei,955617,Common Law,Master's Degree
3898,Fatima Cotton,2024-08-20,fatimacotton3417@ymail.com,Male,United States,Wisconsin,Kenosha,499547,Divorced,Bachelor's Degree
3899,Gary Mills,2023-04-06,garymills@ymail.com,Male,United States,Pennsylvania,Harrisburg,111359,Divorced,Postgraduate Degree
3900,Cyrus Camacho,2024-07-05,cyruscamacho1634@ymail.com,Male,India,Andhra Pradesh,Proddatur,379919,Single,Master's Degree
3901,Charissa Powell,2024-11-28,charissapowell@gmail.com,Female,United States,Alabama,Birmingham,136011,Single,Master's Degree
3902,Ima Alvarado,2024-01-28,imaalvarado6152@gmail.com,Male,India,Gujarat,Vejalpur,918746,Single,Postgraduate Degree
3903,Lani Harris,2024-06-05,laniharris@gmail.com,Male,India,West Bengal,Santipur,953255,Married,Postgraduate Degree
3904,Bryar Peck,2025-02-01,bryarpeck@yahoomail.com,Female,United States,Alabama,Huntsville,808671,Single,Master's Degree
3905,Scarlet Melendez,2024-09-30,scarletmelendez@ymail.com,Male,India,West Bengal,Hugli-Chinsurah,322573,Married,Bachelor's Degree
3906,Ishmael Russell,2023-09-21,ishmaelrussell@ymail.com,Female,United States,Maryland,Baltimore,536629,Divorced,Bachelor's Degree
3907,Mercedes Riley,2025-02-04,mercedesriley@gmail.com,Transgender,United States,California,San Francisco,346259,Divorced,Master's Degree
3908,Bell Montoya,2023-11-07,bellmontoya@yahoomail.com,Male,United States,Wisconsin,Milwaukee,622760,Single,Postgraduate Degree
3909,Whitney Benjamin,2023-06-20,whitneybenjamin6253@gmail.com,Transgender,United States,Louisiana,New Orleans,957577,Common Law,Postgraduate Degree
3910,Mufutau Estes,2024-04-27,mufutauestes@yahoomail.com,Female,United States,Georgia,Augusta,498758,Common Law,Postgraduate Degree
3911,Kamal Mcgowan,2024-12-10,kamalmcgowan5659@gmail.com,Female,United States,Delaware,Wilmington,711795,Single,Master's Degree
3912,Porter Huffman,2024-09-20,porterhuffman@ymail.com,Female,India,Andhra Pradesh,Kurnool,897560,Divorced,Bachelor's Degree
3913,Fulton Rasmussen,2024-11-22,fultonrasmussen6553@gmail.com,Male,India,Goa,Panjim,340443,Married,Postgraduate Degree
3914,Thor Benjamin,2024-03-14,thorbenjamin8593@yahoomail.com,Transgender,India,Andhra Pradesh,Anantapur,479679,Divorced,Master's Degree
3915,Matthew Mcmillan,2024-05-16,matthewmcmillan6477@ymail.com,Female,India,Arunachal Pradesh,Itanagar,927858,Single,Bachelor's Degree
3916,Hashim Eaton,2023-07-08,hashimeaton@gmail.com,Male,India,Chandigarh,Chandigarh,849157,Common Law,Bachelor's Degree
3917,Daquan Hudson,2023-07-01,daquanhudson@ymail.com,Female,United States,Alaska,College,469734,Single,Postgraduate Degree
3918,Jason Rose,2024-01-01,jasonrose@gmail.com,Female,India,Arunachal Pradesh,Itanagar,569441,Common Law,Master's Degree
3919,Allistair Brock,2024-08-24,allistairbrock6078@ymail.com,Transgender,United States,Texas,Fort Worth,205051,Single,Postgraduate Degree
3920,Cain Shepard,2024-09-19,cainshepard@ymail.com,Transgender,United States,Arizona,Phoenix,536085,Divorced,Postgraduate Degree
3921,Leah Lyons,2023-05-13,leahlyons@gmail.com,Transgender,United States,Colorado,Aurora,178079,Single,Postgraduate Degree
3922,Owen Kramer,2024-02-29,owenkramer@ymail.com,Male,India,Andhra Pradesh,Proddatur,178802,Married,Postgraduate Degree
3923,Marah Joyce,2023-07-06,marahjoyce4675@ymail.com,Female,India,Odisha,Raurkela,715654,Single,Postgraduate Degree
3924,Amber Boyle,2024-11-04,amberboyle7854@ymail.com,Female,India,West Bengal,Berhampore,181270,Divorced,Master's Degree
3925,Walker Allison,2023-08-07,walkerallison@gmail.com,Male,United States,Missouri,Jefferson City,473159,Single,Postgraduate Degree
3926,Violet Frye,2023-12-25,violetfrye832@yahoomail.com,Female,India,Lakshadweep,Kavaratti,358072,Common Law,Postgraduate Degree
3927,Madonna Bartlett,2024-11-15,madonnabartlett2984@ymail.com,Male,India,Tripura,Agartala,542640,Divorced,Master's Degree
3928,Kenneth Pace,2023-09-08,kennethpace@ymail.com,Female,India,Goa,Panjim,783659,Common Law,Postgraduate Degree
3929,Adria Curtis,2023-08-23,adriacurtis878@yahoomail.com,Male,India,Haryana,Sonipat,707171,Single,Postgraduate Degree
3930,Ivor Head,2024-12-10,ivorhead5050@yahoomail.com,Transgender,India,Kerala,Kozhikode,717088,Common Law,Master's Degree
3931,Hamish Perez,2024-11-29,hamishperez3470@yahoomail.com,Female,India,Punjab,Bahawalpur,383149,Common Law,Bachelor's Degree
3932,Forrest Hardy,2023-06-23,forresthardy@gmail.com,Female,India,Tamil Nadu,Palayankottai,464689,Divorced,Bachelor's Degree
3933,Arthur Frye,2024-04-19,arthurfrye9222@gmail.com,Female,United States,Iowa,Iowa City,399638,Single,Master's Degree
3934,Sade Middleton,2023-12-17,sademiddleton2041@ymail.com,Male,United States,Mississippi,Southaven,835331,Common Law,Bachelor's Degree
3935,Wynne Sampson,2023-11-30,wynnesampson7111@ymail.com,Male,United States,Connecticut,Waterbury,905664,Married,Bachelor's Degree
3936,Abbot Livingston,2023-10-20,abbotlivingston3559@ymail.com,Transgender,India,West Bengal,Raiganj,210257,Divorced,Master's Degree
3937,Virginia Perry,2023-05-02,virginiaperry@ymail.com,Female,United States,Kentucky,Louisville,227944,Common Law,Postgraduate Degree
3938,Charlotte Pacheco,2023-12-04,charlottepacheco7859@gmail.com,Transgender,United States,Alabama,Montgomery,731219,Single,Master's Degree
3939,Rebecca Paul,2023-09-03,rebeccapaul2266@ymail.com,Male,United States,Tennessee,Chattanooga,687970,Married,Bachelor's Degree
3940,Mohammad Reilly,2024-03-27,mohammadreilly8402@yahoomail.com,Female,United States,Oregon,Portland,985472,Divorced,Master's Degree
3941,Kirby Casey,2023-04-25,kirbycasey7804@yahoomail.com,Female,United States,Wyoming,Laramie,343127,Divorced,Bachelor's Degree
3942,Penelope Rosario,2024-02-28,peneloperosario7722@ymail.com,Female,India,Bihar,Bihar Sharif,701186,Married,Postgraduate Degree
3943,Elijah Norman,2023-12-03,elijahnorman@ymail.com,Transgender,India,West Bengal,Habra,518688,Common Law,Master's Degree
3944,Jane Solis,2023-06-21,janesolis9865@gmail.com,Male,India,Andhra Pradesh,Qutubullapur,969480,Single,Postgraduate Degree
3945,Macy Charles,2024-07-15,macycharles2236@yahoomail.com,Male,India,Jammu and Kashmir,Jammu,870729,Divorced,Postgraduate Degree
3946,Daphne Macdonald,2024-10-25,daphnemacdonald@gmail.com,Female,India,Goa,Panjim,646831,Married,Bachelor's Degree
3947,Felicia Ramos,2024-10-24,feliciaramos9509@yahoomail.com,Female,India,Uttar Pradesh,Bulandshahr,749403,Common Law,Bachelor's Degree
3948,Emi Carter,2024-11-29,emicarter@yahoomail.com,Female,India,Jharkhand,Jamshedpur,733728,Common Law,Postgraduate Degree
3949,Thomas Spence,2024-09-28,thomasspence@gmail.com,Male,India,Uttarakhand,Haridwar,193066,Married,Master's Degree
3950,Oprah Gould,2024-07-03,oprahgould9770@ymail.com,Female,India,Delhi,Delhi,268498,Divorced,Postgraduate Degree
3951,Carissa Burgess,2024-04-13,carissaburgess7313@yahoomail.com,Transgender,India,Rajasthan,Tonk,955104,Divorced,Postgraduate Degree
3952,Noah Weber,2023-10-01,noahweber8477@gmail.com,Female,United States,Illinois,Chicago,173419,Single,Bachelor's Degree
3953,Justin Wilkinson,2024-07-25,justinwilkinson8624@ymail.com,Transgender,India,Meghalaya,Shillong,128275,Common Law,Bachelor's Degree
3954,Scarlet Hill,2024-05-27,scarlethill4605@gmail.com,Female,India,Lakshadweep,Kavaratti,846131,Common Law,Bachelor's Degree
3955,Gloria Aguilar,2024-02-13,gloriaaguilar972@gmail.com,Female,India,Andaman and Nicobar Islands,Port Blair,570401,Married,Postgraduate Degree
3956,Gabriel Cobb,2024-11-02,gabrielcobb@ymail.com,Transgender,India,Tamil Nadu,Pallavaram,540461,Married,Postgraduate Degree
3957,Nola Marsh,2024-09-01,nolamarsh@ymail.com,Transgender,India,Arunachal Pradesh,Itanagar,818795,Divorced,Bachelor's Degree
3958,Kessie Hewitt,2024-04-06,kessiehewitt7485@ymail.com,Male,India,Sikkim,Gangtok,402010,Married,Bachelor's Degree
3959,Xanthus Keller,2024-01-22,xanthuskeller2502@gmail.com,Transgender,India,Bihar,Bettiah,284661,Single,Postgraduate Degree
3960,Harper Mathis,2024-02-06,harpermathis4421@gmail.com,Female,India,Lakshadweep,Kavaratti,876073,Married,Master's Degree
3961,Bo Pope,2024-05-05,bopope3726@gmail.com,Transgender,India,Delhi,Delhi,676976,Common Law,Postgraduate Degree
3962,Len Rice,2024-07-22,lenrice@yahoomail.com,Transgender,United States,Utah,West Valley City,205950,Common Law,Bachelor's Degree
3963,Xavier Jensen,2023-12-06,xavierjensen9935@ymail.com,Male,India,Goa,Panjim,316508,Married,Bachelor's Degree
3964,Angela Mccoy,2023-07-19,angelamccoy@ymail.com,Transgender,India,Madhya Pradesh,Dewas,875682,Married,Bachelor's Degree
3965,Mollie Garner,2024-03-24,molliegarner@gmail.com,Transgender,India,Meghalaya,Shillong,239252,Common Law,Master's Degree
3966,Irma Christensen,2023-12-21,irmachristensen@yahoomail.com,Transgender,United States,Massachusetts,Worcester,159563,Common Law,Postgraduate Degree
3967,Adrienne Stevens,2023-11-12,adriennestevens333@ymail.com,Transgender,India,Chhattisgarh,Raipur,314435,Married,Master's Degree
3968,Brian Kemp,2024-04-03,briankemp@gmail.com,Male,India,Andhra Pradesh,Vizianagaram,915622,Married,Master's Degree
3969,Charles Watson,2024-03-02,charleswatson495@yahoomail.com,Female,India,Maharastra,Akola,751689,Divorced,Master's Degree
3970,Iola Ware,2023-12-21,iolaware9926@ymail.com,Transgender,India,Uttar Pradesh,Varanasi,783431,Married,Bachelor's Degree
3971,Hayes Rivera,2023-04-21,hayesrivera@gmail.com,Male,India,West Bengal,Kulti-Barakar,737942,Married,Postgraduate Degree
3972,Allen Marquez,2024-09-28,allenmarquez9826@gmail.com,Female,India,Manipur,Imphal,440377,Common Law,Master's Degree
3973,Courtney Sherman,2025-03-19,courtneysherman1902@yahoomail.com,Transgender,India,Lakshadweep,Kavaratti,864911,Common Law,Master's Degree
3974,Uriel Talley,2025-01-09,urieltalley1732@ymail.com,Female,India,Jharkhand,Ranchi,657711,Single,Postgraduate Degree
3975,Cassandra Charles,2023-11-09,cassandracharles@gmail.com,Transgender,India,Tamil Nadu,Kumbakonam,623019,Common Law,Bachelor's Degree
3976,Sybill Hines,2023-05-26,sybillhines@gmail.com,Female,India,Mizoram,Aizwal,300399,Common Law,Master's Degree
3977,Zephania Pope,2024-05-10,zephaniapope@ymail.com,Transgender,United States,Kansas,Kansas City,577302,Single,Bachelor's Degree
3978,Amber Hyde,2024-10-30,amberhyde@gmail.com,Male,United States,Illinois,Aurora,866009,Single,Postgraduate Degree
3979,Lucian Suarez,2024-05-14,luciansuarez499@gmail.com,Transgender,India,Chhattisgarh,Bhilai,759563,Married,Postgraduate Degree
3980,Genevieve Hamilton,2024-10-11,genevievehamilton7745@ymail.com,Male,India,Jharkhand,Jamshedpur,237273,Common Law,Bachelor's Degree
3981,Abraham Ferguson,2023-09-21,abrahamferguson@ymail.com,Transgender,India,Andaman and Nicobar Islands,Port Blair,267237,Married,Bachelor's Degree
3982,Xena Lindsay,2023-08-25,xenalindsay7730@yahoomail.com,Female,United States,Hawaii,Kailua,514343,Married,Postgraduate Degree
3983,Zane Glover,2024-01-21,zaneglover@gmail.com,Transgender,India,Andhra Pradesh,Proddatur,343155,Common Law,Postgraduate Degree
3984,Jada Stafford,2024-11-04,jadastafford3089@yahoomail.com,Transgender,United States,Hawaii,Kaneohe,186133,Single,Postgraduate Degree
3985,Allen Logan,2023-04-25,allenlogan@gmail.com,Female,India,Dadra and Nagar Haveli,Silvassa,830101,Common Law,Master's Degree
3986,Dora Jones,2023-05-03,dorajones120@yahoomail.com,Female,United States,Delaware,Wilmington,221485,Common Law,Bachelor's Degree
3987,Lucas Middleton,2024-01-22,lucasmiddleton@gmail.com,Female,India,Daman and Diu,Daman,392915,Single,Master's Degree
3988,Mason Hamilton,2024-08-24,masonhamilton@ymail.com,Female,India,Pondicherry,Pondicherry,912757,Single,Bachelor's Degree
3989,Liberty Charles,2024-08-22,libertycharles8159@ymail.com,Male,United States,Georgia,Savannah,777170,Married,Bachelor's Degree
3990,Melissa Wheeler,2024-01-28,melissawheeler1956@yahoomail.com,Transgender,United States,Texas,Fort Worth,844582,Divorced,Bachelor's Degree
3991,Rafael Paul,2024-07-13,rafaelpaul2360@yahoomail.com,Transgender,India,Kerala,Thalassery,250222,Married,Bachelor's Degree
3992,Kirestin Gordon,2024-03-06,kirestingordon70@gmail.com,Female,India,Daman and Diu,Daman,696345,Single,Postgraduate Degree
3993,Mohammad Brown,2024-12-28,mohammadbrown@gmail.com,Male,United States,Michigan,Sterling Heights,897050,Single,Postgraduate Degree
3994,Hedley Trevino,2025-02-11,hedleytrevino@gmail.com,Female,United States,Alabama,Montgomery,911939,Common Law,Master's Degree
3995,Howard Cohen,2025-01-20,howardcohen7527@yahoomail.com,Transgender,United States,Wisconsin,Green Bay,789554,Divorced,Master's Degree
3996,Ria Gonzales,2024-11-01,riagonzales@yahoomail.com,Transgender,India,Rajasthan,Sikar,754878,Divorced,Bachelor's Degree
3997,Ivana Nieves,2023-05-28,ivananieves3159@yahoomail.com,Female,India,Meghalaya,Shillong,641186,Single,Master's Degree
3998,Armando Cabrera,2024-09-11,armandocabrera4171@gmail.com,Male,India,Delhi,Delhi,480798,Single,Master's Degree
3999,Halla Reid,2024-01-14,hallareid@gmail.com,Male,United States,Connecticut,New Haven,347221,Common Law,Master's Degree
4000,Zena Brown,2025-01-10,zenabrown6818@gmail.com,Male,United States,Michigan,Warren,328826,Divorced,Master's Degree
