id,name,dob,email,gender,country,region,city,asset,marital_status,education
4001,Shelly Gordon,2023-07-06,shellygordon4043@gmail.com,Transgender,United States,Alaska,Anchorage,353597,Single,Postgraduate Degree
4002,Vernon Edwards,2024-12-01,vernonedwards@gmail.com,Female,India,Delhi,Delhi,770516,Divorced,Master's Degree
4003,Wyatt Randolph,2023-04-13,wyattrandolph@ymail.com,Male,United States,Utah,West Jordan,378141,Single,Master's Degree
4004,Wyatt Puckett,2024-04-23,wyattpuckett@ymail.com,Transgender,India,West Bengal,Navadwip,278479,Divorced,Postgraduate Degree
4005,Denton Pierce,2023-11-17,dentonpierce1926@gmail.com,Transgender,United States,Hawaii,Kaneohe,257665,Single,Bachelor's Degree
4006,August Dawson,2023-10-23,augustdawson@yahoomail.com,Transgender,India,Uttar Pradesh,Rae Bareli,987123,Single,Master's Degree
4007,Zelenia Navarro,2023-05-02,zelenianavarro346@yahoomail.com,Male,India,Dadra and Nagar Haveli,Silvassa,177131,Married,Master's Degree
4008,Hilda Kerr,2024-10-03,hildakerr@gmail.com,Female,India,Tripura,Agartala,560480,Married,Bachelor's Degree
4009,Fallon Dillon,2023-08-03,fallondillon@gmail.com,Female,India,Andhra Pradesh,Nizamabad,121770,Married,Postgraduate Degree
4010,Shay Jacobson,2024-04-17,shayjacobson6601@ymail.com,Female,United States,Illinois,Springfield,416814,Divorced,Bachelor's Degree
4011,Lance Conway,2023-06-09,lanceconway@ymail.com,Female,United States,Virginia,Virginia Beach,503527,Divorced,Postgraduate Degree
4012,Lee Harding,2024-03-15,leeharding9594@ymail.com,Female,United States,Montana,Bozeman,600802,Married,Postgraduate Degree
4013,Clinton Douglas,2024-07-10,clintondouglas@gmail.com,Male,United States,Montana,Missoula,651390,Married,Bachelor's Degree
4014,Zelda Avila,2024-03-19,zeldaavila2061@ymail.com,Transgender,India,West Bengal,Barasat,407637,Divorced,Bachelor's Degree
4015,Beau Banks,2023-08-29,beaubanks793@yahoomail.com,Female,United States,Illinois,Rockford,914572,Divorced,Postgraduate Degree
4016,Rahim Hunt,2023-11-21,rahimhunt1699@gmail.com,Transgender,India,Andaman and Nicobar Islands,Port Blair,918218,Single,Postgraduate Degree
4017,Emma Santos,2024-04-28,emmasantos8957@ymail.com,Female,United States,Utah,Sandy,774932,Divorced,Bachelor's Degree
4018,Penelope Freeman,2024-09-25,penelopefreeman1405@yahoomail.com,Male,United States,Tennessee,Knoxville,700220,Divorced,Postgraduate Degree
4019,Burton Walton,2023-04-04,burtonwalton@gmail.com,Female,United States,Utah,Provo,122954,Married,Bachelor's Degree
4020,Germaine Foley,2024-07-16,germainefoley@gmail.com,Transgender,United States,Indiana,Gary,344282,Single,Postgraduate Degree
4021,Cassandra Barrett,2024-12-13,cassandrabarrett5183@yahoomail.com,Transgender,India,Maharastra,Chandrapur,548246,Married,Master's Degree
4022,Rahim Browning,2024-08-14,rahimbrowning@ymail.com,Male,United States,Alaska,Fairbanks,405110,Common Law,Bachelor's Degree
4023,Cyrus Burt,2023-05-25,cyrusburt@ymail.com,Transgender,India,Sikkim,Gangtok,899746,Married,Bachelor's Degree
4024,Hilary Hamilton,2023-05-09,hilaryhamilton6284@ymail.com,Transgender,United States,Georgia,Columbus,900130,Single,Bachelor's Degree
4025,Lois Berg,2025-01-04,loisberg842@yahoomail.com,Female,United States,Louisiana,Metairie,138004,Divorced,Postgraduate Degree
4026,Norman Wheeler,2024-07-24,normanwheeler7658@yahoomail.com,Male,United States,Arizona,Tucson,932079,Single,Bachelor's Degree
4027,Ross Mcintosh,2023-06-24,rossmcintosh2059@ymail.com,Transgender,United States,Ohio,Columbus,719377,Divorced,Bachelor's Degree
4028,Keegan Bell,2023-10-29,keeganbell@ymail.com,Female,United States,Pennsylvania,Philadelphia,744156,Common Law,Postgraduate Degree
4029,Arden Lewis,2023-10-10,ardenlewis1649@yahoomail.com,Female,India,Maharastra,Ulhasnagar,749146,Common Law,Postgraduate Degree
4030,Germane Mejia,2023-12-01,germanemejia@yahoomail.com,Male,United States,Kansas,Topeka,725116,Single,Postgraduate Degree
4031,Ifeoma Dotson,2024-07-04,ifeomadotson1989@ymail.com,Male,India,Punjab,Pathankot,223491,Common Law,Postgraduate Degree
4032,Kai Summers,2024-08-06,kaisummers@yahoomail.com,Female,United States,Texas,San Antonio,228140,Single,Bachelor's Degree
4033,Isadora Schwartz,2023-08-07,isadoraschwartz@gmail.com,Female,India,Punjab,Jhang,532275,Married,Bachelor's Degree
4034,Ulysses Evans,2024-06-22,ulyssesevans8786@yahoomail.com,Transgender,United States,Maine,Lewiston,756206,Married,Bachelor's Degree
4035,Zachery Yates,2024-01-08,zacheryyates1000@gmail.com,Transgender,United States,Kansas,Overland Park,571740,Single,Master's Degree
4036,Sebastian Turner,2024-04-01,sebastianturner554@yahoomail.com,Male,India,Assam,Guwahati,412342,Married,Bachelor's Degree
4037,Silas Fox,2023-10-21,silasfox@gmail.com,Transgender,India,Punjab,Patiala,848895,Married,Postgraduate Degree
4038,Noble Jefferson,2023-07-01,noblejefferson@gmail.com,Male,United States,Tennessee,Knoxville,142562,Married,Bachelor's Degree
4039,Kay Bishop,2024-07-20,kaybishop1721@gmail.com,Transgender,India,West Bengal,Asansol,702186,Married,Bachelor's Degree
4040,Orson Hutchinson,2024-02-27,orsonhutchinson@yahoomail.com,Transgender,United States,Maine,Augusta,509040,Divorced,Postgraduate Degree
4041,Sarah Snow,2024-02-16,sarahsnow1194@gmail.com,Female,United States,Kentucky,Owensboro,586159,Single,Master's Degree
4042,Diana Roach,2024-09-18,dianaroach@ymail.com,Female,United States,Pennsylvania,Reading,311511,Single,Master's Degree
4043,Rae Morris,2023-07-13,raemorris6636@gmail.com,Female,India,Pondicherry,Pondicherry,995896,Divorced,Bachelor's Degree
4044,Nina Arnold,2025-02-22,ninaarnold5430@ymail.com,Female,India,Bihar,Muzaffarpur,926101,Common Law,Bachelor's Degree
4045,Pamela Nieves,2023-07-10,pamelanieves@ymail.com,Transgender,United States,Arizona,Glendale,894438,Divorced,Bachelor's Degree
4046,Isadora Skinner,2024-04-14,isadoraskinner4566@yahoomail.com,Male,United States,Michigan,Detroit,156976,Common Law,Master's Degree
4047,Kirestin Whitney,2024-09-07,kirestinwhitney@ymail.com,Male,United States,Iowa,Sioux City,405921,Divorced,Postgraduate Degree
4048,Celeste Cohen,2024-05-21,celestecohen@gmail.com,Male,United States,Delaware,Wilmington,352327,Common Law,Postgraduate Degree
4049,Otto Blair,2025-01-07,ottoblair@ymail.com,Transgender,United States,Pennsylvania,Reading,687571,Common Law,Bachelor's Degree
4050,Kameko Carney,2024-02-04,kamekocarney6260@ymail.com,Transgender,India,Punjab,Khanpur,672224,Common Law,Master's Degree
4051,Zena Holcomb,2024-09-09,zenaholcomb@ymail.com,Transgender,India,Andhra Pradesh,Secunderabad,976698,Common Law,Bachelor's Degree
4052,Harrison Christensen,2024-02-20,harrisonchristensen3516@gmail.com,Female,India,Pondicherry,Pondicherry,557754,Divorced,Bachelor's Degree
4053,Amelia Wood,2023-04-23,ameliawood3308@gmail.com,Transgender,India,Uttar Pradesh,Agra,526372,Single,Bachelor's Degree
4054,Dane Burke,2024-02-20,daneburke@yahoomail.com,Male,India,Karnataka,Shimoga,280526,Single,Master's Degree
4055,Halee Santiago,2023-10-10,haleesantiago8567@ymail.com,Male,United States,Wyoming,Cheyenne,899868,Common Law,Postgraduate Degree
4056,Nita Tran,2024-10-25,nitatran@yahoomail.com,Male,United States,Oklahoma,Tulsa,358599,Married,Bachelor's Degree
4057,Hayfa Cobb,2024-04-12,hayfacobb@gmail.com,Male,United States,Michigan,Grand Rapids,251310,Single,Postgraduate Degree
4058,Cora Olson,2024-03-09,coraolson@gmail.com,Male,United States,Massachusetts,Cambridge,669405,Single,Master's Degree
4059,Bo Graham,2023-12-29,bograham3889@ymail.com,Male,India,Delhi,Delhi,683108,Single,Bachelor's Degree
4060,Giselle Dale,2024-06-02,giselledale1368@gmail.com,Transgender,United States,Colorado,Colorado Springs,852564,Divorced,Master's Degree
4061,Farrah Walters,2023-09-22,farrahwalters@gmail.com,Transgender,United States,Oklahoma,Broken Arrow,114946,Divorced,Master's Degree
4062,Allen Fuentes,2024-02-14,allenfuentes960@ymail.com,Male,United States,Mississippi,Biloxi,222697,Common Law,Postgraduate Degree
4063,Daria Soto,2025-03-27,dariasoto@gmail.com,Female,United States,Maine,Lewiston,457711,Divorced,Bachelor's Degree
4064,Wang Castaneda,2024-03-20,wangcastaneda9201@yahoomail.com,Transgender,United States,Delaware,Dover,528217,Single,Postgraduate Degree
4065,Idona Mason,2023-11-30,idonamason8671@ymail.com,Transgender,India,Tripura,Agartala,754709,Single,Bachelor's Degree
4066,Oliver Dotson,2023-10-04,oliverdotson@gmail.com,Female,India,Tripura,Agartala,765942,Single,Bachelor's Degree
4067,Alika Knowles,2024-08-11,alikaknowles7642@ymail.com,Female,United States,Tennessee,Memphis,105298,Married,Postgraduate Degree
4068,Wynter Berger,2024-08-06,wynterberger@ymail.com,Male,India,Uttarakhand,Dehradun,609238,Single,Master's Degree
4069,Petra Yang,2024-03-16,petrayang@gmail.com,Male,India,Uttar Pradesh,Ghaziabad,500306,Common Law,Bachelor's Degree
4070,Byron Parks,2024-02-07,byronparks1618@gmail.com,Male,United States,Colorado,Lakewood,600416,Divorced,Postgraduate Degree
4071,Kasimir Berger,2024-02-14,kasimirberger7805@yahoomail.com,Transgender,India,Uttarakhand,Haridwar,922018,Single,Master's Degree
4072,Hadassah Mcdaniel,2024-11-24,hadassahmcdaniel@gmail.com,Male,India,Tamil Nadu,Kumbakonam,935266,Single,Master's Degree
4073,Shannon Bradley,2024-05-14,shannonbradley9415@gmail.com,Male,United States,Arkansas,Little Rock,813155,Married,Bachelor's Degree
4074,Rosalyn Mcpherson,2024-07-20,rosalynmcpherson@ymail.com,Transgender,India,Delhi,Delhi,842792,Divorced,Bachelor's Degree
4075,Hedy Cabrera,2024-05-31,hedycabrera@yahoomail.com,Female,United States,Mississippi,Biloxi,636965,Married,Master's Degree
4076,Ella Simpson,2023-07-19,ellasimpson@gmail.com,Male,India,Chhattisgarh,Raipur,992944,Divorced,Postgraduate Degree
4077,Gail Solis,2024-07-08,gailsolis8663@ymail.com,Transgender,United States,California,Fresno,482811,Single,Postgraduate Degree
4078,Amethyst Cline,2023-11-28,amethystcline6988@yahoomail.com,Male,India,Assam,Silchar,682771,Common Law,Postgraduate Degree
4079,Zephr Harmon,2024-10-05,zephrharmon@ymail.com,Transgender,United States,Alaska,Juneau,996451,Common Law,Postgraduate Degree
4080,Nyssa Lopez,2024-01-25,nyssalopez@yahoomail.com,Transgender,India,Kerala,Palakkad,959460,Common Law,Bachelor's Degree
4081,Palmer Schultz,2023-11-25,palmerschultz582@ymail.com,Male,United States,Michigan,Flint,949176,Married,Master's Degree
4082,Cecilia Leonard,2024-03-20,cecilialeonard622@yahoomail.com,Transgender,United States,Maryland,Baltimore,424611,Divorced,Master's Degree
4083,Darius Mclean,2024-03-25,dariusmclean@yahoomail.com,Male,United States,Utah,West Valley City,438380,Married,Master's Degree
4084,Ria Pollard,2024-03-14,riapollard@yahoomail.com,Transgender,United States,Wisconsin,Milwaukee,436708,Divorced,Bachelor's Degree
4085,Darryl Wynn,2023-09-02,darrylwynn3362@gmail.com,Female,United States,Washington,Seattle,281552,Single,Bachelor's Degree
4086,Maia Howe,2023-12-13,maiahowe@yahoomail.com,Female,India,Punjab,Lahore,491919,Common Law,Master's Degree
4087,Madeson Sanchez,2024-06-24,madesonsanchez@yahoomail.com,Male,India,Mizoram,Aizwal,258127,Married,Master's Degree
4088,Shelby Tran,2024-03-22,shelbytran@gmail.com,Transgender,United States,Montana,Great Falls,702089,Single,Master's Degree
4089,Lareina Sellers,2023-08-30,lareinasellers7337@yahoomail.com,Transgender,United States,Louisiana,Shreveport,378022,Single,Bachelor's Degree
4090,Tobias Moore,2024-09-05,tobiasmoore8950@ymail.com,Transgender,India,Chandigarh,Chandigarh,280398,Divorced,Master's Degree
4091,Bryar Alston,2025-01-12,bryaralston2262@ymail.com,Male,United States,Vermont,South Burlington,383936,Common Law,Master's Degree
4092,Chandler Jimenez,2024-06-12,chandlerjimenez@gmail.com,Female,India,Gujarat,Navsari,782548,Single,Master's Degree
4093,Vaughan Thomas,2024-05-02,vaughanthomas@ymail.com,Transgender,United States,Oregon,Gresham,438266,Married,Bachelor's Degree
4094,Giacomo Mitchell,2024-07-15,giacomomitchell@gmail.com,Female,United States,Maine,Lewiston,740551,Divorced,Postgraduate Degree
4095,Hammett Hicks,2024-04-05,hammetthicks@yahoomail.com,Transgender,India,Mizoram,Aizwal,173350,Married,Postgraduate Degree
4096,Tarik Wilson,2024-04-14,tarikwilson5577@ymail.com,Male,United States,Pennsylvania,Allentown,494758,Divorced,Bachelor's Degree
4097,Olympia Olson,2023-05-12,olympiaolson@ymail.com,Female,India,Goa,Panjim,722222,Married,Bachelor's Degree
4098,Melanie Bean,2023-08-22,melaniebean@yahoomail.com,Female,United States,Oregon,Eugene,314592,Divorced,Bachelor's Degree
4099,Angelica Fisher,2024-08-13,angelicafisher2371@gmail.com,Male,United States,Kansas,Overland Park,641581,Married,Master's Degree
4100,Olympia Fields,2024-08-10,olympiafields7732@gmail.com,Female,United States,Michigan,Lansing,159488,Divorced,Master's Degree
4101,Noble Becker,2024-10-18,noblebecker@yahoomail.com,Male,United States,Montana,Great Falls,194838,Common Law,Postgraduate Degree
4102,Tallulah Buckner,2024-03-21,tallulahbuckner2054@gmail.com,Transgender,United States,Vermont,South Burlington,289771,Married,Postgraduate Degree
4103,Samson Schmidt,2025-01-02,samsonschmidt6654@gmail.com,Male,India,Goa,Panjim,951140,Common Law,Master's Degree
4104,Idona Parrish,2024-05-12,idonaparrish2438@ymail.com,Female,United States,California,Los Angeles,163468,Divorced,Master's Degree
4105,Kenyon Moss,2025-02-09,kenyonmoss@yahoomail.com,Male,United States,Massachusetts,Springfield,222185,Common Law,Master's Degree
4106,Mufutau Mccall,2024-04-01,mufutaumccall4897@ymail.com,Female,India,Tripura,Agartala,326333,Single,Master's Degree
4107,Jayme Barber,2023-09-12,jaymebarber4153@ymail.com,Male,United States,Arkansas,Jonesboro,977724,Single,Bachelor's Degree
4108,Hedy Acosta,2024-02-20,hedyacosta@yahoomail.com,Male,United States,Arizona,Chandler,866414,Divorced,Bachelor's Degree
4109,Benedict Bruce,2023-05-10,benedictbruce@yahoomail.com,Male,India,Karnataka,Hassan,538458,Married,Master's Degree
4110,Rama Carroll,2024-06-16,ramacarroll7941@yahoomail.com,Transgender,United States,Illinois,Springfield,340515,Common Law,Master's Degree
4111,Uriah Hoffman,2024-08-26,uriahhoffman@ymail.com,Male,United States,Wisconsin,Racine,992801,Married,Master's Degree
4112,Zelenia Navarro,2025-03-17,zelenianavarro1500@yahoomail.com,Female,United States,Indiana,Indianapolis,175341,Married,Bachelor's Degree
4113,Sophia Wallace,2023-08-25,sophiawallace@gmail.com,Male,India,Odisha,Raurkela Civil Township,775595,Married,Postgraduate Degree
4114,Amelia Levy,2024-07-19,amelialevy@yahoomail.com,Female,India,Rajasthan,Ganganagar,701919,Common Law,Postgraduate Degree
4115,Tamekah Burke,2024-12-06,tamekahburke1107@yahoomail.com,Female,United States,Tennessee,Nashville,932890,Married,Master's Degree
4116,Lysandra Steele,2024-01-19,lysandrasteele6891@gmail.com,Female,United States,Vermont,South Burlington,237042,Divorced,Bachelor's Degree
4117,Rhonda Britt,2024-01-05,rhondabritt@yahoomail.com,Male,India,Assam,Silchar,514789,Common Law,Bachelor's Degree
4118,Odysseus Meadows,2025-01-26,odysseusmeadows@ymail.com,Female,United States,Alabama,Tuscaloosa,617571,Married,Bachelor's Degree
4119,Valentine Bolton,2023-12-18,valentinebolton1072@gmail.com,Male,United States,Vermont,South Burlington,570159,Divorced,Master's Degree
4120,Aaron Nieves,2024-07-06,aaronnieves@ymail.com,Female,United States,Maine,Bangor,219193,Married,Postgraduate Degree
4121,Rashad Mayer,2024-11-20,rashadmayer3644@yahoomail.com,Male,United States,Texas,Dallas,527310,Married,Master's Degree
4122,Gary Strong,2024-02-19,garystrong@ymail.com,Transgender,United States,Vermont,South Burlington,131170,Common Law,Master's Degree
4123,Bert Jacobs,2024-12-08,bertjacobs1831@yahoomail.com,Transgender,United States,Kentucky,Owensboro,596668,Divorced,Bachelor's Degree
4124,Raja Mcbride,2025-03-23,rajamcbride8662@yahoomail.com,Male,United States,Alabama,Huntsville,848225,Common Law,Postgraduate Degree
4125,Rina Kemp,2025-03-22,rinakemp4503@yahoomail.com,Male,United States,Alaska,Juneau,657728,Married,Postgraduate Degree
4126,Lydia Richardson,2023-12-07,lydiarichardson1846@ymail.com,Male,United States,Hawaii,Kapolei,286335,Single,Master's Degree
4127,Fleur Santana,2025-02-15,fleursantana2111@ymail.com,Male,United States,Tennessee,Nashville,164137,Divorced,Bachelor's Degree
4128,Alexa Nguyen,2024-08-05,alexanguyen6201@ymail.com,Male,United States,Missouri,Saint Louis,642598,Married,Postgraduate Degree
4129,Marshall Watson,2024-03-25,marshallwatson@ymail.com,Male,India,Bihar,Muzaffarpur,908691,Single,Master's Degree
4130,Preston O'Neill,2023-11-10,prestononeill@yahoomail.com,Transgender,India,Bihar,Darbhanga,329660,Single,Postgraduate Degree
4131,Griffith Vaughan,2023-09-09,griffithvaughan@ymail.com,Male,India,Kerala,Palakkad,440016,Divorced,Master's Degree
4132,Jamal Buchanan,2023-11-08,jamalbuchanan8414@yahoomail.com,Male,India,Andaman and Nicobar Islands,Port Blair,235908,Single,Master's Degree
4133,Kermit Cain,2023-07-26,kermitcain8225@gmail.com,Transgender,India,Kerala,Allappuzha,729732,Common Law,Master's Degree
4134,Gabriel Graves,2025-02-08,gabrielgraves4300@ymail.com,Transgender,India,Madhya Pradesh,Bhopal,558684,Married,Bachelor's Degree
4135,Hayes Stewart,2023-12-14,hayesstewart4513@ymail.com,Male,India,Tripura,Agartala,828468,Common Law,Postgraduate Degree
4136,Dominic Key,2024-07-31,dominickey@yahoomail.com,Male,United States,Pennsylvania,Reading,399163,Single,Master's Degree
4137,Elvis Jordan,2024-11-04,elvisjordan@yahoomail.com,Male,United States,Pennsylvania,Reading,375573,Married,Bachelor's Degree
4138,Yoshi Riggs,2024-12-31,yoshiriggs@ymail.com,Transgender,United States,Illinois,Aurora,591586,Married,Bachelor's Degree
4139,Harriet Potter,2023-11-09,harrietpotter@ymail.com,Female,United States,Utah,Sandy,430328,Divorced,Bachelor's Degree
4140,Helen Alexander,2023-07-14,helenalexander@yahoomail.com,Male,India,Assam,Dibrugarh,803998,Single,Bachelor's Degree
4141,Genevieve Workman,2024-05-14,genevieveworkman4539@yahoomail.com,Male,India,Mizoram,Aizwal,639059,Common Law,Bachelor's Degree
4142,Xena Harrison,2024-10-13,xenaharrison5938@yahoomail.com,Female,India,Himachal Pradesh,Shimla,996754,Married,Postgraduate Degree
4143,Neville Wilson,2025-01-29,nevillewilson7268@yahoomail.com,Female,India,Chhattisgarh,Durg,220175,Single,Bachelor's Degree
4144,Reuben Waters,2023-11-07,reubenwaters883@yahoomail.com,Transgender,India,Assam,Dibrugarh,713511,Married,Postgraduate Degree
4145,Kasimir Murphy,2023-11-26,kasimirmurphy901@yahoomail.com,Female,United States,Louisiana,Shreveport,164599,Common Law,Postgraduate Degree
4146,Leah Cochran,2024-01-16,leahcochran@gmail.com,Male,India,Odisha,Brahmapur,556273,Married,Master's Degree
4147,Brennan Head,2025-02-12,brennanhead@ymail.com,Male,United States,Tennessee,Nashville,381504,Single,Postgraduate Degree
4148,Chava Schneider,2023-06-04,chavaschneider7634@ymail.com,Female,India,Dadra and Nagar Haveli,Silvassa,277665,Common Law,Postgraduate Degree
4149,Deirdre Velasquez,2024-11-22,deirdrevelasquez7887@ymail.com,Male,India,Mizoram,Aizwal,199213,Divorced,Postgraduate Degree
4150,Maia Cannon,2024-05-10,maiacannon1584@gmail.com,Male,United States,Colorado,Denver,339384,Common Law,Postgraduate Degree
4151,Myra Gillespie,2024-07-21,myragillespie@yahoomail.com,Male,United States,Nevada,Reno,855360,Common Law,Postgraduate Degree
4152,Quin Beard,2023-07-04,quinbeard@yahoomail.com,Male,United States,Oklahoma,Lawton,457272,Divorced,Postgraduate Degree
4153,Xandra Carson,2024-07-08,xandracarson3140@yahoomail.com,Female,United States,Hawaii,Kaneohe,815605,Divorced,Postgraduate Degree
4154,Raymond Robinson,2024-08-11,raymondrobinson3527@ymail.com,Female,United States,Ohio,Cleveland,654916,Common Law,Postgraduate Degree
4155,Denton Mccullough,2023-12-07,dentonmccullough@yahoomail.com,Female,India,Mizoram,Aizwal,651213,Divorced,Postgraduate Degree
4156,Kennedy Soto,2024-04-28,kennedysoto526@gmail.com,Male,India,Rajasthan,Sikar,658312,Divorced,Postgraduate Degree
4157,Quynn Wheeler,2023-08-06,quynnwheeler@gmail.com,Female,United States,Alabama,Montgomery,178617,Divorced,Master's Degree
4158,Patrick Valenzuela,2023-11-06,patrickvalenzuela4794@gmail.com,Female,United States,Maryland,Rockville,691131,Divorced,Master's Degree
4159,Neville Melendez,2024-01-30,nevillemelendez8891@gmail.com,Transgender,India,Mizoram,Aizwal,558215,Single,Master's Degree
4160,Jeanette Briggs,2025-02-03,jeanettebriggs@gmail.com,Female,India,Daman and Diu,Daman,241744,Common Law,Bachelor's Degree
4161,Emi Pena,2023-07-27,emipena@ymail.com,Transgender,India,Uttar Pradesh,Jhansi,655887,Married,Bachelor's Degree
4162,Lila Keller,2024-09-08,lilakeller5975@yahoomail.com,Male,United States,Kansas,Overland Park,318080,Married,Master's Degree
4163,Xantha Kemp,2024-12-19,xanthakemp@gmail.com,Transgender,United States,Texas,Fort Worth,870396,Married,Bachelor's Degree
4164,Linda Mcleod,2024-07-24,lindamcleod7925@ymail.com,Female,India,Mizoram,Aizwal,186392,Common Law,Master's Degree
4165,Conan Ortega,2024-03-27,conanortega@ymail.com,Transgender,India,Andaman and Nicobar Islands,Port Blair,129434,Common Law,Master's Degree
4166,Anastasia Ware,2023-05-01,anastasiaware5398@yahoomail.com,Transgender,India,Daman and Diu,Daman,986075,Divorced,Postgraduate Degree
4167,Allegra Buckner,2023-08-23,allegrabuckner@gmail.com,Male,India,Daman and Diu,Daman,517997,Single,Master's Degree
4168,Joy Orr,2023-08-30,joyorr@gmail.com,Female,India,Delhi,Delhi,610518,Single,Bachelor's Degree
4169,Brett Fleming,2024-11-13,brettfleming7944@yahoomail.com,Transgender,United States,Texas,San Antonio,398965,Married,Postgraduate Degree
4170,Hope Ferguson,2024-03-13,hopeferguson@gmail.com,Transgender,United States,Idaho,Boise,605861,Single,Master's Degree
4171,Harriet Beard,2023-10-12,harrietbeard@yahoomail.com,Male,India,Dadra and Nagar Haveli,Silvassa,179278,Married,Bachelor's Degree
4172,Palmer Shields,2024-10-10,palmershields@ymail.com,Female,India,Karnataka,Bijapur,154118,Divorced,Bachelor's Degree
4173,Justin Banks,2024-11-19,justinbanks4446@gmail.com,Female,India,Jharkhand,Bokaro Steel City,652682,Single,Master's Degree
4174,Travis Fernandez,2024-06-04,travisfernandez5950@gmail.com,Transgender,India,Chandigarh,Chandigarh,660946,Divorced,Master's Degree
4175,Serena Hughes,2024-12-22,serenahughes@gmail.com,Female,India,Andhra Pradesh,Lalbahadur Nagar,249199,Common Law,Postgraduate Degree
4176,Abra Tucker,2024-12-29,abratucker@ymail.com,Female,United States,Illinois,Joliet,500196,Divorced,Bachelor's Degree
4177,Laith Gross,2023-07-11,laithgross2417@ymail.com,Transgender,India,Karnataka,Bangalore,357774,Married,Master's Degree
4178,Germaine Frost,2023-12-17,germainefrost9324@ymail.com,Female,United States,Michigan,Detroit,903320,Divorced,Bachelor's Degree
4179,Forrest Greene,2023-11-15,forrestgreene@ymail.com,Female,India,Assam,Silchar,460902,Common Law,Master's Degree
4180,Jael Guthrie,2025-01-08,jaelguthrie@ymail.com,Male,India,Meghalaya,Shillong,401483,Divorced,Postgraduate Degree
4181,Chandler Cochran,2025-01-11,chandlercochran@gmail.com,Male,India,Nagaland,Kohima,383205,Married,Bachelor's Degree
4182,Noble Dean,2024-03-12,nobledean@ymail.com,Transgender,United States,Arkansas,Springdale,872753,Single,Bachelor's Degree
4183,Brianna Salas,2024-06-16,briannasalas1669@yahoomail.com,Male,India,Haryana,Panipat,203016,Common Law,Master's Degree
4184,Harding Ortiz,2023-11-27,hardingortiz@ymail.com,Transgender,India,Karnataka,Bangalore,398751,Divorced,Postgraduate Degree
4185,Fiona Alford,2023-10-22,fionaalford3875@ymail.com,Female,India,Arunachal Pradesh,Itanagar,807235,Divorced,Master's Degree
4186,Malik Marsh,2025-02-15,malikmarsh@gmail.com,Transgender,United States,Michigan,Flint,599870,Married,Bachelor's Degree
4187,Shelley Sloan,2023-05-11,shelleysloan@gmail.com,Transgender,India,Meghalaya,Shillong,776523,Single,Master's Degree
4188,Britanney Griffin,2023-07-19,britanneygriffin7292@yahoomail.com,Female,India,Chhattisgarh,Raj Nandgaon,854041,Common Law,Postgraduate Degree
4189,Kessie Kent,2024-11-13,kessiekent6070@ymail.com,Transgender,United States,Ohio,Akron,511518,Married,Master's Degree
4190,Gareth Patel,2023-06-23,garethpatel@gmail.com,Transgender,United States,Maryland,Baltimore,217961,Single,Bachelor's Degree
4191,Yetta Wiley,2023-09-22,yettawiley@yahoomail.com,Transgender,India,Jharkhand,Purulia,753647,Single,Master's Degree
4192,Connor Carney,2023-05-14,connorcarney@ymail.com,Female,India,Mizoram,Aizwal,897039,Common Law,Bachelor's Degree
4193,Oleg Mcclure,2024-10-24,olegmcclure8939@gmail.com,Transgender,United States,Pennsylvania,Pittsburgh,603425,Common Law,Postgraduate Degree
4194,Shannon Rodriquez,2024-07-08,shannonrodriquez5580@yahoomail.com,Female,India,Sikkim,Gangtok,994810,Common Law,Bachelor's Degree
4195,Iona Mcfarland,2023-08-17,ionamcfarland@ymail.com,Female,India,Assam,Guwahati,198575,Married,Master's Degree
4196,Heather Mcmillan,2023-10-18,heathermcmillan@gmail.com,Female,United States,Oregon,Portland,288237,Common Law,Postgraduate Degree
4197,Gage O'donnell,2023-12-04,gageodonnell1252@yahoomail.com,Female,India,Sikkim,Gangtok,653293,Common Law,Postgraduate Degree
4198,Octavia Wallace,2024-02-20,octaviawallace@ymail.com,Transgender,United States,Pennsylvania,Allentown,545567,Divorced,Bachelor's Degree
4199,Quamar Mathis,2023-09-24,quamarmathis8772@ymail.com,Female,India,Lakshadweep,Kavaratti,226186,Common Law,Bachelor's Degree
4200,Jocelyn Newman,2023-05-14,jocelynnewman@yahoomail.com,Male,United States,Delaware,Bear,421444,Common Law,Master's Degree
4201,Joshua Richmond,2023-12-13,joshuarichmond@gmail.com,Female,United States,California,Sacramento,611827,Divorced,Postgraduate Degree
4202,Britanney Trujillo,2024-08-27,britanneytrujillo5231@gmail.com,Transgender,United States,Minnesota,Rochester,991127,Married,Bachelor's Degree
4203,Allen Thomas,2024-04-17,allenthomas@ymail.com,Male,India,Haryana,Hisar,838589,Single,Postgraduate Degree
4204,Francesca Booker,2024-06-22,francescabooker@ymail.com,Transgender,India,Rajasthan,Sikar,968442,Married,Master's Degree
4205,Drew Key,2024-11-17,drewkey1477@ymail.com,Female,India,Sikkim,Gangtok,485934,Single,Master's Degree
4206,Debra Price,2023-11-18,debraprice8572@ymail.com,Transgender,India,Assam,Guwahati,728533,Single,Bachelor's Degree
4207,Athena Dominguez,2023-12-04,athenadominguez5124@ymail.com,Male,India,Sikkim,Gangtok,276874,Single,Bachelor's Degree
4208,Fay Davenport,2025-01-14,faydavenport3612@yahoomail.com,Female,United States,Tennessee,Nashville,865391,Divorced,Postgraduate Degree
4209,Nicholas Humphrey,2024-12-06,nicholashumphrey4998@ymail.com,Female,United States,Delaware,Newark,877080,Married,Master's Degree
4210,Yoshi Wall,2024-10-29,yoshiwall2188@ymail.com,Transgender,India,Bihar,Chapra,714855,Divorced,Bachelor's Degree
4211,Luke Justice,2024-09-05,lukejustice@yahoomail.com,Male,United States,Massachusetts,Worcester,473952,Divorced,Postgraduate Degree
4212,Amber Barlow,2023-09-10,amberbarlow@ymail.com,Male,India,Chhattisgarh,Korba,561103,Married,Postgraduate Degree
4213,Edan Reed,2023-12-16,edanreed@gmail.com,Male,India,Chhattisgarh,Raj Nandgaon,737840,Married,Bachelor's Degree
4214,Herman Miles,2024-06-13,hermanmiles@yahoomail.com,Transgender,India,Odisha,Raurkela,974218,Married,Postgraduate Degree
4215,Roanna Parker,2023-07-03,roannaparker@yahoomail.com,Male,India,Rajasthan,Ganganagar,914934,Divorced,Master's Degree
4216,Kevyn Sears,2024-04-03,kevynsears6338@gmail.com,Transgender,United States,Alabama,Mobile,307467,Common Law,Postgraduate Degree
4217,Andrew Carrillo,2023-08-22,andrewcarrillo@gmail.com,Transgender,India,Haryana,Sonipat,194177,Divorced,Postgraduate Degree
4218,Xyla Jones,2023-06-05,xylajones@yahoomail.com,Male,India,Uttar Pradesh,Jaunpur,621117,Married,Bachelor's Degree
4219,Serina Carter,2023-06-02,serinacarter7618@gmail.com,Male,United States,Indiana,Gary,163332,Married,Master's Degree
4220,Knox Wilson,2023-03-29,knoxwilson@gmail.com,Transgender,United States,Mississippi,Biloxi,607845,Married,Postgraduate Degree
4221,Phyllis Herrera,2025-02-01,phyllisherrera8769@ymail.com,Female,India,Andhra Pradesh,Hindupur,465432,Divorced,Bachelor's Degree
4222,Adria Singleton,2023-07-25,adriasingleton@ymail.com,Female,India,Madhya Pradesh,Khandwa,721534,Divorced,Master's Degree
4223,Isabelle Cross,2024-05-17,isabellecross4090@yahoomail.com,Transgender,India,Maharastra,Sangli,197311,Married,Bachelor's Degree
4224,Mary Rocha,2024-03-16,maryrocha@yahoomail.com,Transgender,India,Punjab,Sargodha,966462,Married,Postgraduate Degree
4225,Candice Hawkins,2025-01-28,candicehawkins@yahoomail.com,Female,India,Sikkim,Gangtok,167736,Single,Master's Degree
4226,Abra Villarreal,2023-11-12,abravillarreal6291@gmail.com,Male,India,Lakshadweep,Kavaratti,646458,Divorced,Master's Degree
4227,Channing Wright,2025-02-19,channingwright@gmail.com,Female,United States,Illinois,Naperville,540742,Married,Master's Degree
4228,Lamar Bird,2024-01-29,lamarbird@gmail.com,Female,United States,Maryland,Gaithersburg,241256,Single,Postgraduate Degree
4229,Troy Sutton,2023-06-28,troysutton2920@ymail.com,Female,India,Chhattisgarh,Raipur,994996,Married,Bachelor's Degree
4230,Abel Roman,2023-10-16,abelroman2070@yahoomail.com,Transgender,India,Chandigarh,Chandigarh,732416,Single,Bachelor's Degree
4231,Meghan Lee,2023-04-06,meghanlee@gmail.com,Male,United States,Louisiana,Metairie,460857,Common Law,Master's Degree
4232,Signe Potter,2023-12-03,signepotter@yahoomail.com,Transgender,United States,Minnesota,Saint Paul,722204,Married,Bachelor's Degree
4233,Neville Wood,2024-11-02,nevillewood7780@yahoomail.com,Male,India,Delhi,Delhi,338951,Married,Bachelor's Degree
4234,Uta Arnold,2024-06-01,utaarnold@gmail.com,Female,India,Haryana,Hisar,486430,Married,Bachelor's Degree
4235,Nevada Colon,2024-03-06,nevadacolon@yahoomail.com,Transgender,United States,Iowa,Iowa City,268936,Divorced,Postgraduate Degree
4236,Karina Anderson,2023-12-01,karinaanderson@ymail.com,Female,United States,Iowa,Des Moines,819461,Common Law,Bachelor's Degree
4237,Cynthia Sullivan,2023-10-01,cynthiasullivan773@gmail.com,Transgender,India,Uttarakhand,Haridwar,176760,Married,Master's Degree
4238,George Christensen,2024-01-22,georgechristensen347@gmail.com,Transgender,United States,Virginia,Richmond,319391,Single,Bachelor's Degree
4239,Tiger Tanner,2024-12-10,tigertanner@gmail.com,Male,United States,Oklahoma,Norman,492374,Single,Postgraduate Degree
4240,Lacy Dale,2024-06-13,lacydale2063@yahoomail.com,Male,India,Bihar,Sasaram,311471,Married,Bachelor's Degree
4241,Ava Stanton,2024-10-21,avastanton@yahoomail.com,Male,United States,Alaska,College,254875,Single,Master's Degree
4242,Maite Barr,2025-01-22,maitebarr@gmail.com,Transgender,India,Karnataka,Hubli,373927,Divorced,Bachelor's Degree
4243,Vielka O'donnell,2024-03-01,vielkaodonnell@yahoomail.com,Male,India,Odisha,Cuttack,914056,Married,Bachelor's Degree
4244,Octavius Wiggins,2023-11-27,octaviuswiggins@yahoomail.com,Female,India,Punjab,Wazirabad,622686,Single,Master's Degree
4245,Kirestin Scott,2024-02-05,kirestinscott6041@gmail.com,Female,India,Arunachal Pradesh,Itanagar,879584,Married,Postgraduate Degree
4246,Hashim Barker,2025-02-17,hashimbarker1858@ymail.com,Male,India,Uttarakhand,Dehradun,836375,Married,Postgraduate Degree
4247,Maia Chen,2023-08-21,maiachen@ymail.com,Female,India,Manipur,Imphal,568751,Single,Bachelor's Degree
4248,Tad Franklin,2025-01-02,tadfranklin493@ymail.com,Female,India,Karnataka,Hubli,660046,Single,Postgraduate Degree
4249,Bertha Gonzales,2023-08-20,berthagonzales1040@ymail.com,Male,India,Goa,Panjim,231985,Married,Master's Degree
4250,Pandora Clements,2023-04-22,pandoraclements5776@gmail.com,Female,India,Andhra Pradesh,Ongole,976784,Single,Bachelor's Degree
4251,Leroy Hall,2024-05-13,leroyhall3386@gmail.com,Transgender,India,Uttarakhand,Haridwar,766562,Married,Postgraduate Degree
4252,Quinn Spears,2024-12-10,quinnspears1921@gmail.com,Female,India,Punjab,Patiala,261593,Married,Master's Degree
4253,Jackson Bean,2024-06-25,jacksonbean@ymail.com,Female,United States,Wyoming,Cheyenne,608633,Single,Bachelor's Degree
4254,Ifeoma Blankenship,2024-06-12,ifeomablankenship4776@yahoomail.com,Male,United States,Georgia,Columbus,446041,Common Law,Master's Degree
4255,Kitra Stanton,2023-06-11,kitrastanton4344@yahoomail.com,Transgender,United States,Ohio,Cleveland,551008,Married,Postgraduate Degree
4256,Hayes Baxter,2023-09-13,hayesbaxter@gmail.com,Female,India,Gujarat,Patan,185389,Common Law,Master's Degree
4257,Rhiannon Livingston,2025-03-25,rhiannonlivingston@gmail.com,Transgender,United States,Oregon,Salem,440082,Single,Postgraduate Degree
4258,Desirae Conrad,2023-06-01,desiraeconrad5826@ymail.com,Female,India,Lakshadweep,Kavaratti,913319,Married,Bachelor's Degree
4259,Carolyn Alford,2023-09-16,carolynalford3503@ymail.com,Female,India,Tripura,Agartala,565377,Married,Master's Degree
4260,Cadman Martin,2023-09-16,cadmanmartin@gmail.com,Transgender,United States,Delaware,Dover,226027,Married,Master's Degree
4261,Sydnee Norman,2024-09-15,sydneenorman4179@ymail.com,Transgender,United States,Missouri,Saint Louis,103975,Common Law,Bachelor's Degree
4262,Rhonda Hanson,2024-05-02,rhondahanson@yahoomail.com,Female,India,Jharkhand,Hazaribag,463860,Common Law,Postgraduate Degree
4263,Lane Marks,2023-04-20,lanemarks767@yahoomail.com,Female,India,Bihar,Dehri,529266,Single,Master's Degree
4264,Wylie Delaney,2024-11-02,wyliedelaney7056@gmail.com,Male,United States,Michigan,Flint,874084,Married,Master's Degree
4265,Jenette Neal,2025-01-04,jenetteneal5251@yahoomail.com,Female,United States,Minnesota,Rochester,700567,Married,Bachelor's Degree
4266,Shelly Glass,2023-11-15,shellyglass@yahoomail.com,Male,United States,Vermont,Burlington,357246,Common Law,Master's Degree
4267,Mikayla Jackson,2024-08-03,mikaylajackson5022@yahoomail.com,Female,United States,Virginia,Chesapeake,560021,Single,Master's Degree
4268,Kelsey Holt,2024-09-03,kelseyholt@gmail.com,Male,United States,Virginia,Norfolk,771232,Single,Postgraduate Degree
4269,Cynthia Hansen,2024-10-07,cynthiahansen3802@gmail.com,Male,India,Chhattisgarh,Bhilai,231811,Common Law,Master's Degree
4270,Abdul Lindsay,2023-05-01,abdullindsay@ymail.com,Female,United States,Delaware,Newark,791372,Single,Master's Degree
4271,Kathleen Long,2023-12-15,kathleenlong@gmail.com,Female,United States,Texas,Austin,755695,Single,Bachelor's Degree
4272,Kennedy Gonzales,2023-11-08,kennedygonzales2792@gmail.com,Male,United States,Kansas,Topeka,783414,Divorced,Postgraduate Degree
4273,Irma Lopez,2023-11-26,irmalopez7223@ymail.com,Transgender,United States,Texas,Fort Worth,447313,Divorced,Master's Degree
4274,Barry Patton,2024-04-04,barrypatton6386@yahoomail.com,Transgender,India,Nagaland,Kohima,279892,Divorced,Bachelor's Degree
4275,Michelle Mueller,2024-11-22,michellemueller2168@ymail.com,Transgender,India,Lakshadweep,Kavaratti,967369,Common Law,Master's Degree
4276,Francis Brady,2024-11-20,francisbrady@gmail.com,Transgender,India,Chandigarh,Chandigarh,727888,Divorced,Bachelor's Degree
4277,Whitney Crane,2024-01-19,whitneycrane@ymail.com,Male,United States,Indiana,Indianapolis,802446,Married,Master's Degree
4278,Zelenia Sweeney,2024-10-17,zeleniasweeney@gmail.com,Male,United States,Oklahoma,Norman,391282,Divorced,Postgraduate Degree
4279,Alika Hooper,2023-05-25,alikahooper@ymail.com,Female,United States,Kansas,Topeka,223399,Married,Bachelor's Degree
4280,Davis Ford,2023-09-05,davisford846@ymail.com,Transgender,India,Manipur,Imphal,815727,Divorced,Bachelor's Degree
4281,Roanna Mccullough,2024-03-04,roannamccullough2999@ymail.com,Male,India,Andaman and Nicobar Islands,Port Blair,795534,Divorced,Bachelor's Degree
4282,Shaine Burch,2024-10-25,shaineburch7213@ymail.com,Male,United States,Alaska,Anchorage,395348,Divorced,Postgraduate Degree
4283,Lyle Whitaker,2025-01-12,lylewhitaker9855@gmail.com,Female,United States,Arkansas,Jonesboro,174323,Married,Bachelor's Degree
4284,Athena Juarez,2023-10-28,athenajuarez2107@ymail.com,Transgender,United States,Delaware,Pike Creek,557179,Divorced,Postgraduate Degree
4285,Burke Herring,2023-07-03,burkeherring@ymail.com,Female,United States,Ohio,Cleveland,911056,Common Law,Master's Degree
4286,Dale Fitzgerald,2023-06-02,dalefitzgerald3348@ymail.com,Female,United States,Connecticut,Waterbury,280004,Common Law,Bachelor's Degree
4287,Zane Cannon,2024-12-30,zanecannon@ymail.com,Transgender,India,West Bengal,Barrackpur,537326,Single,Bachelor's Degree
4288,Quinn Anthony,2024-12-03,quinnanthony@gmail.com,Female,United States,Georgia,Savannah,199168,Divorced,Bachelor's Degree
4289,Gavin Sears,2023-09-05,gavinsears9195@ymail.com,Female,India,Maharastra,Miraj,412242,Divorced,Bachelor's Degree
4290,Warren Hernandez,2024-04-01,warrenhernandez@ymail.com,Female,United States,Tennessee,Chattanooga,311957,Common Law,Postgraduate Degree
4291,Rebekah Chaney,2024-09-03,rebekahchaney@gmail.com,Transgender,India,Odisha,Puri,645989,Common Law,Bachelor's Degree
4292,Keiko Hogan,2023-11-16,keikohogan@gmail.com,Transgender,United States,Oregon,Portland,144288,Single,Bachelor's Degree
4293,Kai O'Neill,2023-05-30,kaioneill5940@gmail.com,Male,United States,Montana,Butte,680125,Single,Bachelor's Degree
4294,Theodore Clark,2024-05-01,theodoreclark@gmail.com,Female,United States,Arizona,Mesa,379828,Married,Bachelor's Degree
4295,Yoshio Tyson,2023-09-20,yoshiotyson@ymail.com,Female,India,Odisha,Sambalpur,370861,Single,Bachelor's Degree
4296,Jada Bradshaw,2023-04-09,jadabradshaw7239@yahoomail.com,Female,United States,Florida,Orlando,187656,Divorced,Postgraduate Degree
4297,Ivy Buck,2023-04-22,ivybuck@gmail.com,Transgender,India,Mizoram,Aizwal,389682,Married,Bachelor's Degree
4298,Elvis Bean,2025-02-16,elvisbean321@gmail.com,Transgender,India,Lakshadweep,Kavaratti,240980,Single,Bachelor's Degree
4299,Serena Chambers,2024-09-08,serenachambers9618@ymail.com,Female,United States,Louisiana,Lafayette,564313,Married,Postgraduate Degree
4300,Odysseus Flynn,2025-03-06,odysseusflynn17@ymail.com,Transgender,United States,Nevada,Henderson,715483,Divorced,Bachelor's Degree
4301,Dominic Cameron,2023-08-02,dominiccameron31@ymail.com,Male,United States,Georgia,Columbus,700730,Common Law,Master's Degree
4302,Eugenia Guerra,2023-10-26,eugeniaguerra@ymail.com,Female,United States,Oregon,Portland,483309,Divorced,Postgraduate Degree
4303,Desiree Valencia,2023-07-01,desireevalencia6276@yahoomail.com,Transgender,United States,Montana,Billings,270689,Divorced,Bachelor's Degree
4304,Aphrodite Leach,2024-07-03,aphroditeleach@gmail.com,Female,India,Manipur,Imphal,864274,Single,Bachelor's Degree
4305,Emily Carpenter,2023-11-22,emilycarpenter8733@yahoomail.com,Female,United States,Wyoming,Wyoming,823698,Married,Postgraduate Degree
4306,Cecilia Valentine,2023-07-29,ceciliavalentine606@yahoomail.com,Female,United States,Ohio,Toledo,758224,Married,Bachelor's Degree
4307,Brody Brown,2023-12-01,brodybrown@gmail.com,Female,United States,Texas,San Antonio,637450,Divorced,Bachelor's Degree
4308,Daniel Buchanan,2025-02-26,danielbuchanan3740@ymail.com,Male,India,Andhra Pradesh,Qutubullapur,293815,Single,Postgraduate Degree
4309,Graham Noble,2024-04-15,grahamnoble@yahoomail.com,Male,United States,Minnesota,Minneapolis,399902,Divorced,Master's Degree
4310,Joshua Leonard,2023-11-06,joshualeonard3340@yahoomail.com,Female,United States,Arizona,Phoenix,440545,Divorced,Postgraduate Degree
4311,Cairo Pratt,2023-10-05,cairopratt1650@gmail.com,Transgender,India,Chandigarh,Chandigarh,412537,Common Law,Master's Degree
4312,Thane Nicholson,2025-03-13,thanenicholson7478@ymail.com,Transgender,United States,Nevada,Las Vegas,832869,Divorced,Postgraduate Degree
4313,Michael Espinoza,2023-10-03,michaelespinoza@yahoomail.com,Transgender,India,Odisha,Cuttack,222165,Divorced,Postgraduate Degree
4314,Hilel Scott,2025-01-20,hilelscott4574@yahoomail.com,Female,United States,Kentucky,Lexington,917493,Single,Bachelor's Degree
4315,Lillith Lawson,2023-08-05,lillithlawson8080@gmail.com,Male,India,Chhattisgarh,Durg,844695,Single,Master's Degree
4316,Juliet Estes,2023-11-26,julietestes@gmail.com,Female,United States,Wisconsin,Green Bay,686033,Divorced,Master's Degree
4317,Quail Dunlap,2025-01-02,quaildunlap@yahoomail.com,Transgender,United States,Nevada,North Las Vegas,869271,Single,Master's Degree
4318,Catherine Mercer,2023-09-28,catherinemercer@ymail.com,Male,India,Lakshadweep,Kavaratti,203779,Married,Master's Degree
4319,Amanda Schwartz,2023-07-20,amandaschwartz5900@gmail.com,Transgender,United States,Nevada,Paradise,205450,Single,Master's Degree
4320,Kaitlin Noble,2023-07-21,kaitlinnoble2866@ymail.com,Female,United States,Connecticut,Hartford,628947,Common Law,Bachelor's Degree
4321,Ahmed Cummings,2024-10-15,ahmedcummings7808@ymail.com,Transgender,United States,Louisiana,Baton Rouge,325486,Single,Postgraduate Degree
4322,Reese Patrick,2024-02-29,reesepatrick@yahoomail.com,Male,India,Andhra Pradesh,Kakinada,328015,Divorced,Bachelor's Degree
4323,Timon Harrison,2023-11-22,timonharrison5184@yahoomail.com,Transgender,United States,Kentucky,Bowling Green,323012,Common Law,Master's Degree
4324,Devin Carroll,2023-09-15,devincarroll@yahoomail.com,Transgender,United States,Wisconsin,Green Bay,955496,Common Law,Postgraduate Degree
4325,Alexander Washington,2024-10-11,alexanderwashington2814@ymail.com,Female,India,Andaman and Nicobar Islands,Port Blair,413594,Common Law,Bachelor's Degree
4326,Nehru Shaw,2023-07-29,nehrushaw@yahoomail.com,Male,India,Andaman and Nicobar Islands,Port Blair,873701,Divorced,Master's Degree
4327,Freya Frost,2023-08-18,freyafrost@gmail.com,Male,United States,Wyoming,Wyoming,360202,Divorced,Postgraduate Degree
4328,Chadwick Fry,2023-11-01,chadwickfry8420@gmail.com,Female,United States,Maryland,Gaithersburg,994436,Married,Bachelor's Degree
4329,Neville Hardin,2023-06-25,nevillehardin944@ymail.com,Male,India,Meghalaya,Shillong,667192,Married,Master's Degree
4330,Britanni Newman,2024-03-15,britanninewman@gmail.com,Male,India,Manipur,Imphal,544739,Common Law,Master's Degree
4331,Aretha Buck,2024-01-10,arethabuck9584@yahoomail.com,Male,United States,Nebraska,Omaha,563393,Divorced,Master's Degree
4332,May Burton,2023-12-24,mayburton2191@yahoomail.com,Female,India,Chhattisgarh,Raj Nandgaon,406422,Single,Postgraduate Degree
4333,Victor Hewitt,2024-12-27,victorhewitt@yahoomail.com,Transgender,United States,Washington,Spokane,865145,Common Law,Postgraduate Degree
4334,Shaine Haynes,2024-02-13,shainehaynes2665@ymail.com,Female,United States,Missouri,Independence,666555,Common Law,Bachelor's Degree
4335,Akeem Mathews,2023-10-29,akeemmathews1706@ymail.com,Transgender,United States,Connecticut,New Haven,288705,Common Law,Master's Degree
4336,MacKenzie Moore,2024-09-27,mackenziemoore@gmail.com,Transgender,United States,California,Los Angeles,652671,Married,Bachelor's Degree
4337,Xenos Gentry,2024-08-03,xenosgentry2401@ymail.com,Male,United States,Iowa,Des Moines,272896,Common Law,Bachelor's Degree
4338,Jameson Berry,2023-08-08,jamesonberry@yahoomail.com,Transgender,United States,Alabama,Montgomery,650703,Married,Postgraduate Degree
4339,Keith Cannon,2023-05-03,keithcannon4970@gmail.com,Male,United States,Virginia,Virginia Beach,353494,Common Law,Postgraduate Degree
4340,Maggy Snow,2024-01-26,maggysnow2860@yahoomail.com,Transgender,United States,Kentucky,Bowling Green,695668,Married,Master's Degree
4341,Kennan Booth,2023-12-22,kennanbooth8419@ymail.com,Male,United States,Indiana,Evansville,942617,Single,Bachelor's Degree
4342,Anjolie Holmes,2023-11-10,anjolieholmes9550@gmail.com,Male,India,Uttarakhand,Haridwar,607445,Single,Master's Degree
4343,Montana Armstrong,2024-07-20,montanaarmstrong@gmail.com,Female,United States,Alabama,Montgomery,147657,Single,Bachelor's Degree
4344,Steven Kidd,2024-01-23,stevenkidd@gmail.com,Male,United States,Iowa,Iowa City,511421,Married,Master's Degree
4345,Myra Ellis,2024-05-17,myraellis@ymail.com,Female,United States,Wisconsin,Madison,776895,Married,Master's Degree
4346,Mufutau Lynn,2024-02-13,mufutaulynn@ymail.com,Female,United States,Virginia,Norfolk,208017,Married,Master's Degree
4347,Angela Ruiz,2024-05-03,angelaruiz8103@gmail.com,Male,India,Rajasthan,Bikaner,551326,Married,Master's Degree
4348,Evelyn Wynn,2024-07-01,evelynwynn@gmail.com,Transgender,United States,Maine,Bangor,922828,Common Law,Master's Degree
4349,Fay Terrell,2023-12-19,fayterrell@yahoomail.com,Male,India,Gujarat,Navsari,718838,Single,Postgraduate Degree
4350,Charissa Browning,2024-12-15,charissabrowning1413@gmail.com,Male,United States,Florida,Orlando,689612,Common Law,Bachelor's Degree
4351,Kelly Miller,2023-07-01,kellymiller3837@gmail.com,Transgender,United States,Virginia,Virginia Beach,247691,Divorced,Master's Degree
4352,Maia Hendrix,2024-06-04,maiahendrix250@ymail.com,Male,United States,Pennsylvania,Harrisburg,195545,Single,Bachelor's Degree
4353,Gillian Sanders,2023-10-25,gilliansanders2248@yahoomail.com,Transgender,United States,Idaho,Meridian,607664,Single,Bachelor's Degree
4354,Naida Foley,2024-02-19,naidafoley@yahoomail.com,Male,India,Bihar,Katihar,433849,Single,Bachelor's Degree
4355,Dara Chan,2024-06-03,darachan3620@yahoomail.com,Male,India,Odisha,Puri,712500,Divorced,Master's Degree
4356,Iris Ochoa,2024-09-04,irisochoa9304@gmail.com,Transgender,United States,Maine,Bangor,581665,Common Law,Postgraduate Degree
4357,Ryan Dalton,2024-01-15,ryandalton3094@ymail.com,Transgender,United States,Oregon,Eugene,767227,Single,Master's Degree
4358,Kelsie Gallagher,2023-09-17,kelsiegallagher5711@gmail.com,Transgender,India,Chhattisgarh,Bhilai,590749,Married,Bachelor's Degree
4359,Mira Summers,2024-11-22,mirasummers@yahoomail.com,Male,India,Chandigarh,Chandigarh,897787,Single,Postgraduate Degree
4360,Ima Valentine,2023-05-14,imavalentine@yahoomail.com,Transgender,United States,Pennsylvania,Philadelphia,749648,Single,Postgraduate Degree
4361,Gwendolyn Figueroa,2024-10-26,gwendolynfigueroa@yahoomail.com,Female,United States,Maryland,Baltimore,773029,Common Law,Postgraduate Degree
4362,Stacy Holder,2024-06-24,stacyholder@ymail.com,Transgender,United States,Montana,Butte,923264,Divorced,Master's Degree
4363,Charde Adkins,2023-06-22,chardeadkins@ymail.com,Female,India,Rajasthan,Kota,392619,Common Law,Master's Degree
4364,Tana Harrison,2024-02-06,tanaharrison@gmail.com,Transgender,India,Chandigarh,Chandigarh,127862,Common Law,Postgraduate Degree
4365,Byron Henderson,2025-01-22,byronhenderson3860@yahoomail.com,Transgender,India,Himachal Pradesh,Shimla,754259,Married,Bachelor's Degree
4366,Regina Nicholson,2023-12-03,reginanicholson@ymail.com,Transgender,United States,Maryland,Baltimore,931094,Common Law,Bachelor's Degree
4367,Giacomo Miller,2025-02-15,giacomomiller7834@gmail.com,Transgender,United States,Alabama,Montgomery,786109,Divorced,Bachelor's Degree
4368,Yoshio Shelton,2024-03-27,yoshioshelton5124@yahoomail.com,Male,India,Assam,Guwahati,162471,Single,Bachelor's Degree
4369,Winifred Woodard,2023-12-21,winifredwoodard6000@yahoomail.com,Female,United States,Arkansas,Springdale,996102,Single,Postgraduate Degree
4370,Anika Bridges,2023-11-16,anikabridges5996@gmail.com,Female,United States,Massachusetts,Worcester,107440,Divorced,Bachelor's Degree
4371,Willow Head,2023-04-24,willowhead@gmail.com,Transgender,United States,Maine,Bangor,819954,Divorced,Bachelor's Degree
4372,Aaron Goodman,2023-10-27,aarongoodman@yahoomail.com,Female,India,Haryana,Hisar,179098,Single,Master's Degree
4373,Urielle Rich,2023-07-08,uriellerich@gmail.com,Female,United States,Oklahoma,Broken Arrow,659008,Common Law,Postgraduate Degree
4374,Tyrone Hopper,2023-09-21,tyronehopper1779@ymail.com,Male,India,Jammu and Kashmir,Jammu,889027,Common Law,Master's Degree
4375,Reed Guerra,2024-08-29,reedguerra@gmail.com,Female,United States,Nebraska,Grand Island,450278,Divorced,Master's Degree
4376,Ezra Brewer,2023-12-16,ezrabrewer@ymail.com,Transgender,India,Maharastra,Jalna,950383,Married,Master's Degree
4377,Brielle Brennan,2023-05-04,briellebrennan@yahoomail.com,Transgender,India,Chhattisgarh,Durg,688025,Divorced,Bachelor's Degree
4378,Judah Wilkerson,2023-06-30,judahwilkerson1777@yahoomail.com,Female,India,Mizoram,Aizwal,719174,Divorced,Master's Degree
4379,Nolan Case,2024-07-23,nolancase8371@ymail.com,Transgender,United States,Nevada,North Las Vegas,753090,Common Law,Bachelor's Degree
4380,Ora Mcclain,2023-08-13,oramcclain@gmail.com,Transgender,United States,Oklahoma,Tulsa,632772,Divorced,Master's Degree
4381,Brent Camacho,2024-07-25,brentcamacho8503@ymail.com,Transgender,India,Jammu and Kashmir,Srinagar,963475,Common Law,Postgraduate Degree
4382,Sasha Copeland,2024-01-10,sashacopeland4028@yahoomail.com,Transgender,India,Tamil Nadu,Kanchipuram,902189,Common Law,Master's Degree
4383,Willa Wolfe,2024-04-06,willawolfe2225@ymail.com,Transgender,United States,Maine,Auburn,977393,Common Law,Master's Degree
4384,Kasimir Spence,2024-01-29,kasimirspence8942@yahoomail.com,Female,United States,Pennsylvania,Pittsburgh,933119,Common Law,Bachelor's Degree
4385,Hayes Pratt,2023-07-18,hayespratt@ymail.com,Female,United States,Indiana,Evansville,901548,Married,Master's Degree
4386,Brynne Pickett,2025-03-09,brynnepickett1017@gmail.com,Female,India,Rajasthan,Alwar,697583,Married,Postgraduate Degree
4387,Jada Vazquez,2024-02-25,jadavazquez8856@ymail.com,Male,India,Chandigarh,Chandigarh,833279,Divorced,Postgraduate Degree
4388,Chaim Blevins,2023-05-29,chaimblevins3830@gmail.com,Male,India,Bihar,Gaya,335046,Single,Master's Degree
4389,Ulla Rojas,2023-09-09,ullarojas@gmail.com,Female,United States,Ohio,Toledo,947797,Single,Master's Degree
4390,Kai Maddox,2023-10-03,kaimaddox268@gmail.com,Female,India,Andhra Pradesh,Tenali,554711,Single,Master's Degree
4391,Jaquelyn Morin,2024-09-17,jaquelynmorin8161@gmail.com,Transgender,United States,Arkansas,Little Rock,305959,Single,Master's Degree
4392,Tatyana Fleming,2023-05-02,tatyanafleming3040@ymail.com,Female,United States,Mississippi,Jackson,228208,Common Law,Postgraduate Degree
4393,Mohammad Noel,2023-06-07,mohammadnoel@yahoomail.com,Female,United States,Iowa,Iowa City,770945,Single,Postgraduate Degree
4394,Lesley Riddle,2024-03-17,lesleyriddle@gmail.com,Female,United States,Florida,Tampa,618862,Single,Master's Degree
4395,Daphne Cabrera,2023-12-28,daphnecabrera8204@yahoomail.com,Male,United States,Mississippi,Hattiesburg,171554,Divorced,Bachelor's Degree
4396,Anjolie Payne,2025-02-12,anjoliepayne@ymail.com,Female,United States,Utah,Provo,172005,Single,Postgraduate Degree
4397,Orlando Cunningham,2023-12-02,orlandocunningham@gmail.com,Transgender,United States,Nevada,North Las Vegas,380405,Common Law,Postgraduate Degree
4398,Fitzgerald Barry,2024-11-08,fitzgeraldbarry@gmail.com,Transgender,United States,Tennessee,Nashville,808077,Divorced,Bachelor's Degree
4399,Meghan Matthews,2023-09-09,meghanmatthews680@yahoomail.com,Male,India,Rajasthan,Alwar,162465,Single,Postgraduate Degree
4400,Tallulah Sheppard,2024-12-05,tallulahsheppard3170@ymail.com,Male,India,Arunachal Pradesh,Itanagar,722497,Common Law,Master's Degree
4401,Ryder Copeland,2024-02-06,rydercopeland2386@ymail.com,Female,India,Manipur,Imphal,729099,Divorced,Postgraduate Degree
4402,Lila Pugh,2023-09-21,lilapugh7261@yahoomail.com,Female,India,Assam,Guwahati,532696,Divorced,Postgraduate Degree
4403,Chancellor Marshall,2024-12-21,chancellormarshall3818@yahoomail.com,Male,India,West Bengal,Uttarpara-Kotrung,631913,Divorced,Bachelor's Degree
4404,Doris Osborn,2023-06-04,dorisosborn5765@ymail.com,Female,India,Dadra and Nagar Haveli,Silvassa,846374,Divorced,Bachelor's Degree
4405,Ursula Simmons,2024-12-17,ursulasimmons9059@gmail.com,Transgender,United States,Delaware,Dover,834753,Common Law,Bachelor's Degree
4406,Kiara Lucas,2024-11-16,kiaralucas2767@gmail.com,Transgender,India,Sikkim,Gangtok,799075,Divorced,Master's Degree
4407,Jerome Morales,2023-09-03,jeromemorales@gmail.com,Female,India,Chhattisgarh,Raigarh,370330,Married,Bachelor's Degree
4408,Emery Foley,2023-08-19,emeryfoley992@ymail.com,Transgender,United States,Nebraska,Grand Island,153398,Married,Postgraduate Degree
4409,Mallory Charles,2023-09-15,mallorycharles2816@gmail.com,Transgender,India,Rajasthan,Tonk,749171,Common Law,Bachelor's Degree
4410,Lucy Hendricks,2024-02-11,lucyhendricks@ymail.com,Male,United States,Nebraska,Omaha,689080,Divorced,Master's Degree
4411,Amery Schroeder,2023-06-01,ameryschroeder@ymail.com,Transgender,India,Assam,Guwahati,131211,Divorced,Bachelor's Degree
4412,Phillip Baldwin,2023-08-21,phillipbaldwin3603@gmail.com,Female,India,Jammu and Kashmir,Srinagar,366551,Married,Bachelor's Degree
4413,Edward Harmon,2024-09-10,edwardharmon9356@gmail.com,Female,United States,Alabama,Mobile,333477,Married,Bachelor's Degree
4414,Buffy Rocha,2024-12-23,buffyrocha@gmail.com,Male,United States,Utah,West Jordan,215658,Divorced,Postgraduate Degree
4415,Chandler Lloyd,2024-09-21,chandlerlloyd@ymail.com,Transgender,United States,Virginia,Newport News,758944,Divorced,Bachelor's Degree
4416,Zachary Dixon,2024-11-23,zacharydixon@ymail.com,Male,India,Tamil Nadu,Ambattur,534372,Common Law,Postgraduate Degree
4417,Dorothy Adams,2024-12-16,dorothyadams2495@gmail.com,Transgender,United States,Arizona,Chandler,384099,Single,Postgraduate Degree
4418,Ifeoma Rojas,2024-07-26,ifeomarojas1784@ymail.com,Female,United States,Missouri,Kansas City,148594,Married,Postgraduate Degree
4419,Blossom Harvey,2025-03-13,blossomharvey5547@yahoomail.com,Transgender,India,Rajasthan,Kota,238679,Single,Bachelor's Degree
4420,William Roberts,2023-09-03,williamroberts@ymail.com,Male,United States,Wyoming,Laramie,983736,Divorced,Postgraduate Degree
4421,Patience Maynard,2024-01-03,patiencemaynard@gmail.com,Transgender,India,Delhi,Delhi,851452,Single,Master's Degree
4422,Rhea Jenkins,2023-11-13,rheajenkins@yahoomail.com,Transgender,United States,Alaska,Juneau,994693,Married,Bachelor's Degree
4423,Dillon Aguilar,2025-02-11,dillonaguilar@gmail.com,Female,India,Nagaland,Kohima,783138,Single,Postgraduate Degree
4424,Nathaniel Robbins,2023-08-23,nathanielrobbins4276@gmail.com,Female,United States,Kansas,Olathe,210878,Divorced,Postgraduate Degree
4425,Lucy Finley,2023-06-09,lucyfinley5798@ymail.com,Male,India,Mizoram,Aizwal,499831,Married,Master's Degree
4426,Dale Lopez,2025-02-23,dalelopez@ymail.com,Transgender,India,Jammu and Kashmir,Srinagar,214480,Married,Bachelor's Degree
4427,Dustin Kirby,2024-08-21,dustinkirby4419@gmail.com,Male,India,Dadra and Nagar Haveli,Silvassa,539535,Divorced,Postgraduate Degree
4428,Craig Kerr,2024-08-16,craigkerr@yahoomail.com,Male,United States,Montana,Butte,350808,Common Law,Bachelor's Degree
4429,Sarah Weeks,2023-07-10,sarahweeks1192@ymail.com,Male,India,Bihar,Muzaffarpur,926039,Divorced,Master's Degree
4430,Todd Kerr,2023-04-28,toddkerr2977@gmail.com,Transgender,India,Punjab,Bahawalpur,198230,Divorced,Postgraduate Degree
4431,Kasper Conway,2024-12-20,kasperconway2266@yahoomail.com,Female,United States,Illinois,Springfield,200433,Single,Bachelor's Degree
4432,Wendy Wilcox,2023-05-10,wendywilcox@yahoomail.com,Transgender,India,Assam,Silchar,627895,Single,Master's Degree
4433,Risa Sloan,2025-03-27,risasloan2383@gmail.com,Transgender,India,Nagaland,Kohima,296489,Common Law,Bachelor's Degree
4434,Quon Michael,2025-03-25,quonmichael6313@gmail.com,Female,India,Haryana,Sonipat,215387,Married,Master's Degree
4435,Claire Horn,2024-02-24,clairehorn424@gmail.com,Female,United States,Nevada,Paradise,410951,Divorced,Bachelor's Degree
4436,Burton Hensley,2024-10-10,burtonhensley2773@ymail.com,Female,India,Chhattisgarh,Raj Nandgaon,124937,Single,Master's Degree
4437,Meredith Snow,2024-09-03,meredithsnow@gmail.com,Female,India,Andhra Pradesh,Nandyal,104679,Common Law,Postgraduate Degree
4438,Kellie Hopkins,2024-04-29,kelliehopkins@gmail.com,Female,India,Mizoram,Aizwal,679622,Single,Bachelor's Degree
4439,Indigo Chavez,2023-04-23,indigochavez@ymail.com,Female,United States,Utah,Salt Lake City,157722,Single,Postgraduate Degree
4440,Aspen Burnett,2024-10-03,aspenburnett6672@yahoomail.com,Female,United States,Utah,Salt Lake City,387292,Single,Master's Degree
4441,Cara Boyd,2023-09-21,caraboyd@gmail.com,Male,United States,Oregon,Salem,246322,Single,Master's Degree
4442,Simon Wade,2024-03-16,simonwade3779@yahoomail.com,Transgender,India,Jharkhand,Purulia,339055,Common Law,Bachelor's Degree
4443,Gavin Robinson,2024-02-03,gavinrobinson@gmail.com,Female,United States,Delaware,Bear,613008,Common Law,Bachelor's Degree
4444,Nicole Green,2025-01-09,nicolegreen1953@yahoomail.com,Female,India,Madhya Pradesh,Khandwa,617553,Common Law,Master's Degree
4445,Kay Hampton,2023-10-02,kayhampton@ymail.com,Male,India,Nagaland,Kohima,862667,Divorced,Postgraduate Degree
4446,Jessamine Waters,2023-12-12,jessaminewaters@gmail.com,Female,India,Maharastra,Bhir,996274,Single,Master's Degree
4447,Whitney Montoya,2024-05-29,whitneymontoya@gmail.com,Male,India,West Bengal,Habra,327983,Common Law,Master's Degree
4448,Amela Le,2023-07-09,amelale@gmail.com,Transgender,United States,Maryland,Gaithersburg,945310,Married,Master's Degree
4449,Forrest Harmon,2023-09-14,forrestharmon6796@gmail.com,Transgender,India,Jammu and Kashmir,Jammu,107179,Divorced,Bachelor's Degree
4450,Lilah Delaney,2024-03-14,lilahdelaney@gmail.com,Transgender,India,Delhi,Delhi,137416,Divorced,Postgraduate Degree
4451,Adrienne Melendez,2024-03-19,adriennemelendez6647@yahoomail.com,Transgender,United States,Arkansas,Fayetteville,103411,Common Law,Bachelor's Degree
4452,Olga Huffman,2024-04-13,olgahuffman@gmail.com,Female,India,Jammu and Kashmir,Srinagar,802724,Common Law,Master's Degree
4453,Chandler Shelton,2023-05-02,chandlershelton9473@gmail.com,Female,India,Uttarakhand,Dehradun,558438,Married,Postgraduate Degree
4454,Ila Lowe,2024-07-05,ilalowe1016@yahoomail.com,Female,United States,Idaho,Boise,866724,Single,Postgraduate Degree
4455,Aurora Roy,2023-11-03,auroraroy@ymail.com,Female,United States,Florida,Tallahassee,731304,Married,Bachelor's Degree
4456,Dorian Miles,2023-04-10,dorianmiles4860@gmail.com,Female,India,Dadra and Nagar Haveli,Silvassa,285732,Divorced,Bachelor's Degree
4457,Cora Buckner,2024-02-17,corabuckner7657@yahoomail.com,Female,United States,Louisiana,Shreveport,101335,Common Law,Bachelor's Degree
4458,Evan Huffman,2023-09-05,evanhuffman7768@yahoomail.com,Transgender,India,Lakshadweep,Kavaratti,263999,Common Law,Master's Degree
4459,Martena Barry,2023-12-27,martenabarry@gmail.com,Transgender,United States,Utah,Provo,793719,Married,Postgraduate Degree
4460,Destiny Mclaughlin,2024-07-28,destinymclaughlin2869@gmail.com,Female,United States,Minnesota,Duluth,272496,Divorced,Master's Degree
4461,Gay Fry,2023-10-19,gayfry3781@yahoomail.com,Male,United States,Kansas,Wichita,477657,Common Law,Master's Degree
4462,Noah Boyer,2024-01-28,noahboyer9213@gmail.com,Male,India,Madhya Pradesh,Damoh,371503,Married,Postgraduate Degree
4463,Penelope Hammond,2023-09-08,penelopehammond@ymail.com,Transgender,India,Andhra Pradesh,Eluru,424669,Common Law,Master's Degree
4464,Callie Brewer,2024-02-14,calliebrewer@gmail.com,Male,India,Delhi,Delhi,775994,Divorced,Bachelor's Degree
4465,Jeanette Franklin,2023-11-13,jeanettefranklin4507@yahoomail.com,Female,United States,Vermont,Essex,890443,Common Law,Master's Degree
4466,Ann Horton,2024-03-17,annhorton7658@ymail.com,Transgender,United States,Nebraska,Grand Island,775323,Divorced,Master's Degree
4467,Porter Alston,2024-09-06,porteralston@yahoomail.com,Transgender,India,Gujarat,Nadiad,984716,Common Law,Bachelor's Degree
4468,Elijah Richard,2024-06-08,elijahrichard2840@yahoomail.com,Female,India,Sikkim,Gangtok,657073,Single,Bachelor's Degree
4469,Cole Casey,2024-10-27,colecasey6289@ymail.com,Female,India,Nagaland,Kohima,825910,Single,Postgraduate Degree
4470,Yvette Harrell,2023-07-03,yvetteharrell5256@yahoomail.com,Male,United States,Tennessee,Memphis,757252,Common Law,Postgraduate Degree
4471,Octavius Frazier,2024-04-28,octaviusfrazier@ymail.com,Male,United States,Nevada,Paradise,862393,Divorced,Bachelor's Degree
4472,Rina Nicholson,2023-09-06,rinanicholson790@ymail.com,Transgender,India,Meghalaya,Shillong,939693,Divorced,Master's Degree
4473,Griffin Wade,2024-03-02,griffinwade@gmail.com,Male,United States,Pennsylvania,Erie,280357,Divorced,Postgraduate Degree
4474,Eagan Simpson,2024-04-04,eagansimpson@yahoomail.com,Male,India,Uttar Pradesh,Meerut,202697,Divorced,Postgraduate Degree
4475,Lewis Roman,2024-11-11,lewisroman@ymail.com,Female,India,Dadra and Nagar Haveli,Silvassa,544640,Married,Bachelor's Degree
4476,Natalie Robles,2024-04-18,natalierobles@ymail.com,Male,United States,Missouri,Independence,459320,Common Law,Postgraduate Degree
4477,Kelly Holden,2025-02-18,kellyholden4328@ymail.com,Female,United States,Utah,Sandy,807696,Divorced,Postgraduate Degree
4478,Hanae Parsons,2024-04-14,hanaeparsons519@gmail.com,Transgender,India,Manipur,Imphal,686477,Married,Master's Degree
4479,Lacy Perez,2024-08-16,lacyperez4265@gmail.com,Male,United States,Ohio,Akron,357425,Divorced,Master's Degree
4480,Chase Norris,2024-01-01,chasenorris7901@gmail.com,Male,United States,Connecticut,Hartford,103365,Married,Master's Degree
4481,Phelan Burnett,2024-08-22,phelanburnett5083@ymail.com,Transgender,India,Andaman and Nicobar Islands,Port Blair,639204,Divorced,Bachelor's Degree
4482,Ethan Lloyd,2024-06-09,ethanlloyd1537@gmail.com,Transgender,United States,Alabama,Birmingham,759076,Single,Bachelor's Degree
4483,Kiona Key,2024-06-08,kionakey@yahoomail.com,Transgender,United States,Michigan,Lansing,393033,Divorced,Postgraduate Degree
4484,Xander Gay,2023-04-02,xandergay7182@gmail.com,Male,India,Rajasthan,Ajmer,211765,Common Law,Postgraduate Degree
4485,Hedwig Gordon,2024-02-10,hedwiggordon4485@yahoomail.com,Female,United States,Wisconsin,Madison,852570,Common Law,Bachelor's Degree
4486,September Knapp,2024-07-01,septemberknapp7349@ymail.com,Male,India,Sikkim,Gangtok,923020,Divorced,Postgraduate Degree
4487,Cassidy George,2025-01-11,cassidygeorge@yahoomail.com,Male,United States,Colorado,Aurora,347291,Common Law,Postgraduate Degree
4488,Kaitlin Holcomb,2025-02-19,kaitlinholcomb@ymail.com,Transgender,India,Goa,Panjim,984635,Common Law,Bachelor's Degree
4489,Lyle Pennington,2025-01-09,lylepennington@ymail.com,Male,United States,Illinois,Joliet,904146,Common Law,Bachelor's Degree
4490,Hiroko Zimmerman,2023-04-05,hirokozimmerman5663@gmail.com,Male,United States,Texas,San Antonio,430149,Divorced,Bachelor's Degree
4491,Brooke Hansen,2024-06-10,brookehansen6697@ymail.com,Transgender,India,Madhya Pradesh,Rewa,756019,Common Law,Postgraduate Degree
4492,Seth Forbes,2025-01-26,sethforbes@yahoomail.com,Male,India,Sikkim,Gangtok,181457,Married,Postgraduate Degree
4493,Adam Ingram,2023-05-13,adamingram@gmail.com,Transgender,United States,Vermont,Rutland,150308,Married,Bachelor's Degree
4494,Wade Farmer,2025-03-01,wadefarmer5266@ymail.com,Male,India,Nagaland,Kohima,175860,Divorced,Master's Degree
4495,Dennis Stanton,2024-07-23,dennisstanton@ymail.com,Female,India,Rajasthan,Pali,538068,Single,Bachelor's Degree
4496,Callie Dunn,2023-05-13,calliedunn@gmail.com,Male,India,Gujarat,Rajkot,200037,Common Law,Postgraduate Degree
4497,Addison Shaffer,2025-01-02,addisonshaffer@yahoomail.com,Transgender,United States,Mississippi,Jackson,277965,Married,Bachelor's Degree
4498,Kylie Greer,2023-10-28,kyliegreer2423@yahoomail.com,Female,India,Pondicherry,Pondicherry,286967,Divorced,Postgraduate Degree
4499,Lavinia Pittman,2023-12-28,laviniapittman8782@gmail.com,Female,United States,Oklahoma,Broken Arrow,368092,Common Law,Master's Degree
4500,Lesley Sargent,2024-02-16,lesleysargent7895@gmail.com,Transgender,India,Maharastra,Mira Bhayandar,605678,Divorced,Master's Degree
