id,name,dob,email,gender,country,region,city,asset,marital_status
501,Kirk Rowland,2024-01-09,kirkrowland@gmail.com,Transgender,United States,Wisconsin,Kenosha,731878,Single
502,Donna Rosales,2023-12-30,donnarosales1733@yahoomail.com,Male,India,Sikkim,Gangtok,939575,Divorced
503,Sheila Reid,2023-12-13,sheilareid@ymail.com,Female,India,Odisha,Sambalpur,866956,Divorced
504,Bianca Contreras,2023-08-17,biancacontreras9312@ymail.com,Transgender,India,Jammu and Kashmir,Srinagar,513981,Married
505,Emery Patton,2023-06-28,emerypatton9526@ymail.com,Female,India,Dadra and Nagar Haveli,Silvassa,138629,Married
506,Diana Nolan,2025-03-20,diananolan@ymail.com,Male,India,Jharkhand,Purulia,746325,Single
507,Isabelle Dodson,2025-02-12,isabelledodson8818@yahoomail.com,Transgender,India,Tripura,Agartala,968098,Married
508,Veda Eaton,2024-12-24,vedaeaton7004@yahoomail.com,Female,United States,Arkansas,Jonesboro,598092,Married
509,Brennan Byers,2025-01-10,brennanbyers2137@gmail.com,Male,India,Manipur,Imphal,701899,Single
510,Yoko Potter,2023-12-16,yokopotter@gmail.com,Male,India,Dadra and Nagar Haveli,Silvassa,923360,Single
511,Cora Hicks,2024-01-15,corahicks@yahoomail.com,Male,India,Andhra Pradesh,Kakinada,727316,Single
512,Britanni Mullins,2024-01-25,britannimullins4076@gmail.com,Male,India,Daman and Diu,Daman,218471,Married
513,Chancellor Palmer,2024-06-23,chancellorpalmer@yahoomail.com,Transgender,India,Pondicherry,Pondicherry,920621,Married
514,Kalia Marsh,2023-10-06,kaliamarsh@yahoomail.com,Male,India,Chhattisgarh,Raigarh,554393,Single
515,Fuller West,2023-09-12,fullerwest@yahoomail.com,Transgender,India,Kerala,Cochin,578979,Common Law
516,Vernon Cruz,2023-04-13,vernoncruz93@ymail.com,Female,United States,Hawaii,Hilo,565467,Single
517,Cherokee Griffith,2023-10-20,cherokeegriffith@ymail.com,Male,India,Manipur,Imphal,393036,Married
518,Buckminster Kemp,2024-07-12,buckminsterkemp8363@ymail.com,Female,United States,Kansas,Wichita,243543,Divorced
519,Brandon Saunders,2023-04-09,brandonsaunders4074@ymail.com,Transgender,India,Tripura,Agartala,475808,Divorced
520,Darius Houston,2023-04-27,dariushouston@yahoomail.com,Transgender,United States,Montana,Helena,867075,Divorced
521,Nichole Gonzalez,2024-01-31,nicholegonzalez4908@gmail.com,Transgender,India,Jammu and Kashmir,Srinagar,970496,Married
522,Aquila Wilson,2025-01-18,aquilawilson@yahoomail.com,Transgender,United States,Colorado,Denver,682034,Divorced
523,Olga Calhoun,2024-10-04,olgacalhoun@gmail.com,Transgender,United States,Ohio,Cincinnati,395349,Common Law
524,Jamalia Lancaster,2024-04-18,jamalialancaster1881@ymail.com,Female,India,Maharastra,Kalyan,589110,Single
525,Camden Reid,2023-10-21,camdenreid@gmail.com,Transgender,India,Jammu and Kashmir,Srinagar,626762,Married
526,Christopher Chang,2023-04-20,christopherchang4367@gmail.com,Male,India,West Bengal,Ashoknagar-Kalyangarh,459046,Single
527,Allistair Talley,2025-01-12,allistairtalley3251@ymail.com,Male,India,Sikkim,Gangtok,317251,Married
528,Willow Whitley,2024-04-27,willowwhitley@gmail.com,Female,United States,Tennessee,Nashville,775622,Married
529,Charity Griffith,2023-04-04,charitygriffith@ymail.com,Transgender,India,Uttar Pradesh,Hathras,945999,Married
530,Hoyt Alvarez,2023-12-12,hoytalvarez5554@gmail.com,Female,United States,Idaho,Pocatello,546691,Common Law
531,Sydney Maxwell,2023-04-04,sydneymaxwell@ymail.com,Male,India,Daman and Diu,Daman,199899,Common Law
532,Malcolm Day,2024-06-16,malcolmday@gmail.com,Female,India,Jammu and Kashmir,Jammu,216859,Common Law
533,Kamal Hatfield,2023-09-15,kamalhatfield@yahoomail.com,Transgender,India,Tamil Nadu,Avadi,421356,Married
534,Allistair Dixon,2024-08-11,allistairdixon9759@gmail.com,Transgender,India,Jharkhand,Hazaribag,434752,Divorced
535,Vance Maldonado,2024-01-20,vancemaldonado@ymail.com,Transgender,India,Bihar,Patna,269879,Single
536,Bree Collier,2023-08-05,breecollier6597@ymail.com,Male,India,Arunachal Pradesh,Itanagar,510819,Common Law
537,Jada Acosta,2023-12-03,jadaacosta8312@gmail.com,Transgender,United States,Nevada,Paradise,997001,Common Law
538,Rahim Brady,2024-08-14,rahimbrady9987@ymail.com,Transgender,United States,Maine,Auburn,209743,Common Law
539,Colette Camacho,2023-11-21,colettecamacho@ymail.com,Transgender,United States,Kentucky,Covington,650433,Divorced
540,Quinlan Cochran,2023-09-13,quinlancochran@ymail.com,Male,United States,Louisiana,Lafayette,257454,Common Law
541,Melodie Cole,2023-08-07,melodiecole1661@yahoomail.com,Male,United States,Nebraska,Kearney,295821,Married
542,Brendan Guy,2024-02-02,brendanguy@gmail.com,Male,India,Uttarakhand,Haridwar,414126,Common Law
543,Freya Sanford,2023-07-11,freyasanford8558@ymail.com,Female,United States,Florida,Tampa,832769,Divorced
544,Theodore Padilla,2024-06-27,theodorepadilla1561@ymail.com,Male,United States,Indiana,Gary,289119,Single
545,Thaddeus May,2024-07-12,thaddeusmay@yahoomail.com,Female,India,Pondicherry,Pondicherry,265269,Married
546,Chanda Francis,2023-07-20,chandafrancis@yahoomail.com,Female,India,Daman and Diu,Daman,803542,Common Law
547,Kalia Maddox,2023-08-11,kaliamaddox6814@gmail.com,Transgender,India,West Bengal,Haldia,515846,Married
548,Leila Martin,2024-02-22,leilamartin@gmail.com,Male,United States,Maryland,Gaithersburg,277880,Single
549,Janna Tate,2024-07-20,jannatate@yahoomail.com,Female,India,Jammu and Kashmir,Srinagar,287320,Married
550,Zelda Kline,2024-02-27,zeldakline6777@ymail.com,Female,India,Assam,Dibrugarh,201636,Married
551,Neville Hull,2024-09-10,nevillehull@yahoomail.com,Male,India,Daman and Diu,Daman,109425,Single
552,Colt Nixon,2024-12-28,coltnixon@yahoomail.com,Female,United States,Missouri,Springfield,744515,Divorced
553,Shaine Shelton,2024-10-26,shaineshelton@yahoomail.com,Male,United States,Oklahoma,Tulsa,407725,Single
554,Astra Henson,2025-02-08,astrahenson7963@gmail.com,Male,India,Sikkim,Gangtok,517775,Single
555,Reece Keith,2024-12-12,reecekeith2409@gmail.com,Male,India,Tripura,Agartala,736044,Common Law
556,Cadman Wilkinson,2024-08-11,cadmanwilkinson@gmail.com,Female,India,Meghalaya,Shillong,431724,Single
557,Ross Tucker,2024-05-07,rosstucker@yahoomail.com,Male,United States,Tennessee,Memphis,360704,Single
558,Tasha Branch,2024-12-15,tashabranch@yahoomail.com,Female,India,Lakshadweep,Kavaratti,237219,Common Law
559,Emerson Pollard,2024-08-20,emersonpollard8195@yahoomail.com,Male,India,Gujarat,Surat,895959,Divorced
560,Armando Pace,2024-06-19,armandopace6835@yahoomail.com,Transgender,India,Daman and Diu,Daman,772010,Divorced
561,Jason Mayer,2024-09-02,jasonmayer@gmail.com,Transgender,India,Jharkhand,Bokaro Steel City,954273,Common Law
562,Marshall Dillon,2023-10-11,marshalldillon5192@gmail.com,Female,United States,Tennessee,Clarksville,855129,Single
563,Daquan Crosby,2024-02-02,daquancrosby@yahoomail.com,Male,India,Daman and Diu,Daman,313493,Divorced
564,Mannix Lamb,2025-01-04,mannixlamb@ymail.com,Female,United States,Vermont,Burlington,790089,Single
565,Palmer Hayden,2024-03-09,palmerhayden6765@gmail.com,Male,India,Himachal Pradesh,Shimla,316238,Married
566,Aaron Schultz,2024-03-08,aaronschultz@ymail.com,Male,India,Chhattisgarh,Korba,328900,Married
567,Bevis Chan,2024-05-23,bevischan@ymail.com,Male,India,Chandigarh,Chandigarh,570409,Single
568,Herman Frazier,2024-04-30,hermanfrazier7353@ymail.com,Transgender,India,Arunachal Pradesh,Itanagar,935558,Single
569,Prescott Hardin,2023-04-30,prescotthardin@gmail.com,Female,United States,Oregon,Eugene,560189,Single
570,Myra York,2023-04-13,myrayork@gmail.com,Male,United States,Alabama,Tuscaloosa,917346,Married
571,Leah Finley,2023-04-14,leahfinley6982@gmail.com,Female,India,Himachal Pradesh,Shimla,956730,Single
572,Palmer Stark,2023-08-12,palmerstark@ymail.com,Female,India,Andhra Pradesh,Hindupur,154344,Single
573,Xaviera Michael,2025-03-22,xavieramichael@gmail.com,Transgender,United States,Montana,Missoula,728595,Single
574,Echo Kaufman,2024-02-26,echokaufman@yahoomail.com,Transgender,United States,Arizona,Tucson,214804,Married
575,Nora Avery,2024-09-12,noraavery3912@yahoomail.com,Transgender,India,Meghalaya,Shillong,742257,Single
576,Clinton Wilkinson,2024-02-02,clintonwilkinson@gmail.com,Male,United States,Nevada,Las Vegas,696414,Divorced
577,Bo Riddle,2024-09-26,boriddle@ymail.com,Transgender,India,Haryana,Ambala Sadar,195145,Married
578,Harper Henson,2024-05-12,harperhenson9116@yahoomail.com,Transgender,India,Dadra and Nagar Haveli,Silvassa,724471,Divorced
579,Macon Michael,2024-01-17,maconmichael4759@ymail.com,Transgender,United States,Maryland,Annapolis,265790,Common Law
580,Connor Oneal,2024-02-17,connoroneal@yahoomail.com,Transgender,India,Karnataka,Bangalore,162901,Divorced
581,Ira Key,2023-12-31,irakey@ymail.com,Male,India,Lakshadweep,Kavaratti,615865,Single
582,Isabella Floyd,2023-04-21,isabellafloyd@ymail.com,Transgender,India,Sikkim,Gangtok,524683,Single
583,Cecilia Jordan,2023-05-25,ceciliajordan796@yahoomail.com,Male,India,Tripura,Agartala,240606,Married
584,Quamar Baxter,2024-10-09,quamarbaxter5435@yahoomail.com,Male,United States,Louisiana,Metairie,524220,Single
585,Brady Warren,2023-09-05,bradywarren9727@gmail.com,Female,India,Uttar Pradesh,Gorakhpur,649990,Divorced
586,Duncan Rollins,2023-04-17,duncanrollins@ymail.com,Transgender,India,Mizoram,Aizwal,100814,Divorced
587,Cole Wall,2024-06-17,colewall5946@gmail.com,Transgender,United States,Mississippi,Jackson,168760,Married
588,Colleen Griffin,2023-10-12,colleengriffin7520@gmail.com,Female,India,Karnataka,Hospet,293911,Married
589,Myra Delgado,2024-08-05,myradelgado@gmail.com,Female,India,Bihar,Bettiah,316460,Common Law
590,Tyrone Gutierrez,2024-09-30,tyronegutierrez@gmail.com,Transgender,United States,Mississippi,Biloxi,911749,Married
591,Ira Dixon,2023-09-17,iradixon3612@ymail.com,Male,India,Rajasthan,Bikaner,682602,Single
592,Omar Brock,2024-02-25,omarbrock4853@yahoomail.com,Transgender,United States,Ohio,Akron,675413,Single
593,Mufutau Frederick,2024-02-27,mufutaufrederick4509@yahoomail.com,Male,United States,Arkansas,Little Rock,452172,Common Law
594,Heidi Elliott,2024-04-19,heidielliott2470@ymail.com,Transgender,India,Nagaland,Kohima,713803,Single
595,Vivien Everett,2025-03-02,vivieneverett@yahoomail.com,Male,United States,Missouri,Columbia,769246,Common Law
596,Jillian Robertson,2023-05-16,jillianrobertson@ymail.com,Transgender,United States,Alaska,Ketchikan,914945,Single
597,Summer Chambers,2024-04-28,summerchambers@yahoomail.com,Female,India,Pondicherry,Pondicherry,454715,Common Law
598,Ruby Goodman,2024-02-29,rubygoodman3686@yahoomail.com,Male,India,Dadra and Nagar Haveli,Silvassa,776399,Single
599,Wyatt Watkins,2024-07-10,wyattwatkins8576@gmail.com,Transgender,United States,Maryland,Columbia,482368,Single
600,Keaton Camacho,2023-06-15,keatoncamacho2992@gmail.com,Female,India,Jammu and Kashmir,Srinagar,516460,Married
601,Hilary Simpson,2024-05-23,hilarysimpson7364@gmail.com,Transgender,United States,Missouri,Columbia,850521,Divorced
602,Octavia Mcclain,2023-07-24,octaviamcclain@gmail.com,Transgender,United States,California,San Jose,194098,Married
603,Joan Whitney,2023-04-04,joanwhitney9836@ymail.com,Transgender,India,Madhya Pradesh,Morena,818001,Single
604,Jerry Fernandez,2023-06-15,jerryfernandez1038@ymail.com,Transgender,United States,Wisconsin,Madison,348811,Single
605,Evan Harper,2024-09-11,evanharper@yahoomail.com,Transgender,United States,Mississippi,Hattiesburg,992256,Single
606,Ria Drake,2024-07-24,riadrake3008@yahoomail.com,Transgender,United States,Arkansas,Fort Smith,909157,Single
607,Lars Navarro,2024-11-03,larsnavarro6775@gmail.com,Male,United States,Connecticut,Stamford,954943,Divorced
608,Sonya Morris,2024-01-29,sonyamorris@yahoomail.com,Transgender,United States,Virginia,Virginia Beach,657610,Single
609,Shea Pugh,2023-05-09,sheapugh@gmail.com,Female,India,Sikkim,Gangtok,252008,Married
610,Olympia Cherry,2024-09-03,olympiacherry@ymail.com,Female,United States,Missouri,Columbia,830370,Single
611,Quentin Sweet,2024-12-05,quentinsweet@yahoomail.com,Female,India,Rajasthan,Ajmer,218254,Single
612,Chester Rowe,2024-05-20,chesterrowe@gmail.com,Male,United States,Kentucky,Covington,869406,Married
613,Jelani Battle,2024-06-29,jelanibattle6026@yahoomail.com,Female,United States,Colorado,Fort Collins,545098,Married
614,Montana Riggs,2023-03-29,montanariggs3281@ymail.com,Male,United States,Illinois,Chicago,368590,Married
615,Lucian English,2024-03-21,lucianenglish@gmail.com,Female,India,Manipur,Imphal,333173,Single
616,Lucius Glass,2025-02-08,luciusglass905@yahoomail.com,Female,United States,Arizona,Mesa,279496,Single
617,Ayanna Lawson,2023-06-23,ayannalawson@gmail.com,Transgender,India,Madhya Pradesh,Gwalior,133607,Single
618,Jakeem French,2023-05-03,jakeemfrench@ymail.com,Female,India,Assam,Silchar,291590,Married
619,Allistair Silva,2023-12-13,allistairsilva@ymail.com,Male,United States,Ohio,Toledo,677050,Common Law
620,Arsenio Baxter,2023-04-15,arseniobaxter3237@gmail.com,Female,United States,Utah,West Jordan,900055,Married
621,Myra Carrillo,2024-10-10,myracarrillo@yahoomail.com,Male,United States,Connecticut,Bridgeport,714060,Common Law
622,Indigo Stuart,2023-11-02,indigostuart@ymail.com,Transgender,United States,Kansas,Topeka,113763,Divorced
623,Kevin Ferrell,2023-05-24,kevinferrell@gmail.com,Female,India,Jammu and Kashmir,Srinagar,780090,Divorced
624,Otto Morgan,2023-10-03,ottomorgan9229@yahoomail.com,Transgender,United States,Minnesota,Saint Paul,977506,Married
625,Claire Barry,2024-10-05,clairebarry3333@ymail.com,Female,India,Pondicherry,Pondicherry,419812,Divorced
626,Uriah Matthews,2023-04-22,uriahmatthews@gmail.com,Male,India,Maharastra,Kolhapur,341587,Common Law
627,Isabelle Beck,2025-02-28,isabellebeck@yahoomail.com,Male,India,Arunachal Pradesh,Itanagar,917209,Common Law
628,Stuart Mueller,2024-03-09,stuartmueller4333@gmail.com,Male,United States,Nevada,Carson City,994224,Single
629,Noel Bates,2024-06-27,noelbates4746@yahoomail.com,Transgender,India,Maharastra,Bhiwandi,718293,Single
630,Uriel Hoover,2025-02-13,urielhoover@yahoomail.com,Male,India,Uttar Pradesh,Sambhal,144599,Common Law
631,Plato Bowen,2024-02-14,platobowen9648@ymail.com,Male,India,Dadra and Nagar Haveli,Silvassa,673583,Common Law
632,Amber Richmond,2024-04-01,amberrichmond@yahoomail.com,Female,India,Bihar,Dehri,219872,Married
633,Jarrod Hopkins,2024-05-01,jarrodhopkins7656@ymail.com,Male,India,Haryana,Ambala Sadar,357664,Married
634,Octavius Rocha,2023-10-11,octaviusrocha89@gmail.com,Transgender,United States,Nebraska,Lincoln,399072,Single
635,Denise Nieves,2024-03-08,denisenieves6440@yahoomail.com,Male,India,Andaman and Nicobar Islands,Port Blair,155089,Single
636,Kieran Webb,2024-03-17,kieranwebb8174@yahoomail.com,Male,India,Tamil Nadu,Palayankottai,417417,Married
637,Raven Pate,2024-04-09,ravenpate@yahoomail.com,Male,India,Arunachal Pradesh,Itanagar,384075,Divorced
638,Lisandra Hopper,2024-07-12,lisandrahopper7766@yahoomail.com,Female,United States,Idaho,Boise,383197,Married
639,Levi Saunders,2023-05-05,levisaunders@ymail.com,Transgender,United States,Indiana,Indianapolis,400939,Divorced
640,Vanna Baxter,2023-12-12,vannabaxter@yahoomail.com,Male,India,Rajasthan,Beawar,283850,Divorced
641,Avram Rivas,2025-02-19,avramrivas282@gmail.com,Transgender,India,Himachal Pradesh,Shimla,392100,Divorced
642,Darius Bradshaw,2025-01-04,dariusbradshaw@ymail.com,Female,United States,Kansas,Kansas City,943049,Single
643,Lareina Blake,2024-11-12,lareinablake3963@yahoomail.com,Male,United States,Iowa,Iowa City,824737,Single
644,Kasper Vasquez,2023-09-07,kaspervasquez1235@ymail.com,Male,India,West Bengal,Rishra,878672,Married
645,Isaiah Sanders,2024-09-15,isaiahsanders460@ymail.com,Female,India,Haryana,Sirsa,500351,Single
646,Brenna England,2024-04-28,brennaengland@gmail.com,Transgender,United States,Wyoming,Casper,703342,Married
647,Melyssa Dillon,2024-08-19,melyssadillon9123@ymail.com,Transgender,India,Andaman and Nicobar Islands,Port Blair,871886,Common Law
648,Ursula Shields,2025-02-15,ursulashields@ymail.com,Male,India,Pondicherry,Pondicherry,564334,Common Law
649,Kenyon Cooke,2023-11-18,kenyoncooke519@ymail.com,Transgender,India,Odisha,Cuttack,839610,Divorced
650,Cade Marshall,2023-07-11,cademarshall6056@yahoomail.com,Male,United States,Iowa,Sioux City,785583,Married
651,Connor Lane,2023-09-05,connorlane2512@gmail.com,Male,United States,Pennsylvania,Allentown,352497,Married
652,Brennan Beck,2024-07-22,brennanbeck1056@ymail.com,Male,India,Himachal Pradesh,Shimla,953841,Single
653,Dolan Molina,2024-02-12,dolanmolina@ymail.com,Male,India,Bihar,Bhagalpur,738739,Married
654,Zephr Snyder,2023-09-15,zephrsnyder@yahoomail.com,Transgender,India,Lakshadweep,Kavaratti,660052,Single
655,Evelyn O'brien,2025-01-09,evelynobrien4859@ymail.com,Transgender,United States,Illinois,Chicago,562145,Single
656,Maxine Estes,2024-05-03,maxineestes4876@gmail.com,Male,India,Daman and Diu,Daman,391880,Married
657,Lawrence Small,2023-07-22,lawrencesmall@gmail.com,Male,United States,Kansas,Overland Park,328779,Married
658,Zephania Salinas,2025-03-01,zephaniasalinas@ymail.com,Male,India,Assam,Guwahati,661719,Divorced
659,Samantha Barlow,2024-11-25,samanthabarlow9642@ymail.com,Male,India,Pondicherry,Pondicherry,881220,Divorced
660,Nichole Lester,2024-02-15,nicholelester@yahoomail.com,Transgender,United States,Texas,Houston,245854,Single
661,Patience Joyce,2023-08-23,patiencejoyce@gmail.com,Female,United States,Connecticut,New Haven,822555,Divorced
662,Jamalia Witt,2025-03-27,jamaliawitt@yahoomail.com,Female,India,Jharkhand,Purulia,918264,Single
663,Carolyn Huff,2024-01-04,carolynhuff@gmail.com,Female,India,Bihar,Patna,171222,Married
664,Guinevere Miranda,2023-10-28,guineveremiranda@yahoomail.com,Male,India,Uttar Pradesh,Etawah,425974,Common Law
665,Lance Aguilar,2024-10-12,lanceaguilar@yahoomail.com,Male,United States,Oregon,Portland,145409,Common Law
666,Sydney Anthony,2024-05-01,sydneyanthony@yahoomail.com,Female,United States,Nebraska,Kearney,195613,Divorced
667,Charissa Barlow,2024-09-27,charissabarlow6021@ymail.com,Male,India,Daman and Diu,Daman,630473,Divorced
668,Ryder Velez,2024-09-18,rydervelez8297@yahoomail.com,Male,United States,Florida,Jacksonville,144188,Married
669,Eugenia Harrington,2024-04-18,eugeniaharrington3947@yahoomail.com,Female,United States,Michigan,Lansing,303748,Married
670,Kessie Holloway,2023-07-12,kessieholloway@gmail.com,Male,India,Punjab,Hafizabad,597668,Common Law
671,Otto Duncan,2024-06-09,ottoduncan@gmail.com,Transgender,India,Nagaland,Kohima,808104,Divorced
672,Jonas Spence,2023-08-22,jonasspence1494@yahoomail.com,Female,United States,Oregon,Salem,148548,Single
673,Omar Leonard,2023-06-07,omarleonard@yahoomail.com,Male,United States,Mississippi,Gulfport,580546,Married
674,Uma Harper,2024-05-09,umaharper8041@gmail.com,Transgender,India,Assam,Silchar,336053,Divorced
675,Christopher Wheeler,2024-08-12,christopherwheeler@yahoomail.com,Transgender,United States,Alabama,Birmingham,481935,Divorced
676,Jackson Rich,2023-04-20,jacksonrich@gmail.com,Male,United States,Oklahoma,Lawton,618547,Common Law
677,Yetta Howe,2023-04-04,yettahowe@yahoomail.com,Female,United States,Hawaii,Kapolei,119418,Divorced
678,Mallory Walsh,2023-05-02,mallorywalsh1486@yahoomail.com,Male,United States,Utah,Sandy,145638,Common Law
679,Darius Ballard,2024-10-28,dariusballard4192@gmail.com,Male,United States,Utah,Provo,410859,Married
680,Akeem Ortega,2023-04-07,akeemortega@yahoomail.com,Female,India,Manipur,Imphal,908929,Married
681,Gareth Wilder,2023-09-16,garethwilder@ymail.com,Transgender,India,Haryana,Faridabad,914405,Single
682,Harriet Washington,2023-04-04,harrietwashington4196@yahoomail.com,Transgender,India,Uttar Pradesh,Moradabad,437881,Single
683,Branden Schwartz,2023-11-25,brandenschwartz6956@ymail.com,Female,India,Delhi,Delhi,559822,Single
684,Sawyer Witt,2024-10-10,sawyerwitt2200@gmail.com,Female,United States,Oregon,Gresham,917913,Common Law
685,Blossom Dodson,2025-02-11,blossomdodson1716@gmail.com,Transgender,India,Kerala,Kozhikode,695459,Common Law
686,Caleb Stark,2024-03-13,calebstark@gmail.com,Male,United States,Massachusetts,Worcester,244713,Divorced
687,Ahmed Mack,2024-10-07,ahmedmack53@gmail.com,Male,India,Rajasthan,Pali,499810,Divorced
688,Ebony Bauer,2024-05-24,ebonybauer@gmail.com,Male,United States,Alaska,College,760923,Single
689,Jelani Flynn,2024-03-26,jelaniflynn5817@ymail.com,Female,United States,Washington,Vancouver,529437,Divorced
690,Minerva Cummings,2024-08-30,minervacummings2310@ymail.com,Transgender,United States,Louisiana,Shreveport,984848,Common Law
691,Raya Shelton,2023-07-12,rayashelton2127@ymail.com,Female,United States,Vermont,Montpelier,420968,Common Law
692,Jayme Shepherd,2025-01-04,jaymeshepherd7072@gmail.com,Transgender,United States,Indiana,South Bend,265088,Divorced
693,Hiram Roberts,2024-09-04,hiramroberts1740@ymail.com,Transgender,India,Mizoram,Aizwal,661346,Single
694,Guy Roberts,2024-08-26,guyroberts9436@gmail.com,Female,India,Himachal Pradesh,Shimla,200634,Common Law
695,Lester Lyons,2023-10-17,lesterlyons@gmail.com,Female,United States,Indiana,Evansville,472962,Married
696,Damian Lynch,2024-05-04,damianlynch@ymail.com,Female,India,Arunachal Pradesh,Itanagar,175602,Divorced
697,Rogan Morgan,2024-09-09,roganmorgan@ymail.com,Male,India,Odisha,Bhubaneswar,555563,Divorced
698,Yoko Cash,2024-09-21,yokocash7661@yahoomail.com,Male,United States,Indiana,Indianapolis,330043,Single
699,Levi Mckee,2024-08-02,levimckee@yahoomail.com,Transgender,India,Uttar Pradesh,Faizabad,522646,Married
700,Jason Valentine,2025-02-28,jasonvalentine2805@gmail.com,Transgender,United States,Ohio,Toledo,653789,Divorced
701,Arsenio Meyer,2023-12-11,arseniomeyer@gmail.com,Transgender,United States,Florida,Tallahassee,504740,Common Law
702,Paloma Hopkins,2024-06-09,palomahopkins3253@ymail.com,Female,India,Nagaland,Kohima,884002,Married
703,Ronan Mcdonald,2024-09-13,ronanmcdonald@gmail.com,Female,United States,Nevada,North Las Vegas,268197,Divorced
704,John Owen,2024-10-29,johnowen3899@ymail.com,Female,United States,Maryland,Rockville,395134,Common Law
705,James Reilly,2024-12-02,jamesreilly8650@yahoomail.com,Male,India,Kerala,Allappuzha,994234,Single
706,Wing Jordan,2023-09-12,wingjordan9079@yahoomail.com,Transgender,India,Jharkhand,Purulia,639016,Married
707,Abra Farrell,2023-05-13,abrafarrell@yahoomail.com,Male,United States,Montana,Great Falls,947437,Married
708,Xandra Maxwell,2024-08-26,xandramaxwell@ymail.com,Male,United States,Ohio,Akron,370225,Common Law
709,Harlan Curtis,2024-08-21,harlancurtis@ymail.com,Transgender,United States,Arkansas,Fayetteville,768628,Married
710,Mia Nguyen,2024-04-17,mianguyen8239@gmail.com,Female,United States,Indiana,Indianapolis,974905,Single
711,Ryan Deleon,2023-12-05,ryandeleon@gmail.com,Male,India,Meghalaya,Shillong,445692,Married
712,Rana Bailey,2023-11-12,ranabailey7795@yahoomail.com,Female,United States,Arizona,Tucson,326340,Common Law
713,Shad Stewart,2023-09-07,shadstewart2830@ymail.com,Transgender,United States,Indiana,Fort Wayne,178381,Divorced
714,Daryl Davis,2024-04-14,daryldavis@yahoomail.com,Transgender,United States,Maine,Bangor,296759,Single
715,Clio Long,2024-11-25,cliolong@yahoomail.com,Male,India,Jharkhand,Bokaro Steel City,153542,Married
716,Rhonda Solis,2023-09-11,rhondasolis6925@ymail.com,Male,United States,Wyoming,Gillette,715781,Single
717,Gavin Barrett,2024-03-14,gavinbarrett1769@gmail.com,Transgender,United States,Alabama,Birmingham,182108,Common Law
718,Kalia Kerr,2023-12-26,kaliakerr@yahoomail.com,Transgender,India,Maharastra,Wardha,224108,Common Law
719,Eaton Brewer,2023-04-27,eatonbrewer538@gmail.com,Female,India,Sikkim,Gangtok,597019,Divorced
720,Erasmus Waller,2023-09-24,erasmuswaller@ymail.com,Male,India,West Bengal,Berhampore,901863,Married
721,Freya David,2023-10-24,freyadavid3618@gmail.com,Transgender,United States,Georgia,Georgia,690412,Married
722,Arden Wilson,2024-03-31,ardenwilson@ymail.com,Female,United States,Florida,Orlando,404817,Married
723,Brandon Aguirre,2024-02-06,brandonaguirre@ymail.com,Male,India,Punjab,Kasur,953319,Married
724,Callie Humphrey,2025-02-05,calliehumphrey@yahoomail.com,Transgender,India,Goa,Panjim,910048,Divorced
725,Alden Nash,2024-07-10,aldennash@ymail.com,Male,United States,Alabama,Montgomery,411453,Common Law
726,Amanda Thompson,2024-07-25,amandathompson@ymail.com,Male,United States,Colorado,Aurora,674146,Divorced
727,Desirae Gill,2024-11-29,desiraegill@yahoomail.com,Transgender,India,Punjab,Kasur,987536,Single
728,Rachel Weeks,2024-01-09,rachelweeks4741@ymail.com,Male,India,Kerala,Trivandrum,689287,Single
729,Kyra Chen,2023-07-11,kyrachen9586@gmail.com,Transgender,United States,Minnesota,Saint Paul,440175,Common Law
730,Sylvia Wheeler,2025-01-31,sylviawheeler@gmail.com,Transgender,India,West Bengal,Habra,913942,Common Law
731,Jermaine Hoover,2023-05-20,jermainehoover@ymail.com,Male,India,Goa,Panjim,414614,Divorced
732,Kuame Erickson,2024-12-04,kuameerickson@yahoomail.com,Male,India,Gujarat,Bhavnagar,693021,Single
733,Channing Evans,2025-03-14,channingevans@gmail.com,Transgender,India,Tamil Nadu,Thanjavur,471750,Common Law
734,Ferdinand Barrett,2025-02-07,ferdinandbarrett@ymail.com,Transgender,United States,Maryland,Frederick,286107,Married
735,Beau Peck,2023-12-20,beaupeck@gmail.com,Male,India,Sikkim,Gangtok,338903,Divorced
736,Dolan Black,2024-12-20,dolanblack1633@ymail.com,Female,India,Uttarakhand,Haridwar,168489,Married
737,Brendan Foster,2024-01-10,brendanfoster7918@gmail.com,Female,India,Delhi,Delhi,980659,Common Law
738,Gemma Buchanan,2024-08-02,gemmabuchanan9953@ymail.com,Female,India,Bihar,Patna,235911,Single
739,Hillary Kramer,2024-08-09,hillarykramer@yahoomail.com,Female,United States,Arkansas,Springdale,358710,Divorced
740,Honorato Bowman,2024-06-10,honoratobowman@ymail.com,Male,United States,Montana,Missoula,477397,Married
741,Colt Wood,2023-11-08,coltwood657@yahoomail.com,Male,United States,Wyoming,Casper,883416,Divorced
742,Ramona Tyler,2024-01-13,ramonatyler4502@ymail.com,Male,United States,Colorado,Colorado Springs,294989,Common Law
743,Kenneth King,2023-08-04,kennethking@ymail.com,Male,India,Rajasthan,Pali,886439,Single
744,Minerva Sanders,2024-11-04,minervasanders3153@yahoomail.com,Male,India,Uttar Pradesh,Meerut,725817,Common Law
745,Clarke Lynn,2024-07-30,clarkelynn@gmail.com,Male,India,Delhi,Delhi,500345,Divorced
746,Lila Hicks,2024-03-04,lilahicks8548@yahoomail.com,Transgender,India,Daman and Diu,Daman,523008,Common Law
747,Vanna Rivers,2024-10-09,vannarivers110@gmail.com,Transgender,India,Delhi,Delhi,699824,Divorced
748,Bree Combs,2023-04-03,breecombs606@gmail.com,Female,United States,Iowa,Cedar Rapids,283180,Divorced
749,Elaine Gilbert,2023-12-30,elainegilbert3733@gmail.com,Male,India,Arunachal Pradesh,Itanagar,394466,Married
750,Martin Garcia,2023-09-19,martingarcia6243@yahoomail.com,Male,United States,Alaska,College,135487,Single
751,Irene Petty,2024-08-27,irenepetty3861@ymail.com,Female,India,Lakshadweep,Kavaratti,224389,Single
752,Mikayla Chandler,2024-04-01,mikaylachandler@ymail.com,Female,India,Sikkim,Gangtok,117333,Common Law
753,Quinn Murphy,2024-07-28,quinnmurphy6580@gmail.com,Transgender,United States,Pennsylvania,Harrisburg,353377,Divorced
754,Daria Gates,2025-02-25,dariagates@gmail.com,Female,India,Meghalaya,Shillong,807066,Divorced
755,Vladimir Gordon,2024-10-07,vladimirgordon6155@yahoomail.com,Male,United States,Alaska,Ketchikan,952472,Common Law
756,Victoria Dean,2023-09-27,victoriadean5255@gmail.com,Transgender,United States,Iowa,Iowa City,200756,Single
757,Lucius Clarke,2023-08-05,luciusclarke@ymail.com,Male,India,Meghalaya,Shillong,532774,Common Law
758,Matthew Russell,2023-09-13,matthewrussell9101@gmail.com,Male,United States,Michigan,Sterling Heights,830334,Married
759,Grace Scott,2024-10-10,gracescott8922@gmail.com,Female,India,Dadra and Nagar Haveli,Silvassa,138221,Common Law
760,Gay Weeks,2025-03-13,gayweeks5574@yahoomail.com,Male,India,Mizoram,Aizwal,284771,Common Law
761,Keely Gallagher,2023-08-07,keelygallagher@yahoomail.com,Female,India,Mizoram,Aizwal,612497,Divorced
762,Nigel Vance,2025-01-26,nigelvance5304@ymail.com,Female,United States,Georgia,Atlanta,883589,Single
763,Cara Cummings,2025-01-11,caracummings@yahoomail.com,Male,India,Maharastra,Pimpri-Chinchwad,172420,Married
764,Sonia Hughes,2023-04-08,soniahughes@yahoomail.com,Male,India,Lakshadweep,Kavaratti,915523,Common Law
765,Aphrodite Diaz,2024-06-23,aphroditediaz@yahoomail.com,Male,India,Bihar,Sasaram,105367,Common Law
766,Jaquelyn Hunter,2023-12-01,jaquelynhunter7837@ymail.com,Male,India,Maharastra,Latur,321785,Single
767,Winter Guerrero,2023-08-16,winterguerrero3831@gmail.com,Male,United States,Massachusetts,Springfield,878508,Divorced
768,Vielka Clayton,2024-05-26,vielkaclayton5592@ymail.com,Transgender,India,West Bengal,Basirhat,720684,Single
769,Howard Molina,2024-11-09,howardmolina@ymail.com,Male,India,Uttarakhand,Dehradun,109788,Married
770,Colette Fleming,2024-12-24,colettefleming@gmail.com,Transgender,United States,Nevada,Carson City,931911,Common Law
771,Talon Drake,2025-01-15,talondrake@yahoomail.com,Female,United States,Missouri,Saint Louis,849189,Common Law
772,Xantha Fox,2023-07-19,xanthafox861@yahoomail.com,Female,India,Assam,Silchar,347869,Married
773,Macey Hunt,2023-06-29,maceyhunt@gmail.com,Female,United States,Florida,St. Petersburg,126149,Married
774,Garrison Church,2023-10-26,garrisonchurch1513@gmail.com,Female,United States,Louisiana,New Orleans,381107,Divorced
775,Marah Moran,2024-11-04,marahmoran448@yahoomail.com,Transgender,India,Tamil Nadu,Salem,442087,Divorced
776,Bethany Oneil,2023-07-10,bethanyoneil@ymail.com,Female,United States,Utah,Sandy,933654,Single
777,Abraham Schroeder,2023-06-28,abrahamschroeder@yahoomail.com,Male,India,Tripura,Agartala,383945,Common Law
778,Malachi Clarke,2023-06-01,malachiclarke1451@ymail.com,Female,India,Daman and Diu,Daman,201526,Single
779,Lee Hensley,2024-07-23,leehensley@gmail.com,Female,India,Chandigarh,Chandigarh,722786,Divorced
780,Dorothy Fletcher,2023-07-31,dorothyfletcher3274@gmail.com,Transgender,United States,Colorado,Colorado Springs,281160,Married
781,Travis Luna,2023-04-22,travisluna@yahoomail.com,Male,United States,Georgia,Augusta,774083,Single
782,Brennan Avila,2023-11-07,brennanavila@yahoomail.com,Female,United States,Nebraska,Lincoln,338890,Divorced
783,Lee Gregory,2023-09-16,leegregory@gmail.com,Male,United States,Michigan,Detroit,441592,Divorced
784,Daquan Kent,2023-11-10,daquankent8389@ymail.com,Male,United States,Illinois,Aurora,388822,Single
785,Hyatt Howell,2024-07-04,hyatthowell1676@yahoomail.com,Transgender,India,Kerala,Kozhikode,811688,Common Law
786,Hu Ewing,2024-01-15,huewing9782@yahoomail.com,Female,India,Goa,Panjim,431402,Single
787,Christian Sosa,2024-11-12,christiansosa@gmail.com,Male,India,Odisha,Bhubaneswar,106596,Single
788,Clinton Myers,2024-10-26,clintonmyers@ymail.com,Female,India,Dadra and Nagar Haveli,Silvassa,211345,Married
789,Ainsley Gibson,2023-06-12,ainsleygibson@yahoomail.com,Female,United States,Alaska,Fairbanks,176282,Married
790,Tad Wynn,2024-01-29,tadwynn@gmail.com,Female,United States,Indiana,Fort Wayne,623269,Married
791,Robin Parker,2024-03-10,robinparker@ymail.com,Transgender,India,Dadra and Nagar Haveli,Silvassa,333370,Married
792,Murphy Parks,2024-07-23,murphyparks@yahoomail.com,Male,India,Karnataka,Hubli,431764,Married
793,Larissa Bender,2024-08-31,larissabender@yahoomail.com,Transgender,United States,Virginia,Richmond,622867,Married
794,Aladdin Witt,2023-09-20,aladdinwitt3545@gmail.com,Transgender,United States,Virginia,Newport News,756080,Common Law
795,Simone Sherman,2023-10-07,simonesherman@ymail.com,Male,United States,Maryland,Frederick,395738,Divorced
796,Elizabeth Whitney,2023-07-07,elizabethwhitney9432@gmail.com,Female,India,Punjab,Chiniot,532155,Married
797,Wade Edwards,2024-06-16,wadeedwards8156@yahoomail.com,Female,India,Haryana,Gurgaon,482424,Single
798,Gillian Byrd,2023-06-22,gillianbyrd1979@yahoomail.com,Female,United States,Arkansas,Springdale,824394,Divorced
799,Hall Gamble,2023-07-27,hallgamble518@ymail.com,Male,United States,Alabama,Birmingham,971703,Divorced
800,Grady Wynn,2024-08-27,gradywynn@gmail.com,Male,United States,Alabama,Montgomery,298014,Divorced
801,Audra Clark,2023-11-21,audraclark@yahoomail.com,Male,India,Chhattisgarh,Raigarh,925153,Divorced
802,Shoshana Kramer,2024-03-18,shoshanakramer@yahoomail.com,Female,United States,Maine,Portland,479378,Single
803,Tamara Joyce,2023-06-09,tamarajoyce9794@yahoomail.com,Male,India,Uttarakhand,Haridwar,664963,Divorced
804,Denise Walter,2024-12-13,denisewalter8006@yahoomail.com,Transgender,United States,Maine,Auburn,727774,Married
805,Ashely Mcgee,2023-07-04,ashelymcgee@yahoomail.com,Male,United States,Michigan,Flint,234190,Single
806,Brennan Holloway,2023-09-25,brennanholloway@gmail.com,Female,United States,Wyoming,Rock Springs,237032,Single
807,Thane Walters,2023-07-19,thanewalters@gmail.com,Male,India,Lakshadweep,Kavaratti,950172,Common Law
808,Mannix Leonard,2023-06-21,mannixleonard2062@yahoomail.com,Female,India,Chandigarh,Chandigarh,704576,Divorced
809,Amaya Stevens,2023-11-24,amayastevens@gmail.com,Male,United States,Kentucky,Bowling Green,231293,Single
810,Giselle Sykes,2023-07-14,gisellesykes@ymail.com,Male,United States,Montana,Bozeman,621056,Single
811,Dale Edwards,2023-08-16,daleedwards4352@ymail.com,Male,India,Chandigarh,Chandigarh,654864,Common Law
812,Kevyn Langley,2024-01-18,kevynlangley8233@yahoomail.com,Male,United States,Alaska,College,210180,Single
813,Bianca Allen,2024-09-07,biancaallen@ymail.com,Transgender,United States,Mississippi,Gulfport,553055,Married
814,Carl Moody,2024-11-08,carlmoody2814@ymail.com,Female,United States,Utah,West Jordan,798276,Common Law
815,Chester Bishop,2025-03-27,chesterbishop5898@ymail.com,Female,India,Uttarakhand,Dehradun,296025,Common Law
816,Lee Baldwin,2024-05-31,leebaldwin@gmail.com,Male,India,Mizoram,Aizwal,355216,Single
817,Donovan Ruiz,2024-03-08,donovanruiz@gmail.com,Transgender,United States,Idaho,Idaho Falls,824397,Married
818,Zorita Foster,2023-11-24,zoritafoster@ymail.com,Female,India,Pondicherry,Pondicherry,458709,Married
819,Rhona Dunlap,2024-11-23,rhonadunlap5184@gmail.com,Male,United States,Wisconsin,Green Bay,691677,Common Law
820,Chester Harrell,2023-05-12,chesterharrell3782@yahoomail.com,Male,United States,Florida,Tallahassee,999297,Divorced
821,Eugenia Knight,2025-02-20,eugeniaknight3298@gmail.com,Female,United States,Michigan,Warren,163461,Common Law
822,Berk Sharp,2023-04-23,berksharp4216@gmail.com,Male,India,Uttar Pradesh,Orai,649499,Married
823,Cody Schmidt,2023-12-01,codyschmidt2917@ymail.com,Male,India,Gujarat,Godhra,944031,Married
824,Chantale Dejesus,2024-05-29,chantaledejesus8540@ymail.com,Transgender,India,Mizoram,Aizwal,487528,Single
825,Yardley Bailey,2024-06-15,yardleybailey2731@ymail.com,Male,United States,Louisiana,Shreveport,868620,Divorced
826,Kylynn Freeman,2025-01-17,kylynnfreeman8548@ymail.com,Male,India,Mizoram,Aizwal,215457,Common Law
827,Paki Newman,2025-01-21,pakinewman7340@yahoomail.com,Female,United States,Massachusetts,Lowell,235367,Single
828,Merrill Wilson,2024-10-23,merrillwilson@gmail.com,Male,United States,Iowa,Des Moines,675402,Common Law
829,Lee Dunlap,2024-11-07,leedunlap8918@ymail.com,Transgender,India,Arunachal Pradesh,Itanagar,600899,Divorced
830,Dennis Cohen,2024-10-01,denniscohen5093@yahoomail.com,Transgender,India,West Bengal,Rishra,281695,Divorced
831,Brandon Hickman,2023-04-18,brandonhickman@yahoomail.com,Transgender,United States,Colorado,Colorado Springs,654114,Married
832,Isaiah Mcdaniel,2024-02-20,isaiahmcdaniel2507@ymail.com,Male,United States,Florida,Orlando,226480,Married
833,Scott Estrada,2025-02-28,scottestrada@gmail.com,Male,United States,Arizona,Glendale,757415,Single
834,Madison Francis,2023-05-22,madisonfrancis@ymail.com,Female,United States,Oregon,Eugene,780383,Divorced
835,Winifred Hatfield,2025-02-16,winifredhatfield@ymail.com,Transgender,United States,Iowa,Iowa City,183644,Common Law
836,Kyle Slater,2024-08-15,kyleslater@ymail.com,Male,India,Tamil Nadu,Vellore,129425,Common Law
837,Nita Donaldson,2024-08-10,nitadonaldson@gmail.com,Male,United States,Iowa,Davenport,955205,Married
838,Adrian Sampson,2024-11-04,adriansampson@ymail.com,Transgender,India,Madhya Pradesh,Damoh,467798,Single
839,Jakeem French,2024-12-06,jakeemfrench@ymail.com,Male,United States,Virginia,Virginia Beach,416552,Divorced
840,Nolan Whitney,2024-11-14,nolanwhitney9352@ymail.com,Male,India,Arunachal Pradesh,Itanagar,453438,Married
841,Indigo Delacruz,2024-04-05,indigodelacruz@gmail.com,Female,India,Daman and Diu,Daman,179633,Married
842,Patience Gordon,2023-06-30,patiencegordon5583@ymail.com,Transgender,United States,Wisconsin,Kenosha,450103,Common Law
843,Colorado Mooney,2023-05-28,coloradomooney4586@yahoomail.com,Male,India,Chhattisgarh,Durg,394176,Single
844,Bradley Clemons,2023-06-21,bradleyclemons@gmail.com,Transgender,India,Arunachal Pradesh,Itanagar,113936,Married
845,Conan Wolfe,2024-08-14,conanwolfe7537@gmail.com,Female,United States,Colorado,Aurora,423841,Common Law
846,Aidan Rodriguez,2024-10-30,aidanrodriguez8390@gmail.com,Male,United States,Arizona,Mesa,911761,Divorced
847,Valentine Charles,2024-11-07,valentinecharles6161@gmail.com,Male,United States,Virginia,Newport News,540822,Married
848,Odette Ballard,2024-06-26,odetteballard@gmail.com,Transgender,United States,Texas,Houston,374578,Single
849,Madaline English,2024-12-21,madalineenglish555@ymail.com,Male,United States,Indiana,South Bend,950460,Divorced
850,Kalia Moody,2024-02-01,kaliamoody722@ymail.com,Transgender,India,Dadra and Nagar Haveli,Silvassa,729038,Married
851,Gabriel Barron,2024-01-24,gabrielbarron@ymail.com,Female,India,Himachal Pradesh,Shimla,240827,Single
852,Shoshana Barrera,2024-07-09,shoshanabarrera4324@gmail.com,Male,India,Chhattisgarh,Bhilai,999101,Divorced
853,Arsenio Stuart,2025-01-10,arseniostuart@gmail.com,Female,India,Uttarakhand,Haridwar,347787,Married
854,Alden Butler,2024-02-20,aldenbutler@ymail.com,Female,India,Lakshadweep,Kavaratti,310442,Common Law
855,Inga Cox,2023-06-10,ingacox@yahoomail.com,Female,United States,Pennsylvania,Reading,500771,Divorced
856,Hedley Payne,2024-12-02,hedleypayne@gmail.com,Female,India,Assam,Dibrugarh,705434,Single
857,Damon Salinas,2023-07-07,damonsalinas1522@ymail.com,Female,India,Dadra and Nagar Haveli,Silvassa,161157,Common Law
858,Morgan Sellers,2023-09-12,morgansellers418@gmail.com,Female,India,Dadra and Nagar Haveli,Silvassa,686861,Single
859,Jerome Hogan,2024-04-15,jeromehogan625@yahoomail.com,Female,United States,Tennessee,Nashville,492963,Married
860,Sonia Slater,2024-10-26,soniaslater@yahoomail.com,Transgender,India,Punjab,Okara,638701,Married
861,Alma Ramsey,2023-08-16,almaramsey@ymail.com,Male,United States,Delaware,Dover,744644,Married
862,Vanna Harper,2023-07-12,vannaharper@yahoomail.com,Female,United States,Illinois,Naperville,517732,Common Law
863,Wilma Mcmahon,2023-08-21,wilmamcmahon@ymail.com,Male,United States,Missouri,Independence,626105,Married
864,Kim Hammond,2023-06-15,kimhammond2354@yahoomail.com,Female,United States,Georgia,Georgia,409719,Divorced
865,Dexter Acevedo,2023-12-01,dexteracevedo@gmail.com,Transgender,India,Sikkim,Gangtok,953725,Common Law
866,Ulric Miranda,2023-04-24,ulricmiranda4415@gmail.com,Male,India,Bihar,Darbhanga,716436,Divorced
867,Arden Fischer,2025-02-25,ardenfischer@ymail.com,Male,United States,Alabama,Montgomery,281042,Divorced
868,Evangeline Christensen,2024-01-09,evangelinechristensen961@ymail.com,Transgender,United States,Oregon,Portland,511237,Married
869,Kylan Riddle,2023-09-22,kylanriddle@gmail.com,Transgender,United States,Hawaii,Hilo,847902,Divorced
870,Justin Acosta,2024-06-21,justinacosta@gmail.com,Transgender,United States,Virginia,Virginia Beach,840289,Divorced
871,Benjamin Velez,2024-01-03,benjaminvelez@ymail.com,Male,United States,Oklahoma,Norman,568317,Divorced
872,Reagan Bowen,2024-06-10,reaganbowen@gmail.com,Male,India,Tripura,Agartala,414268,Common Law
873,Fritz Henry,2023-09-30,fritzhenry464@yahoomail.com,Female,United States,Virginia,Newport News,410187,Married
874,Noah Howe,2023-11-27,noahhowe4002@ymail.com,Male,United States,Vermont,Colchester,691194,Common Law
875,Hope Beck,2024-10-17,hopebeck2158@gmail.com,Male,India,Bihar,Arrah,180220,Married
876,Hayden Mcclure,2023-08-24,haydenmcclure@gmail.com,Female,India,Tamil Nadu,Neyveli,366526,Common Law
877,Rhonda Hickman,2025-01-14,rhondahickman@ymail.com,Transgender,United States,Michigan,Sterling Heights,355013,Single
878,Karly Burris,2023-03-29,karlyburris7336@yahoomail.com,Female,India,Jharkhand,Mango,159490,Divorced
879,Martin Ward,2024-07-24,martinward@gmail.com,Transgender,India,Chandigarh,Chandigarh,464330,Divorced
880,Whitney Finch,2024-07-16,whitneyfinch@ymail.com,Transgender,India,Andhra Pradesh,Hyderabad,135344,Single
881,Zeph Tanner,2025-03-16,zephtanner6414@yahoomail.com,Female,India,Andhra Pradesh,Qutubullapur,960858,Married
882,Reece Horn,2024-04-11,reecehorn2434@ymail.com,Female,United States,Mississippi,Biloxi,515760,Married
883,Benedict Mclaughlin,2024-07-07,benedictmclaughlin4801@yahoomail.com,Transgender,United States,Mississippi,Biloxi,908586,Divorced
884,Fitzgerald Cooley,2023-12-12,fitzgeraldcooley@gmail.com,Male,United States,Maryland,Annapolis,950378,Divorced
885,Noelani Duncan,2023-11-20,noelaniduncan@gmail.com,Transgender,India,Assam,Silchar,718538,Common Law
886,Eaton Hess,2024-08-07,eatonhess8953@gmail.com,Female,United States,Idaho,Pocatello,629390,Divorced
887,Prescott Fischer,2023-07-02,prescottfischer@yahoomail.com,Male,India,Pondicherry,Pondicherry,789377,Married
888,Flynn Dudley,2025-03-03,flynndudley8287@gmail.com,Male,United States,Michigan,Lansing,757836,Married
889,Dolan Cooley,2023-05-03,dolancooley@ymail.com,Transgender,India,Maharastra,Jalgaon,910387,Single
890,Driscoll Mcclure,2024-07-25,driscollmcclure7917@ymail.com,Male,India,Punjab,Sargodha,664580,Married
891,Hilel Emerson,2024-02-11,hilelemerson8805@gmail.com,Transgender,United States,Iowa,Sioux City,758308,Divorced
892,Nora Chaney,2024-09-12,norachaney605@gmail.com,Male,United States,Wyoming,Cheyenne,586848,Single
893,Dorian Freeman,2023-08-22,dorianfreeman@ymail.com,Female,United States,Oklahoma,Norman,876916,Divorced
894,Salvador Ellis,2025-03-04,salvadorellis1767@gmail.com,Transgender,India,Meghalaya,Shillong,973104,Married
895,Karly Becker,2024-02-22,karlybecker9639@yahoomail.com,Male,India,Odisha,Brahmapur,396939,Common Law
896,Dexter Welch,2023-09-05,dexterwelch1734@yahoomail.com,Female,United States,Mississippi,Jackson,905975,Single
897,Tucker Neal,2025-02-22,tuckerneal@yahoomail.com,Male,United States,Arkansas,Fayetteville,159587,Common Law
898,Gray Torres,2025-02-25,graytorres6294@gmail.com,Female,India,Daman and Diu,Daman,807452,Divorced
899,Wilma Fisher,2023-10-10,wilmafisher@ymail.com,Female,India,Assam,Guwahati,865130,Single
900,Rudyard Jacobson,2023-08-22,rudyardjacobson9511@gmail.com,Transgender,United States,Idaho,Nampa,130822,Single
901,Lucas Clayton,2024-11-11,lucasclayton3025@yahoomail.com,Male,United States,Maine,Auburn,915533,Divorced
902,Rana Shaffer,2023-04-16,ranashaffer@yahoomail.com,Female,United States,Arkansas,Little Rock,443237,Common Law
903,Imani Wilkerson,2024-03-05,imaniwilkerson8953@gmail.com,Male,United States,California,Fresno,628953,Single
904,Dai Sanford,2024-04-04,daisanford@yahoomail.com,Female,United States,Mississippi,Gulfport,424931,Single
905,Isadora Finley,2024-10-16,isadorafinley3302@ymail.com,Transgender,India,Maharastra,Solapur,969073,Single
906,Hakeem Jensen,2024-01-01,hakeemjensen6965@gmail.com,Male,United States,Georgia,Columbus,668579,Divorced
907,Jessica Sampson,2025-03-03,jessicasampson@ymail.com,Female,India,Maharastra,Mira Bhayandar,556610,Divorced
908,Nayda Hodges,2023-07-01,naydahodges1363@ymail.com,Transgender,India,Tamil Nadu,Tiruvarur,494461,Divorced
909,Cairo Coffey,2024-12-22,cairocoffey7033@yahoomail.com,Transgender,United States,Wisconsin,Milwaukee,283903,Common Law
910,Lisandra Rivers,2023-11-21,lisandrarivers9160@yahoomail.com,Male,India,Andaman and Nicobar Islands,Port Blair,171457,Common Law
911,Jaden Serrano,2024-10-29,jadenserrano@ymail.com,Female,India,Bihar,Gaya,732453,Married
912,Kiona Orr,2023-11-30,kionaorr7102@gmail.com,Male,India,Delhi,Delhi,847235,Married
913,Emi Bates,2023-05-21,emibates@gmail.com,Male,United States,Iowa,Des Moines,141382,Married
914,Whilemina Dixon,2023-05-31,whileminadixon@gmail.com,Transgender,United States,Maryland,Annapolis,836366,Divorced
915,Herman Butler,2024-02-06,hermanbutler@ymail.com,Transgender,India,Tripura,Agartala,513543,Single
916,Jasper Acosta,2023-04-02,jasperacosta@ymail.com,Transgender,India,Madhya Pradesh,Rewa,936711,Divorced
917,Neil Wynn,2023-07-31,neilwynn@gmail.com,Transgender,India,Himachal Pradesh,Shimla,393877,Married
918,Devin Mccray,2023-12-17,devinmccray2658@gmail.com,Female,India,Kerala,Kozhikode,438177,Divorced
919,Jordan Knowles,2024-10-30,jordanknowles@gmail.com,Male,India,Assam,Nagaon,176646,Single
920,Genevieve Pena,2024-09-21,genevievepena7397@gmail.com,Female,India,Madhya Pradesh,Bhopal,355665,Divorced
921,Damon Rasmussen,2024-12-29,damonrasmussen@gmail.com,Male,India,Jharkhand,Bokaro Steel City,698345,Single
922,Delilah Rodriguez,2025-02-20,delilahrodriguez@yahoomail.com,Male,United States,Minnesota,Saint Paul,979208,Single
923,Carol Hampton,2025-01-12,carolhampton@ymail.com,Female,United States,Nebraska,Omaha,940042,Single
924,Giacomo Hardy,2023-10-24,giacomohardy5110@ymail.com,Transgender,India,Punjab,Jalandhar (Jullundur},572012,Single
925,James Small,2023-10-19,jamessmall@ymail.com,Transgender,United States,Minnesota,Rochester,219461,Divorced
926,Ezekiel Whitley,2024-01-21,ezekielwhitley5720@yahoomail.com,Transgender,India,Odisha,Puri,116781,Divorced
927,Giselle Case,2023-11-22,gisellecase8409@gmail.com,Transgender,United States,Michigan,Flint,237981,Married
928,Angelica Dunlap,2024-09-01,angelicadunlap@gmail.com,Female,India,Chandigarh,Chandigarh,220699,Divorced
929,Matthew Andrews,2024-05-05,matthewandrews@gmail.com,Female,United States,Virginia,Newport News,982435,Single
930,Hedley Nicholson,2023-07-28,hedleynicholson7049@ymail.com,Female,India,Andaman and Nicobar Islands,Port Blair,197302,Single
931,Julian Reilly,2024-08-24,julianreilly@ymail.com,Transgender,United States,Utah,Provo,764287,Divorced
932,Kathleen Yang,2024-02-15,kathleenyang8469@gmail.com,Male,India,Dadra and Nagar Haveli,Silvassa,931580,Divorced
933,Medge Cortez,2024-10-09,medgecortez@yahoomail.com,Transgender,India,West Bengal,Bansberia,407298,Single
934,Danielle Ewing,2024-03-28,danielleewing@yahoomail.com,Female,India,West Bengal,Durgapur,419643,Married
935,Rashad Perez,2024-05-12,rashadperez@ymail.com,Male,India,Gujarat,Jamnagar,609794,Common Law
936,Ora Wall,2023-07-10,orawall@ymail.com,Transgender,United States,Michigan,Flint,174475,Common Law
937,Vaughan Simmons,2023-04-11,vaughansimmons7273@gmail.com,Female,United States,Hawaii,Kapolei,334662,Divorced
938,Cyrus Snider,2023-09-08,cyrussnider@ymail.com,Male,India,Meghalaya,Shillong,743207,Common Law
939,Germaine Rivera,2024-10-24,germainerivera@ymail.com,Female,United States,Michigan,Grand Rapids,806270,Divorced
940,Carl Eaton,2024-01-04,carleaton8062@ymail.com,Transgender,India,Gujarat,Rajkot,421194,Divorced
941,Rooney Vincent,2024-07-19,rooneyvincent@ymail.com,Transgender,India,Lakshadweep,Kavaratti,599386,Single
942,Tyler Alston,2023-12-14,tyleralston3716@ymail.com,Male,United States,Nebraska,Kearney,931632,Single
943,Basia Simpson,2024-02-04,basiasimpson@yahoomail.com,Male,India,Uttarakhand,Haridwar,661755,Common Law
944,Hashim Byrd,2023-09-05,hashimbyrd5861@yahoomail.com,Male,India,Kerala,Thalassery,858343,Common Law
945,Ruth Gilliam,2024-08-18,ruthgilliam@yahoomail.com,Male,India,Rajasthan,Pali,349238,Common Law
946,Beck Davenport,2024-12-02,beckdavenport5890@gmail.com,Male,United States,Oregon,Eugene,315647,Common Law
947,Carolyn Butler,2023-09-23,carolynbutler6148@ymail.com,Male,United States,Kansas,Kansas City,441707,Married
948,Rana Mitchell,2024-10-27,ranamitchell468@ymail.com,Female,India,Bihar,Muzaffarpur,738081,Single
949,Baker Lang,2023-11-16,bakerlang@yahoomail.com,Female,India,West Bengal,Serampore,316105,Common Law
950,Montana Roy,2023-07-09,montanaroy@yahoomail.com,Female,United States,Maine,Portland,326490,Common Law
951,Keaton Crawford,2025-03-01,keatoncrawford2057@ymail.com,Transgender,India,Karnataka,Mysore,626218,Divorced
952,Eric Henderson,2024-08-16,erichenderson@gmail.com,Male,India,Goa,Panjim,955724,Married
953,Cyrus Pratt,2024-02-03,cyruspratt@ymail.com,Transgender,India,Bihar,Bihar Sharif,920472,Married
954,Cathleen Wilkerson,2024-10-18,cathleenwilkerson@yahoomail.com,Male,India,Karnataka,Shimoga,623423,Common Law
955,Rylee Schneider,2024-05-31,ryleeschneider1085@gmail.com,Female,India,Meghalaya,Shillong,970600,Single
956,Ingrid Malone,2024-11-12,ingridmalone181@gmail.com,Transgender,India,Chandigarh,Chandigarh,562481,Married
957,Oren Alston,2024-12-12,orenalston8445@yahoomail.com,Transgender,United States,Hawaii,Kapolei,840937,Single
958,Brooke Padilla,2023-11-22,brookepadilla@yahoomail.com,Male,India,Lakshadweep,Kavaratti,383086,Divorced
959,Cole Abbott,2023-06-26,coleabbott9516@yahoomail.com,Female,United States,Arizona,Phoenix,782704,Single
960,Owen Eaton,2023-05-24,oweneaton8941@yahoomail.com,Female,India,Mizoram,Aizwal,480862,Common Law
961,Kiara Larsen,2024-04-10,kiaralarsen8979@ymail.com,Male,India,Karnataka,Shimoga,237595,Married
962,Zeus Green,2023-11-26,zeusgreen6210@gmail.com,Male,United States,Texas,Fort Worth,221645,Married
963,Delilah Gibson,2023-12-27,delilahgibson@gmail.com,Male,United States,Kentucky,Frankfort,955039,Single
964,Caldwell Holmes,2023-06-23,caldwellholmes@yahoomail.com,Transgender,United States,Pennsylvania,Pittsburgh,233897,Married
965,Yoshio Burnett,2023-12-20,yoshioburnett@gmail.com,Female,India,Sikkim,Gangtok,875757,Common Law
966,Iola Juarez,2024-04-03,iolajuarez3041@ymail.com,Female,United States,Oregon,Hillsboro,921688,Divorced
967,Clark Nguyen,2025-02-01,clarknguyen5573@ymail.com,Transgender,United States,Oklahoma,Oklahoma City,322593,Divorced
968,Teegan Weber,2025-02-06,teeganweber@ymail.com,Transgender,United States,Minnesota,Saint Paul,952490,Married
969,Maite Mcmahon,2024-09-24,maitemcmahon9905@gmail.com,Female,United States,California,San Jose,967274,Common Law
970,Castor Hansen,2025-01-05,castorhansen8234@ymail.com,Male,United States,Delaware,Dover,155808,Married
971,Howard Shannon,2024-08-24,howardshannon@yahoomail.com,Female,United States,Arizona,Tucson,112728,Common Law
972,Tashya Kramer,2024-08-06,tashyakramer@gmail.com,Male,India,Andaman and Nicobar Islands,Port Blair,717169,Divorced
973,Malachi Santiago,2023-06-27,malachisantiago4192@yahoomail.com,Female,India,Nagaland,Kohima,296494,Common Law
974,Harper Santana,2023-07-10,harpersantana2540@yahoomail.com,Transgender,India,Karnataka,Shimoga,573737,Single
975,Blake Campos,2024-05-05,blakecampos@ymail.com,Female,India,Arunachal Pradesh,Itanagar,465371,Married
976,Karleigh Ratliff,2023-06-28,karleighratliff5190@ymail.com,Male,India,Manipur,Imphal,647686,Single
977,Amelia Greene,2024-02-08,ameliagreene3395@ymail.com,Transgender,India,Jammu and Kashmir,Srinagar,790716,Common Law
978,Lionel Pate,2024-02-14,lionelpate@ymail.com,Transgender,India,Andhra Pradesh,Cuddapah,928847,Divorced
979,Louis Mays,2024-02-23,louismays@ymail.com,Female,United States,Arizona,Phoenix,182892,Divorced
980,Davis Perkins,2024-03-14,davisperkins@yahoomail.com,Female,India,Chandigarh,Chandigarh,417580,Married
981,Martina Foreman,2025-01-13,martinaforeman@ymail.com,Male,United States,Delaware,Newark,511959,Common Law
982,Zia Hogan,2023-07-15,ziahogan@ymail.com,Female,India,West Bengal,North Dum Dum,203888,Single
983,Caleb Harding,2024-08-19,calebharding3249@gmail.com,Transgender,United States,Colorado,Denver,404284,Common Law
984,Lucian Booker,2024-01-03,lucianbooker5694@yahoomail.com,Male,India,Dadra and Nagar Haveli,Silvassa,280318,Common Law
985,Cameron Garner,2025-01-23,camerongarner1155@gmail.com,Female,India,Dadra and Nagar Haveli,Silvassa,141202,Single
986,Nelle Barr,2023-08-18,nellebarr8625@yahoomail.com,Female,United States,Minnesota,Duluth,379683,Common Law
987,Iris Graves,2023-08-18,irisgraves@ymail.com,Female,India,Rajasthan,Tonk,157167,Married
988,Whitney Hobbs,2023-07-25,whitneyhobbs@ymail.com,Male,India,Pondicherry,Pondicherry,795642,Single
989,Nash Carney,2024-03-20,nashcarney@gmail.com,Female,India,Daman and Diu,Daman,428294,Common Law
990,Barrett Gillespie,2024-08-22,barrettgillespie@ymail.com,Transgender,United States,Alabama,Montgomery,160336,Divorced
991,Levi Roberts,2023-09-20,leviroberts@yahoomail.com,Female,United States,Maryland,Annapolis,636193,Common Law
992,Tana Marks,2024-11-19,tanamarks@yahoomail.com,Female,United States,Hawaii,Kaneohe,681784,Married
993,Myles Black,2023-09-14,mylesblack5288@gmail.com,Female,India,Rajasthan,Jodhpur,601804,Divorced
994,Madeson Riley,2024-09-02,madesonriley@ymail.com,Female,United States,Maine,South Portland,641596,Married
995,Wesley Pena,2024-01-22,wesleypena5888@yahoomail.com,Male,United States,Mississippi,Southaven,654404,Divorced
996,Moses Merrill,2023-07-16,mosesmerrill@ymail.com,Female,United States,Louisiana,Shreveport,596254,Common Law
997,Rae Henry,2024-02-17,raehenry@yahoomail.com,Transgender,India,Uttarakhand,Haridwar,569248,Married
998,Kieran Mckinney,2023-08-09,kieranmckinney4992@ymail.com,Female,India,Chhattisgarh,Raipur,887575,Divorced
999,Victoria Lamb,2024-04-15,victorialamb@yahoomail.com,Male,United States,Colorado,Lakewood,958642,Common Law
1000,Emily Chavez,2023-12-06,emilychavez@yahoomail.com,Transgender,India,Assam,Dibrugarh,349484,Divorced
