id,name,dob,email,gender,country,region,city,asset,marital_status,education
3001,Zoe Mayo,2023-06-04,zoemayo3660@ymail.com,Male,United States,Illinois,Naperville,528503,Common Law,Master's Degree
3002,Avram Monroe,2024-08-16,avrammonroe4870@ymail.com,Female,India,Gujarat,Patan,549801,Divorced,Postgraduate Degree
3003,Mechelle Jacobson,2025-02-07,mechellejacobson@gmail.com,Transgender,United States,Alabama,Huntsville,472990,Divorced,Postgraduate Degree
3004,Samson Guy,2024-06-30,samsonguy@yahoomail.com,Transgender,United States,Georgia,Atlanta,383655,Common Law,Postgraduate Degree
3005,Henry Guerrero,2024-06-23,henryguerrero@yahoomail.com,Transgender,United States,Nevada,Carson City,895033,Common Law,Master's Degree
3006,Scarlet Howe,2024-01-30,scarlethowe@gmail.com,Transgender,United States,Arizona,Glendale,589301,Divorced,Postgraduate Degree
3007,Cade Massey,2025-01-16,cademassey@yahoomail.com,Female,India,Gujarat,Gandhinagar,163787,Single,Postgraduate Degree
3008,Simon Sharp,2024-09-19,simonsharp@yahoomail.com,Transgender,India,Meghalaya,Shillong,219041,Common Law,Master's Degree
3009,Josiah Mooney,2023-09-14,josiahmooney8617@gmail.com,Male,India,Pondicherry,Pondicherry,744320,Single,Bachelor's Degree
3010,Sade Stein,2023-12-30,sadestein@ymail.com,Female,India,Tripura,Agartala,278504,Common Law,Master's Degree
3011,Kiara Pickett,2023-10-03,kiarapickett@gmail.com,Female,India,Dadra and Nagar Haveli,Silvassa,173317,Divorced,Postgraduate Degree
3012,Malcolm Travis,2024-10-24,malcolmtravis1838@gmail.com,Female,India,Andhra Pradesh,Kakinada,838977,Single,Master's Degree
3013,Cheryl Montgomery,2024-03-29,cherylmontgomery4674@gmail.com,Female,United States,Idaho,Boise,110454,Common Law,Master's Degree
3014,Zachery Noble,2023-10-01,zacherynoble@yahoomail.com,Female,India,Bihar,Muzaffarpur,918838,Divorced,Bachelor's Degree
3015,Sydney Herman,2023-10-13,sydneyherman@yahoomail.com,Transgender,India,Tripura,Agartala,164686,Divorced,Master's Degree
3016,Rahim Zamora,2024-05-19,rahimzamora6498@gmail.com,Male,India,Rajasthan,Tonk,187051,Divorced,Master's Degree
3017,Gil Anthony,2023-08-07,gilanthony@yahoomail.com,Transgender,United States,Illinois,Joliet,189250,Single,Postgraduate Degree
3018,Yvonne Mcconnell,2024-09-24,yvonnemcconnell2620@gmail.com,Female,United States,Texas,Houston,500944,Divorced,Postgraduate Degree
3019,Xavier Lowe,2023-12-05,xavierlowe@yahoomail.com,Female,United States,Maine,Augusta,442288,Single,Bachelor's Degree
3020,Reuben Mcleod,2025-02-25,reubenmcleod@yahoomail.com,Female,United States,Michigan,Grand Rapids,884025,Common Law,Bachelor's Degree
3021,Acton Cooley,2024-07-18,actoncooley@yahoomail.com,Female,United States,Wyoming,Wyoming,548744,Single,Postgraduate Degree
3022,Sonia Martinez,2024-07-20,soniamartinez1796@yahoomail.com,Transgender,India,Goa,Panjim,326502,Single,Bachelor's Degree
3023,Castor Riggs,2023-06-18,castorriggs3048@yahoomail.com,Transgender,India,Sikkim,Gangtok,466744,Divorced,Bachelor's Degree
3024,Carter Adkins,2025-01-20,carteradkins@gmail.com,Transgender,United States,Louisiana,Metairie,460718,Married,Master's Degree
3025,Serena Fitzpatrick,2023-06-09,serenafitzpatrick@yahoomail.com,Male,United States,Georgia,Georgia,271517,Divorced,Bachelor's Degree
3026,Fredericka Payne,2024-04-25,frederickapayne@ymail.com,Transgender,India,Lakshadweep,Kavaratti,888426,Single,Master's Degree
3027,Katell Reese,2023-07-29,katellreese4230@gmail.com,Transgender,United States,Nevada,Paradise,428370,Married,Postgraduate Degree
3028,Odessa Baldwin,2024-09-17,odessabaldwin@gmail.com,Male,United States,Alabama,Birmingham,716374,Married,Master's Degree
3029,Drake Ruiz,2023-07-11,drakeruiz7141@yahoomail.com,Male,India,Chandigarh,Chandigarh,548642,Single,Bachelor's Degree
3030,Josiah Tyson,2023-10-17,josiahtyson@gmail.com,Transgender,United States,Montana,Butte,370464,Divorced,Master's Degree
3031,Knox Dixon,2023-04-14,knoxdixon1887@yahoomail.com,Male,India,Meghalaya,Shillong,603135,Divorced,Postgraduate Degree
3032,Solomon Adkins,2024-06-18,solomonadkins5090@ymail.com,Female,United States,Indiana,Indianapolis,808132,Divorced,Postgraduate Degree
3033,Zena Griffith,2023-05-13,zenagriffith8367@yahoomail.com,Female,India,Delhi,Delhi,908540,Common Law,Bachelor's Degree
3034,Lars Baird,2025-02-16,larsbaird6277@gmail.com,Male,India,Himachal Pradesh,Shimla,538029,Single,Bachelor's Degree
3035,Barry Evans,2023-12-14,barryevans@gmail.com,Transgender,United States,Virginia,Richmond,900283,Common Law,Master's Degree
3036,Kaseem Harvey,2024-09-15,kaseemharvey2600@yahoomail.com,Male,United States,Nevada,North Las Vegas,513404,Married,Postgraduate Degree
3037,Pearl Pitts,2023-04-08,pearlpitts@yahoomail.com,Male,United States,Tennessee,Chattanooga,635575,Single,Bachelor's Degree
3038,Lucy Franklin,2024-09-26,lucyfranklin7340@yahoomail.com,Transgender,United States,Nevada,Henderson,290547,Married,Postgraduate Degree
3039,Bryar Gutierrez,2023-05-22,bryargutierrez@yahoomail.com,Female,United States,Nevada,Henderson,140939,Married,Master's Degree
3040,Kennan Case,2023-09-04,kennancase1962@gmail.com,Male,India,Dadra and Nagar Haveli,Silvassa,163343,Married,Postgraduate Degree
3041,Mary Barnes,2023-09-07,marybarnes9936@yahoomail.com,Male,United States,Arizona,Glendale,310407,Divorced,Bachelor's Degree
3042,Hanae Holmes,2024-10-09,hanaeholmes@yahoomail.com,Male,United States,Missouri,Independence,212447,Married,Master's Degree
3043,Wynter Fitzgerald,2024-08-08,wynterfitzgerald@yahoomail.com,Male,India,Tripura,Agartala,137282,Divorced,Bachelor's Degree
3044,Dana Ballard,2024-02-29,danaballard3880@gmail.com,Male,United States,Vermont,Essex,853351,Common Law,Postgraduate Degree
3045,Grant Oneal,2023-10-01,grantoneal@yahoomail.com,Male,India,Dadra and Nagar Haveli,Silvassa,202364,Common Law,Postgraduate Degree
3046,Georgia Mendez,2024-08-03,georgiamendez@gmail.com,Male,United States,Indiana,Fort Wayne,533605,Divorced,Master's Degree
3047,Janna Glenn,2023-06-24,jannaglenn1494@ymail.com,Male,India,Himachal Pradesh,Shimla,818865,Divorced,Postgraduate Degree
3048,Germane Shepard,2024-10-18,germaneshepard@gmail.com,Transgender,India,Tripura,Agartala,785541,Divorced,Master's Degree
3049,Ciaran Bishop,2023-10-17,ciaranbishop4029@gmail.com,Female,India,West Bengal,Naihati,584877,Divorced,Master's Degree
3050,Nichole Montgomery,2024-10-05,nicholemontgomery2695@ymail.com,Female,United States,Wisconsin,Kenosha,215437,Common Law,Bachelor's Degree
3051,Zoe Clarke,2024-03-05,zoeclarke3771@ymail.com,Female,United States,Montana,Missoula,111633,Divorced,Master's Degree
3052,Dominique Mcleod,2024-02-24,dominiquemcleod@yahoomail.com,Transgender,India,Sikkim,Gangtok,131870,Married,Master's Degree
3053,Illiana Lane,2024-07-20,illianalane2064@ymail.com,Male,United States,Missouri,Springfield,398037,Single,Master's Degree
3054,Delilah Moran,2024-06-03,delilahmoran259@ymail.com,Male,India,Gujarat,Patan,171260,Divorced,Bachelor's Degree
3055,Kaseem Finley,2023-10-15,kaseemfinley4957@yahoomail.com,Male,India,Gujarat,Porbandar,764498,Common Law,Master's Degree
3056,Igor Brooks,2023-12-13,igorbrooks7943@gmail.com,Female,India,Sikkim,Gangtok,983044,Single,Bachelor's Degree
3057,Karly Pennington,2024-01-13,karlypennington729@ymail.com,Male,India,Madhya Pradesh,Shivapuri,862276,Divorced,Bachelor's Degree
3058,Ariel Boyer,2023-11-11,arielboyer@gmail.com,Transgender,India,Dadra and Nagar Haveli,Silvassa,528885,Married,Postgraduate Degree
3059,Ralph Heath,2023-04-16,ralphheath8821@yahoomail.com,Female,India,Kerala,Kozhikode,198522,Married,Master's Degree
3060,Thaddeus Snyder,2023-08-25,thaddeussnyder7223@yahoomail.com,Male,India,Uttarakhand,Dehradun,139940,Single,Bachelor's Degree
3061,Justin Foreman,2024-12-19,justinforeman@gmail.com,Transgender,India,Haryana,Bhiwani,696516,Married,Bachelor's Degree
3062,Akeem Haynes,2023-10-01,akeemhaynes@ymail.com,Female,United States,Alabama,Mobile,733364,Common Law,Postgraduate Degree
3063,Martin Faulkner,2023-04-29,martinfaulkner3731@ymail.com,Female,United States,Michigan,Warren,952541,Single,Bachelor's Degree
3064,Brent Johnston,2024-09-16,brentjohnston@gmail.com,Transgender,India,Manipur,Imphal,692231,Married,Bachelor's Degree
3065,Sopoline Battle,2023-12-30,sopolinebattle@ymail.com,Transgender,United States,Tennessee,Clarksville,488887,Divorced,Postgraduate Degree
3066,Bo Mejia,2023-03-31,bomejia@yahoomail.com,Female,India,West Bengal,Champdani,144724,Divorced,Master's Degree
3067,Sigourney Wright,2024-12-18,sigourneywright5895@yahoomail.com,Male,India,Meghalaya,Shillong,189251,Common Law,Master's Degree
3068,Denise Levine,2024-08-19,deniselevine4466@yahoomail.com,Male,United States,Iowa,Iowa City,485511,Single,Master's Degree
3069,Kylan Bender,2024-09-03,kylanbender@ymail.com,Transgender,United States,Tennessee,Knoxville,327591,Married,Postgraduate Degree
3070,Vivian Rich,2024-11-28,vivianrich208@ymail.com,Female,India,Kerala,Cochin,569914,Single,Bachelor's Degree
3071,Joy Powers,2023-04-25,joypowers8664@gmail.com,Male,India,Odisha,Sambalpur,589415,Divorced,Postgraduate Degree
3072,Carolyn Parsons,2024-04-21,carolynparsons1589@gmail.com,Female,India,Chandigarh,Chandigarh,574747,Married,Bachelor's Degree
3073,Dolan Fernandez,2023-07-28,dolanfernandez4047@yahoomail.com,Male,India,Pondicherry,Pondicherry,717457,Divorced,Postgraduate Degree
3074,Branden Carter,2023-08-23,brandencarter@gmail.com,Transgender,United States,Georgia,Columbus,816912,Married,Bachelor's Degree
3075,Oleg Salinas,2023-08-09,olegsalinas@gmail.com,Transgender,India,Gujarat,Veraval,285632,Married,Master's Degree
3076,Breanna Rios,2025-01-16,breannarios1736@yahoomail.com,Transgender,India,Uttar Pradesh,Moradabad,322511,Single,Master's Degree
3077,Amena Pate,2024-12-15,amenapate5105@yahoomail.com,Male,United States,Delaware,Bear,990868,Single,Bachelor's Degree
3078,Adele Sampson,2023-08-25,adelesampson@ymail.com,Female,India,Chandigarh,Chandigarh,970415,Single,Postgraduate Degree
3079,Nathan Knapp,2024-09-10,nathanknapp@ymail.com,Transgender,India,Assam,Guwahati,417139,Divorced,Postgraduate Degree
3080,Lois Burgess,2025-03-17,loisburgess@gmail.com,Female,India,Daman and Diu,Daman,552784,Common Law,Postgraduate Degree
3081,Aphrodite Noble,2024-06-27,aphroditenoble2567@ymail.com,Female,India,Jharkhand,Purulia,685131,Common Law,Postgraduate Degree
3082,Angelica Roth,2024-06-28,angelicaroth5137@yahoomail.com,Transgender,United States,Minnesota,Bloomington,658339,Married,Postgraduate Degree
3083,Wyoming David,2024-12-17,wyomingdavid@ymail.com,Male,India,Karnataka,Hubli,483549,Married,Postgraduate Degree
3084,Benedict Medina,2023-06-18,benedictmedina7397@gmail.com,Transgender,India,Assam,Silchar,700343,Common Law,Bachelor's Degree
3085,Samson Hernandez,2024-08-14,samsonhernandez692@yahoomail.com,Female,India,Karnataka,Timkur,846038,Single,Master's Degree
3086,Tate Mclean,2024-04-02,tatemclean@gmail.com,Female,United States,Nevada,Paradise,584663,Divorced,Bachelor's Degree
3087,Chandler Jensen,2023-10-26,chandlerjensen@gmail.com,Female,India,Uttar Pradesh,Allahabad,983683,Single,Postgraduate Degree
3088,Raphael Finch,2023-07-18,raphaelfinch@gmail.com,Female,India,Andaman and Nicobar Islands,Port Blair,976409,Divorced,Master's Degree
3089,Hanna Guy,2025-02-26,hannaguy@yahoomail.com,Male,United States,Massachusetts,Cambridge,782622,Divorced,Postgraduate Degree
3090,Mona Jefferson,2023-09-28,monajefferson935@ymail.com,Transgender,United States,Georgia,Columbus,569033,Common Law,Master's Degree
3091,Adele Gamble,2023-07-02,adelegamble9627@gmail.com,Transgender,United States,Connecticut,Hartford,690567,Single,Postgraduate Degree
3092,George Fischer,2025-01-13,georgefischer4905@gmail.com,Male,United States,Idaho,Meridian,700086,Common Law,Postgraduate Degree
3093,Coby Bishop,2024-05-05,cobybishop4774@ymail.com,Female,India,Tripura,Agartala,928523,Married,Postgraduate Degree
3094,Penelope Rutledge,2024-12-06,peneloperutledge@ymail.com,Transgender,India,Daman and Diu,Daman,285978,Divorced,Master's Degree
3095,Barbara King,2024-11-05,barbaraking5669@yahoomail.com,Female,India,Himachal Pradesh,Shimla,674637,Married,Bachelor's Degree
3096,Ulla George,2024-08-30,ullageorge150@ymail.com,Male,United States,Alabama,Tuscaloosa,556498,Married,Master's Degree
3097,Anastasia Graham,2024-07-27,anastasiagraham31@yahoomail.com,Male,India,Gujarat,Vejalpur,297356,Married,Bachelor's Degree
3098,Hiram Short,2023-05-21,hiramshort@yahoomail.com,Male,India,Rajasthan,Udaipur,202103,Divorced,Master's Degree
3099,Chaney Mcneil,2023-06-13,chaneymcneil1911@gmail.com,Female,United States,Kentucky,Frankfort,847774,Divorced,Master's Degree
3100,Bernard Mccall,2023-07-13,bernardmccall@yahoomail.com,Transgender,United States,Illinois,Chicago,794799,Common Law,Master's Degree
3101,Vielka Daugherty,2023-07-19,vielkadaugherty8007@yahoomail.com,Transgender,United States,Delaware,Newark,972231,Divorced,Bachelor's Degree
3102,Colin Hewitt,2023-08-21,colinhewitt@gmail.com,Female,United States,Nevada,North Las Vegas,627933,Common Law,Master's Degree
3103,Marvin Sargent,2023-08-11,marvinsargent1772@yahoomail.com,Transgender,United States,Michigan,Warren,396683,Married,Master's Degree
3104,Tamara Melton,2023-08-28,tamaramelton3275@yahoomail.com,Female,United States,Texas,Austin,727606,Divorced,Master's Degree
3105,Jaquelyn Mejia,2023-11-04,jaquelynmejia@ymail.com,Transgender,India,Chandigarh,Chandigarh,295916,Married,Master's Degree
3106,Teagan Gould,2024-01-29,teagangould2865@gmail.com,Female,India,Tamil Nadu,Neyveli,466028,Divorced,Bachelor's Degree
3107,Alika Solis,2023-10-22,alikasolis@yahoomail.com,Male,India,Goa,Panjim,780503,Common Law,Master's Degree
3108,Brennan Whitley,2023-10-26,brennanwhitley@yahoomail.com,Female,United States,Michigan,Lansing,901375,Divorced,Postgraduate Degree
3109,Remedios Chandler,2025-02-09,remedioschandler3110@gmail.com,Male,United States,Tennessee,Clarksville,432516,Single,Bachelor's Degree
3110,Debra Whitaker,2023-04-30,debrawhitaker9281@ymail.com,Transgender,India,Haryana,Faridabad,201637,Divorced,Master's Degree
3111,Cadman Nieves,2024-09-10,cadmannieves3058@gmail.com,Male,India,Karnataka,Timkur,534543,Divorced,Bachelor's Degree
3112,Aiko Lee,2023-04-17,aikolee@ymail.com,Female,United States,Hawaii,Kailua,982710,Divorced,Master's Degree
3113,Callie Hayden,2023-08-18,calliehayden@gmail.com,Female,United States,Wisconsin,Milwaukee,498067,Single,Master's Degree
3114,Adena Pace,2024-11-12,adenapace9136@gmail.com,Female,United States,Connecticut,Stamford,844764,Divorced,Postgraduate Degree
3115,Randall French,2024-11-14,randallfrench@yahoomail.com,Female,United States,Indiana,Gary,408994,Common Law,Bachelor's Degree
3116,Marny Summers,2024-09-09,marnysummers@ymail.com,Male,United States,Montana,Billings,770324,Married,Master's Degree
3117,Hakeem Petersen,2023-05-08,hakeempetersen@gmail.com,Male,India,Pondicherry,Pondicherry,369964,Divorced,Bachelor's Degree
3118,Kato Aguilar,2024-05-27,katoaguilar9671@yahoomail.com,Transgender,India,Karnataka,Davangere,680713,Common Law,Postgraduate Degree
3119,Aidan Michael,2024-04-23,aidanmichael@yahoomail.com,Male,United States,Indiana,South Bend,293255,Single,Master's Degree
3120,Minerva Oneil,2025-01-22,minervaoneil@yahoomail.com,Transgender,United States,Virginia,Norfolk,927734,Single,Bachelor's Degree
3121,Leigh Montgomery,2024-04-01,leighmontgomery3377@ymail.com,Female,United States,Tennessee,Knoxville,117110,Single,Postgraduate Degree
3122,Bertha Cline,2023-04-22,berthacline@yahoomail.com,Transgender,United States,Maine,Portland,232708,Common Law,Postgraduate Degree
3123,Audrey Caldwell,2025-01-04,audreycaldwell@ymail.com,Female,India,Chandigarh,Chandigarh,145647,Single,Postgraduate Degree
3124,Ella Giles,2024-01-05,ellagiles@ymail.com,Female,United States,Illinois,Aurora,643111,Divorced,Bachelor's Degree
3125,Kessie Drake,2023-11-25,kessiedrake@gmail.com,Female,India,Tamil Nadu,Coimbatore,916011,Common Law,Master's Degree
3126,Catherine Weeks,2023-04-01,catherineweeks6237@ymail.com,Female,India,Daman and Diu,Daman,704418,Common Law,Master's Degree
3127,Kenneth Holman,2025-03-27,kennethholman1641@ymail.com,Transgender,India,Tripura,Agartala,361706,Married,Master's Degree
3128,Connor Shannon,2024-07-03,connorshannon@ymail.com,Male,United States,Texas,Houston,398467,Divorced,Master's Degree
3129,Bevis Flowers,2023-09-23,bevisflowers@yahoomail.com,Male,India,Manipur,Imphal,367582,Common Law,Postgraduate Degree
3130,Andrew Chaney,2024-10-22,andrewchaney@ymail.com,Transgender,India,Andhra Pradesh,Vijayawada,619312,Single,Bachelor's Degree
3131,Xyla Santana,2023-09-14,xylasantana@yahoomail.com,Female,India,West Bengal,Krishnanagar,913587,Divorced,Master's Degree
3132,Martena Clarke,2023-06-01,martenaclarke@yahoomail.com,Male,India,Sikkim,Gangtok,376468,Single,Bachelor's Degree
3133,Tyler Bray,2024-04-15,tylerbray@yahoomail.com,Male,India,Himachal Pradesh,Shimla,961196,Divorced,Postgraduate Degree
3134,Britanni Bowers,2024-02-08,britannibowers@ymail.com,Male,India,Assam,Guwahati,759007,Divorced,Master's Degree
3135,Gage Ortega,2025-03-20,gageortega@gmail.com,Female,India,Daman and Diu,Daman,787258,Common Law,Master's Degree
3136,Violet Cline,2023-10-26,violetcline@ymail.com,Transgender,India,Assam,Nagaon,687315,Divorced,Bachelor's Degree
3137,Aaron Small,2024-10-30,aaronsmall3368@gmail.com,Transgender,United States,Nevada,Las Vegas,476688,Married,Bachelor's Degree
3138,Elliott Key,2024-08-02,elliottkey8062@yahoomail.com,Transgender,United States,Connecticut,Stamford,872166,Single,Postgraduate Degree
3139,Stephen Shaw,2023-09-27,stephenshaw5660@ymail.com,Male,India,Delhi,Delhi,227026,Single,Bachelor's Degree
3140,Sarah Bush,2024-01-31,sarahbush5292@ymail.com,Male,India,Dadra and Nagar Haveli,Silvassa,196551,Common Law,Master's Degree
3141,Roanna Taylor,2024-04-26,roannataylor9521@gmail.com,Female,India,Arunachal Pradesh,Itanagar,813674,Common Law,Postgraduate Degree
3142,Patience Velazquez,2025-02-21,patiencevelazquez2905@gmail.com,Male,United States,Virginia,Chesapeake,630244,Common Law,Bachelor's Degree
3143,Skyler Griffin,2023-04-16,skylergriffin@ymail.com,Transgender,United States,Arizona,Tucson,749673,Single,Bachelor's Degree
3144,Jeremy Fulton,2023-10-17,jeremyfulton3249@gmail.com,Male,United States,Alaska,Ketchikan,225125,Divorced,Master's Degree
3145,Paula Poole,2024-02-01,paulapoole8198@ymail.com,Transgender,United States,Maryland,Baltimore,538544,Married,Bachelor's Degree
3146,Samuel Gray,2023-10-11,samuelgray@yahoomail.com,Female,United States,Kansas,Wichita,196243,Single,Postgraduate Degree
3147,Cyrus Cameron,2024-06-23,cyruscameron@gmail.com,Transgender,United States,Ohio,Cleveland,788676,Married,Bachelor's Degree
3148,Ian Hull,2023-08-18,ianhull@gmail.com,Male,India,Tripura,Agartala,853556,Divorced,Bachelor's Degree
3149,Kylynn Thornton,2024-01-24,kylynnthornton9362@yahoomail.com,Transgender,United States,Delaware,Pike Creek,766650,Single,Master's Degree
3150,Guinevere Graves,2023-04-29,guineveregraves@ymail.com,Female,India,Dadra and Nagar Haveli,Silvassa,736496,Common Law,Postgraduate Degree
3151,Denise Guy,2024-07-22,deniseguy@yahoomail.com,Male,United States,Delaware,Wilmington,156717,Married,Postgraduate Degree
3152,Linda Chase,2024-11-15,lindachase@gmail.com,Male,India,Haryana,Hisar,708525,Common Law,Master's Degree
3153,Noah Chandler,2024-10-07,noahchandler@ymail.com,Transgender,United States,Georgia,Athens,808910,Single,Master's Degree
3154,Justin Joyce,2025-03-02,justinjoyce2835@ymail.com,Male,United States,Idaho,Idaho Falls,430642,Single,Master's Degree
3155,Erasmus Huffman,2023-12-28,erasmushuffman@gmail.com,Male,India,Lakshadweep,Kavaratti,949601,Common Law,Master's Degree
3156,Kalia Kim,2024-08-22,kaliakim@ymail.com,Male,United States,Illinois,Naperville,318665,Single,Postgraduate Degree
3157,Maggie Peterson,2024-03-16,maggiepeterson@ymail.com,Transgender,India,Punjab,Wazirabad,551847,Married,Bachelor's Degree
3158,Maile Workman,2023-11-05,maileworkman3815@ymail.com,Male,India,Rajasthan,Alwar,974814,Common Law,Bachelor's Degree
3159,Adele Spears,2025-02-02,adelespears@gmail.com,Female,United States,Alaska,College,844683,Single,Bachelor's Degree
3160,Jayme Kinney,2024-03-15,jaymekinney6352@gmail.com,Male,India,West Bengal,Chandannagar,556154,Married,Bachelor's Degree
3161,Lesley Drake,2024-01-09,lesleydrake4796@gmail.com,Female,India,Tripura,Agartala,526583,Married,Postgraduate Degree
3162,Ronan Cantrell,2023-09-26,ronancantrell1126@ymail.com,Male,United States,Minnesota,Rochester,286940,Common Law,Master's Degree
3163,Emily Talley,2023-07-17,emilytalley7580@yahoomail.com,Male,United States,Nebraska,Omaha,562060,Single,Postgraduate Degree
3164,Abdul Levy,2024-02-28,abdullevy@gmail.com,Male,United States,Mississippi,Hattiesburg,228033,Common Law,Bachelor's Degree
3165,Olivia Patterson,2024-03-10,oliviapatterson@yahoomail.com,Male,United States,Kansas,Kansas City,856003,Single,Bachelor's Degree
3166,Idona Orr,2024-02-06,idonaorr5880@gmail.com,Male,India,Jharkhand,Jamshedpur,454133,Common Law,Bachelor's Degree
3167,Andrew King,2024-08-23,andrewking@yahoomail.com,Female,United States,Maryland,Gaithersburg,524585,Single,Postgraduate Degree
3168,Harrison Boyd,2024-09-21,harrisonboyd3944@ymail.com,Female,India,Andhra Pradesh,Malkajgiri,974702,Common Law,Bachelor's Degree
3169,Reese Santiago,2023-05-05,reesesantiago1429@yahoomail.com,Transgender,United States,Massachusetts,Springfield,832720,Common Law,Master's Degree
3170,Garth Davis,2023-08-09,garthdavis@yahoomail.com,Male,United States,Vermont,Rutland,397109,Single,Master's Degree
3171,Samantha Riddle,2024-07-23,samanthariddle1621@ymail.com,Transgender,United States,Massachusetts,Springfield,333288,Divorced,Master's Degree
3172,Justin Dalton,2023-10-23,justindalton723@ymail.com,Transgender,United States,Kansas,Olathe,132748,Married,Bachelor's Degree
3173,Duncan Pace,2024-10-08,duncanpace7900@ymail.com,Female,United States,Alabama,Birmingham,125351,Married,Master's Degree
3174,Duncan Hopkins,2023-12-31,duncanhopkins2922@ymail.com,Female,India,Chandigarh,Chandigarh,668210,Divorced,Bachelor's Degree
3175,Damon Aguirre,2024-06-20,damonaguirre8749@ymail.com,Male,India,Daman and Diu,Daman,909141,Single,Postgraduate Degree
3176,Nasim Elliott,2025-01-10,nasimelliott8317@gmail.com,Male,India,Assam,Silchar,569321,Common Law,Postgraduate Degree
3177,Brenna Stein,2025-01-14,brennastein@yahoomail.com,Male,United States,Colorado,Denver,735361,Single,Master's Degree
3178,Tarik Delgado,2023-09-17,tarikdelgado@gmail.com,Male,India,Maharastra,Akola,154048,Single,Master's Degree
3179,Sonia Leonard,2024-09-26,sonialeonard2394@ymail.com,Male,United States,Pennsylvania,Allentown,269231,Married,Bachelor's Degree
3180,Winter Phillips,2023-11-07,winterphillips5798@gmail.com,Transgender,India,Assam,Dibrugarh,356868,Common Law,Postgraduate Degree
3181,Buckminster Haynes,2024-07-26,buckminsterhaynes@ymail.com,Female,India,Andhra Pradesh,Gudivada,965423,Married,Master's Degree
3182,Brenda Faulkner,2024-10-27,brendafaulkner@ymail.com,Female,India,Karnataka,Gadag Betigeri,584027,Divorced,Master's Degree
3183,Leroy Schwartz,2023-11-27,leroyschwartz@yahoomail.com,Female,India,Andaman and Nicobar Islands,Port Blair,254082,Single,Master's Degree
3184,Regina O'Neill,2024-11-07,reginaoneill@gmail.com,Transgender,United States,Kentucky,Lexington,985299,Married,Bachelor's Degree
3185,Ayanna Velasquez,2024-07-02,ayannavelasquez5511@yahoomail.com,Transgender,United States,Missouri,Kansas City,304743,Common Law,Postgraduate Degree
3186,Fritz Richmond,2024-08-17,fritzrichmond@ymail.com,Female,United States,Alabama,Huntsville,438205,Married,Bachelor's Degree
3187,Courtney Church,2024-05-08,courtneychurch@gmail.com,Male,United States,Washington,Tacoma,649930,Divorced,Postgraduate Degree
3188,Allegra Giles,2024-04-13,allegragiles6286@ymail.com,Female,United States,Florida,Jacksonville,773581,Common Law,Postgraduate Degree
3189,Merrill Odom,2024-11-25,merrillodom2178@gmail.com,Transgender,India,Tamil Nadu,Kanchipuram,619944,Common Law,Bachelor's Degree
3190,Courtney Langley,2023-07-02,courtneylangley2939@ymail.com,Female,India,Karnataka,Bijapur,807839,Common Law,Master's Degree
3191,Francis Chase,2023-05-02,francischase@gmail.com,Transgender,India,Delhi,Delhi,783535,Common Law,Master's Degree
3192,Rahim Kirby,2024-06-02,rahimkirby@gmail.com,Transgender,India,Chhattisgarh,Korba,879264,Common Law,Master's Degree
3193,Buckminster Burt,2023-06-15,buckminsterburt@ymail.com,Male,India,West Bengal,Kharagpur,392019,Divorced,Master's Degree
3194,Summer Berry,2025-02-25,summerberry9768@gmail.com,Male,United States,Pennsylvania,Allentown,385767,Married,Postgraduate Degree
3195,Driscoll Cash,2025-03-09,driscollcash3573@ymail.com,Male,India,Chandigarh,Chandigarh,299869,Divorced,Master's Degree
3196,Risa Mejia,2023-07-31,risamejia@yahoomail.com,Female,India,Mizoram,Aizwal,183224,Single,Master's Degree
3197,Lois Lindsay,2023-11-20,loislindsay199@ymail.com,Transgender,United States,Alabama,Montgomery,894916,Divorced,Master's Degree
3198,Ariana Gray,2025-03-03,arianagray7126@ymail.com,Transgender,India,Daman and Diu,Daman,532455,Divorced,Master's Degree
3199,Olivia Burns,2024-01-24,oliviaburns2595@yahoomail.com,Male,India,Haryana,Gurgaon,401343,Common Law,Bachelor's Degree
3200,Alec Moody,2024-04-13,alecmoody@ymail.com,Male,United States,Pennsylvania,Allentown,351723,Divorced,Postgraduate Degree
3201,Haviva Cooley,2023-09-21,havivacooley@gmail.com,Female,United States,Illinois,Joliet,336482,Common Law,Master's Degree
3202,Quynn Mckee,2023-07-31,quynnmckee@gmail.com,Male,India,Andaman and Nicobar Islands,Port Blair,124218,Divorced,Master's Degree
3203,Yvette Simpson,2024-03-24,yvettesimpson7040@gmail.com,Transgender,India,Madhya Pradesh,Chhindwara,846077,Divorced,Bachelor's Degree
3204,Nyssa Clemons,2024-09-23,nyssaclemons9636@ymail.com,Female,India,Arunachal Pradesh,Itanagar,429244,Married,Master's Degree
3205,Garth Whitney,2024-12-15,garthwhitney@yahoomail.com,Transgender,United States,Illinois,Naperville,521031,Common Law,Master's Degree
3206,Shelby Wilder,2024-09-26,shelbywilder8521@yahoomail.com,Male,India,Chandigarh,Chandigarh,649829,Common Law,Bachelor's Degree
3207,Tate Reese,2023-07-02,tatereese@gmail.com,Male,India,Jammu and Kashmir,Srinagar,317607,Married,Postgraduate Degree
3208,Wynter Pena,2024-03-31,wynterpena991@gmail.com,Male,India,Madhya Pradesh,Bhind,877978,Divorced,Bachelor's Degree
3209,Penelope Cross,2024-06-22,penelopecross@yahoomail.com,Transgender,United States,Maine,Bangor,405055,Single,Master's Degree
3210,Branden Erickson,2024-07-07,brandenerickson@ymail.com,Transgender,United States,Missouri,Saint Louis,818874,Married,Postgraduate Degree
3211,Rebekah Parks,2024-10-02,rebekahparks@ymail.com,Transgender,United States,Iowa,Davenport,347780,Single,Master's Degree
3212,Abdul Burnett,2023-06-03,abdulburnett8980@ymail.com,Female,India,Dadra and Nagar Haveli,Silvassa,915544,Common Law,Bachelor's Degree
3213,Cailin Richmond,2023-05-13,cailinrichmond@ymail.com,Female,United States,Ohio,Cincinnati,651769,Single,Bachelor's Degree
3214,Abraham Wade,2023-05-10,abrahamwade3010@ymail.com,Transgender,United States,Michigan,Detroit,428004,Married,Master's Degree
3215,Zachery Pittman,2025-02-11,zacherypittman6696@ymail.com,Transgender,India,Nagaland,Kohima,785515,Single,Master's Degree
3216,Karyn Foster,2023-09-20,karynfoster5263@yahoomail.com,Female,India,Dadra and Nagar Haveli,Silvassa,192006,Married,Master's Degree
3217,Tatyana Carpenter,2024-01-05,tatyanacarpenter@gmail.com,Female,India,Himachal Pradesh,Shimla,275223,Common Law,Bachelor's Degree
3218,Gillian Avila,2024-01-26,gillianavila@gmail.com,Female,United States,Delaware,Newark,581411,Common Law,Postgraduate Degree
3219,Darrel Case,2024-12-21,darrelcase1915@ymail.com,Transgender,India,Chhattisgarh,Durg,495367,Divorced,Master's Degree
3220,Francesca Parks,2024-11-18,francescaparks@ymail.com,Male,India,Gujarat,Godhra,175278,Common Law,Postgraduate Degree
3221,Kameko Herring,2025-01-26,kamekoherring@gmail.com,Female,United States,Illinois,Springfield,600925,Common Law,Postgraduate Degree
3222,Ramona Howell,2024-09-27,ramonahowell1675@yahoomail.com,Male,India,Daman and Diu,Daman,528874,Married,Bachelor's Degree
3223,Tatyana Hubbard,2025-01-16,tatyanahubbard@gmail.com,Transgender,India,Meghalaya,Shillong,567184,Divorced,Master's Degree
3224,Damian Forbes,2023-11-13,damianforbes@ymail.com,Male,United States,Maryland,Baltimore,536715,Married,Postgraduate Degree
3225,Rahim Wilkinson,2024-01-03,rahimwilkinson@ymail.com,Male,India,Chandigarh,Chandigarh,298996,Married,Bachelor's Degree
3226,Jaden Steele,2023-08-20,jadensteele1747@yahoomail.com,Male,India,Pondicherry,Pondicherry,595186,Divorced,Bachelor's Degree
3227,Tiger Durham,2024-02-06,tigerdurham9945@gmail.com,Transgender,India,Chhattisgarh,Korba,459558,Married,Postgraduate Degree
3228,Sydney Henry,2025-02-01,sydneyhenry@yahoomail.com,Female,United States,Massachusetts,Boston,944081,Common Law,Bachelor's Degree
3229,Hiram Bailey,2024-02-17,hirambailey4100@ymail.com,Male,United States,Colorado,Aurora,781620,Divorced,Bachelor's Degree
3230,Erasmus Austin,2023-09-19,erasmusaustin@gmail.com,Transgender,India,Manipur,Imphal,716409,Common Law,Postgraduate Degree
3231,Stacey Avery,2023-12-06,staceyavery1877@ymail.com,Male,United States,Delaware,Bear,923128,Divorced,Postgraduate Degree
3232,Jaden Fields,2023-06-24,jadenfields3386@ymail.com,Male,India,Mizoram,Aizwal,493493,Common Law,Postgraduate Degree
3233,Wing Moran,2024-10-08,wingmoran989@ymail.com,Transgender,India,Arunachal Pradesh,Itanagar,425717,Divorced,Master's Degree
3234,Bruno Bowen,2025-03-27,brunobowen334@ymail.com,Transgender,India,Nagaland,Kohima,856922,Married,Master's Degree
3235,Hector Cervantes,2025-01-22,hectorcervantes@yahoomail.com,Transgender,India,Mizoram,Aizwal,657093,Single,Postgraduate Degree
3236,Nadine Head,2023-08-02,nadinehead@ymail.com,Transgender,United States,Colorado,Fort Collins,565066,Divorced,Master's Degree
3237,Farrah Villarreal,2025-03-19,farrahvillarreal@yahoomail.com,Male,United States,Texas,San Antonio,664816,Single,Bachelor's Degree
3238,Kimberley Lindsey,2023-10-22,kimberleylindsey@ymail.com,Female,India,Arunachal Pradesh,Itanagar,732801,Common Law,Postgraduate Degree
3239,Jena Burris,2025-01-16,jenaburris@gmail.com,Male,United States,Florida,Jacksonville,646184,Married,Bachelor's Degree
3240,Tashya Sanders,2023-07-23,tashyasanders2099@ymail.com,Male,United States,Florida,Miami,343327,Married,Postgraduate Degree
3241,Emmanuel Blankenship,2024-12-18,emmanuelblankenship@gmail.com,Transgender,United States,Pennsylvania,Reading,512971,Married,Master's Degree
3242,Quintessa Serrano,2023-11-24,quintessaserrano8405@gmail.com,Male,United States,Kentucky,Lexington,947432,Married,Bachelor's Degree
3243,Evelyn Stevenson,2023-08-04,evelynstevenson3129@gmail.com,Transgender,United States,Alaska,Juneau,957159,Common Law,Bachelor's Degree
3244,Yoshi Dawson,2023-12-21,yoshidawson@yahoomail.com,Female,India,Meghalaya,Shillong,967962,Common Law,Bachelor's Degree
3245,Gabriel Maldonado,2024-11-16,gabrielmaldonado@yahoomail.com,Male,India,Arunachal Pradesh,Itanagar,975399,Married,Bachelor's Degree
3246,Colorado Johnston,2025-03-17,coloradojohnston7392@ymail.com,Transgender,India,Lakshadweep,Kavaratti,804127,Common Law,Postgraduate Degree
3247,Harrison Hubbard,2024-02-17,harrisonhubbard8039@yahoomail.com,Female,United States,Arkansas,Jonesboro,876073,Divorced,Bachelor's Degree
3248,Cora Atkins,2023-08-31,coraatkins@gmail.com,Female,India,Lakshadweep,Kavaratti,167667,Divorced,Postgraduate Degree
3249,Aileen Cross,2024-07-29,aileencross955@yahoomail.com,Transgender,India,Haryana,Sonipat,699504,Common Law,Master's Degree
3250,Kieran Wilkerson,2024-02-15,kieranwilkerson5055@yahoomail.com,Transgender,United States,Missouri,Springfield,735807,Married,Master's Degree
3251,Angela Harper,2024-02-25,angelaharper3270@gmail.com,Transgender,India,Pondicherry,Pondicherry,413385,Divorced,Master's Degree
3252,Bo Dalton,2024-01-18,bodalton@gmail.com,Male,United States,Ohio,Akron,178110,Married,Postgraduate Degree
3253,Zane Burton,2024-09-03,zaneburton@yahoomail.com,Female,United States,Connecticut,Bridgeport,648729,Common Law,Bachelor's Degree
3254,Madeline Justice,2023-11-19,madelinejustice@gmail.com,Male,United States,Nebraska,Grand Island,628249,Divorced,Postgraduate Degree
3255,Quinn Guerra,2024-12-09,quinnguerra8194@gmail.com,Female,United States,Nevada,North Las Vegas,438564,Divorced,Postgraduate Degree
3256,Fiona Wiley,2025-01-16,fionawiley@ymail.com,Transgender,United States,Florida,Tallahassee,649035,Common Law,Master's Degree
3257,Zenaida Banks,2025-01-07,zenaidabanks@yahoomail.com,Transgender,United States,Florida,Orlando,272047,Married,Bachelor's Degree
3258,Breanna Shields,2024-05-19,breannashields@yahoomail.com,Transgender,India,Karnataka,Mangalore,294472,Single,Master's Degree
3259,Garrison Weiss,2023-09-28,garrisonweiss6552@yahoomail.com,Transgender,India,Uttar Pradesh,Bulandshahr,997652,Single,Bachelor's Degree
3260,Ainsley Bradley,2024-12-13,ainsleybradley5181@yahoomail.com,Transgender,India,Jharkhand,Purulia,452940,Single,Postgraduate Degree
3261,Kamal Gould,2024-04-27,kamalgould7108@ymail.com,Male,India,Jammu and Kashmir,Jammu,409217,Married,Bachelor's Degree
3262,Anastasia Watson,2024-09-27,anastasiawatson7632@ymail.com,Female,United States,Kansas,Olathe,696632,Divorced,Bachelor's Degree
3263,Nathan Hickman,2023-07-23,nathanhickman1797@gmail.com,Transgender,India,Karnataka,Mandya,722239,Single,Bachelor's Degree
3264,Victoria Fry,2023-06-01,victoriafry@gmail.com,Female,India,Odisha,Raurkela Civil Township,544501,Divorced,Master's Degree
3265,Raphael Britt,2023-12-16,raphaelbritt9992@yahoomail.com,Male,India,Maharastra,Mira Bhayandar,104375,Married,Master's Degree
3266,Solomon Castillo,2023-10-20,solomoncastillo6729@ymail.com,Female,United States,Maryland,Rockville,525453,Single,Bachelor's Degree
3267,Susan Salas,2023-10-02,susansalas2504@yahoomail.com,Female,India,Tamil Nadu,Madurai,729634,Common Law,Bachelor's Degree
3268,Erich Ayala,2024-07-14,erichayala@gmail.com,Male,United States,Texas,Fort Worth,397009,Married,Postgraduate Degree
3269,Winifred Leblanc,2023-05-08,winifredleblanc@ymail.com,Male,United States,Massachusetts,Springfield,517455,Divorced,Master's Degree
3270,Cullen Kennedy,2023-10-15,cullenkennedy@yahoomail.com,Transgender,United States,Kentucky,Frankfort,743213,Divorced,Bachelor's Degree
3271,Barbara Goodwin,2024-02-28,barbaragoodwin@ymail.com,Female,India,Jharkhand,Purulia,546570,Divorced,Bachelor's Degree
3272,Wynter Barr,2023-11-14,wynterbarr9888@yahoomail.com,Female,India,Rajasthan,Bhilwara,816857,Common Law,Bachelor's Degree
3273,Alvin Mendez,2023-10-11,alvinmendez2057@ymail.com,Transgender,India,Lakshadweep,Kavaratti,874032,Single,Master's Degree
3274,Stephen Kelley,2023-05-31,stephenkelley@yahoomail.com,Male,India,Madhya Pradesh,Burhanpur,478815,Single,Master's Degree
3275,Ori Stanley,2023-07-25,oristanley119@ymail.com,Female,India,Manipur,Imphal,691140,Single,Bachelor's Degree
3276,Michael Morgan,2025-01-17,michaelmorgan3950@gmail.com,Female,United States,California,San Diego,907605,Divorced,Bachelor's Degree
3277,Dante Lester,2024-10-16,dantelester3553@ymail.com,Transgender,India,Jharkhand,Purulia,596478,Married,Bachelor's Degree
3278,Graiden Blackburn,2024-03-13,graidenblackburn@gmail.com,Transgender,United States,Oregon,Gresham,209937,Single,Master's Degree
3279,Marcia Cook,2024-07-18,marciacook1892@ymail.com,Transgender,United States,Montana,Great Falls,447749,Married,Postgraduate Degree
3280,Jonas Stanley,2025-02-14,jonasstanley@yahoomail.com,Female,United States,Oklahoma,Lawton,928680,Single,Bachelor's Degree
3281,Arsenio Cote,2023-05-30,arseniocote@gmail.com,Female,India,Bihar,Bettiah,931199,Married,Master's Degree
3282,Lev Powers,2023-07-17,levpowers@gmail.com,Transgender,India,Nagaland,Kohima,147781,Married,Master's Degree
3283,Bert Allen,2024-06-01,bertallen@ymail.com,Male,India,Karnataka,Gadag Betigeri,248876,Single,Master's Degree
3284,Jaden Frye,2023-11-22,jadenfrye@gmail.com,Male,India,Punjab,Daska,386928,Single,Master's Degree
3285,Daphne Hurley,2025-03-27,daphnehurley2719@gmail.com,Female,United States,Utah,Salt Lake City,438747,Single,Bachelor's Degree
3286,Quinn Kent,2023-09-25,quinnkent@ymail.com,Male,India,Bihar,Bettiah,397182,Single,Master's Degree
3287,Axel Jordan,2025-03-11,axeljordan@ymail.com,Male,United States,Minnesota,Bloomington,936308,Common Law,Master's Degree
3288,Kiayada Powers,2024-10-20,kiayadapowers218@ymail.com,Male,United States,Arizona,Phoenix,552850,Married,Bachelor's Degree
3289,Mason Conrad,2024-10-14,masonconrad@gmail.com,Transgender,United States,Montana,Butte,618618,Divorced,Bachelor's Degree
3290,Hashim Johns,2025-03-24,hashimjohns1832@yahoomail.com,Male,India,Uttarakhand,Dehradun,221830,Single,Bachelor's Degree
3291,Talon Stout,2023-07-07,talonstout4856@gmail.com,Transgender,United States,Indiana,Fort Wayne,975487,Divorced,Bachelor's Degree
3292,Holly Bender,2024-10-24,hollybender@yahoomail.com,Male,United States,Hawaii,Hilo,196174,Single,Master's Degree
3293,Graham Carroll,2023-08-09,grahamcarroll7977@yahoomail.com,Transgender,India,Gujarat,Vadodara,360482,Divorced,Postgraduate Degree
3294,Basil Bolton,2024-04-30,basilbolton2005@ymail.com,Female,United States,Oklahoma,Norman,757124,Single,Bachelor's Degree
3295,Cecilia Combs,2023-09-27,ceciliacombs@gmail.com,Male,India,Dadra and Nagar Haveli,Silvassa,997197,Common Law,Master's Degree
3296,Chaim Eaton,2024-12-30,chaimeaton8358@gmail.com,Male,United States,Georgia,Atlanta,379526,Common Law,Master's Degree
3297,Graiden Yates,2024-10-22,graidenyates@yahoomail.com,Male,India,Uttarakhand,Dehradun,182916,Single,Postgraduate Degree
3298,Ebony Sparks,2024-10-16,ebonysparks3674@gmail.com,Transgender,United States,Delaware,Wilmington,539381,Common Law,Postgraduate Degree
3299,Amery Cantu,2025-02-27,amerycantu924@gmail.com,Male,United States,Wyoming,Wyoming,969085,Married,Postgraduate Degree
3300,Armando Sampson,2023-09-20,armandosampson@yahoomail.com,Male,United States,Ohio,Akron,640604,Single,Postgraduate Degree
3301,Jessamine Snider,2023-10-23,jessaminesnider@ymail.com,Female,India,Tripura,Agartala,142788,Married,Master's Degree
3302,Donovan House,2023-10-08,donovanhouse6260@yahoomail.com,Female,India,Jammu and Kashmir,Srinagar,115032,Married,Postgraduate Degree
3303,Jeremy Barker,2024-09-16,jeremybarker@yahoomail.com,Transgender,United States,Iowa,Cedar Rapids,123356,Common Law,Bachelor's Degree
3304,Price Benjamin,2024-03-30,pricebenjamin@gmail.com,Transgender,India,Chhattisgarh,Korba,292484,Common Law,Postgraduate Degree
3305,Emerson Herring,2023-11-22,emersonherring@ymail.com,Transgender,United States,Kentucky,Owensboro,565698,Common Law,Bachelor's Degree
3306,Derek Ramirez,2024-04-12,derekramirez@ymail.com,Transgender,India,Andhra Pradesh,Gudivada,682992,Single,Master's Degree
3307,Camden Gallegos,2024-01-23,camdengallegos5557@ymail.com,Transgender,India,Sikkim,Gangtok,349277,Divorced,Postgraduate Degree
3308,Vivian Riley,2025-01-15,vivianriley76@yahoomail.com,Transgender,United States,Montana,Billings,263126,Married,Bachelor's Degree
3309,Kennedy Kim,2024-11-16,kennedykim@gmail.com,Female,United States,Indiana,Fort Wayne,606605,Common Law,Master's Degree
3310,Chanda Ryan,2024-01-03,chandaryan@gmail.com,Female,United States,Tennessee,Knoxville,873096,Single,Master's Degree
3311,Gannon Frost,2023-12-10,gannonfrost3178@yahoomail.com,Transgender,India,Meghalaya,Shillong,686629,Married,Master's Degree
3312,Daniel Fleming,2024-09-12,danielfleming@yahoomail.com,Transgender,United States,Delaware,Pike Creek,110257,Married,Bachelor's Degree
3313,Riley Lynn,2023-07-09,rileylynn@gmail.com,Female,India,Tripura,Agartala,207193,Married,Master's Degree
3314,Vanna Dejesus,2024-06-06,vannadejesus5941@gmail.com,Male,India,Chandigarh,Chandigarh,776052,Married,Master's Degree
3315,Cyrus Fitzgerald,2024-12-12,cyrusfitzgerald@yahoomail.com,Male,India,Karnataka,Davangere,311732,Common Law,Master's Degree
3316,Grady Fitzgerald,2024-03-05,gradyfitzgerald@gmail.com,Female,United States,Idaho,Nampa,484685,Common Law,Master's Degree
3317,Stephanie Glenn,2025-02-24,stephanieglenn@gmail.com,Female,United States,Michigan,Sterling Heights,332914,Single,Postgraduate Degree
3318,Wanda Johnston,2024-01-11,wandajohnston5628@gmail.com,Female,United States,Utah,West Valley City,248988,Married,Bachelor's Degree
3319,Wynne Robertson,2024-04-05,wynnerobertson1454@yahoomail.com,Male,United States,Ohio,Cleveland,992062,Single,Bachelor's Degree
3320,Mufutau Bowman,2023-09-10,mufutaubowman3333@gmail.com,Female,India,Gujarat,Vadodara,465443,Married,Bachelor's Degree
3321,Petra Cummings,2023-09-13,petracummings@gmail.com,Transgender,India,Andaman and Nicobar Islands,Port Blair,541080,Common Law,Master's Degree
3322,Fatima Thomas,2024-06-01,fatimathomas2651@yahoomail.com,Transgender,India,Andaman and Nicobar Islands,Port Blair,665886,Common Law,Postgraduate Degree
3323,Xenos Blackburn,2023-10-26,xenosblackburn@ymail.com,Female,India,Meghalaya,Shillong,373205,Married,Master's Degree
3324,Doris Burton,2025-02-23,dorisburton@yahoomail.com,Transgender,India,Chhattisgarh,Raipur,369338,Divorced,Postgraduate Degree
3325,Stacy Murphy,2024-11-14,stacymurphy8433@yahoomail.com,Female,India,Pondicherry,Pondicherry,761263,Divorced,Postgraduate Degree
3326,Iona Barlow,2024-07-15,ionabarlow@gmail.com,Female,United States,Ohio,Toledo,475457,Married,Bachelor's Degree
3327,Leila Savage,2023-12-12,leilasavage@yahoomail.com,Male,United States,Vermont,South Burlington,713939,Divorced,Master's Degree
3328,Hollee Mcpherson,2024-02-19,holleemcpherson1892@gmail.com,Transgender,United States,Alaska,Fairbanks,466927,Single,Master's Degree
3329,Lamar O'brien,2023-05-24,lamarobrien263@gmail.com,Male,United States,Iowa,Cedar Rapids,161933,Married,Postgraduate Degree
3330,Jerome Burke,2023-04-28,jeromeburke8276@ymail.com,Female,United States,Utah,Sandy,948033,Married,Master's Degree
3331,Angelica Lester,2025-02-04,angelicalester4767@ymail.com,Transgender,United States,Hawaii,Kailua,220785,Common Law,Bachelor's Degree
3332,Sarah Kent,2024-03-25,sarahkent@yahoomail.com,Male,United States,Georgia,Atlanta,130304,Common Law,Bachelor's Degree
3333,Brent Thomas,2024-11-26,brentthomas@yahoomail.com,Male,United States,Maryland,Columbia,569158,Common Law,Postgraduate Degree
3334,Mollie Moreno,2023-09-30,molliemoreno3950@ymail.com,Female,United States,Delaware,Pike Creek,814569,Common Law,Master's Degree
3335,Martin Sharpe,2024-11-12,martinsharpe@yahoomail.com,Male,United States,Mississippi,Jackson,994194,Married,Postgraduate Degree
3336,Cade Brady,2023-09-21,cadebrady5203@yahoomail.com,Female,United States,Missouri,Kansas City,203220,Married,Postgraduate Degree
3337,Dylan Washington,2024-03-28,dylanwashington6802@gmail.com,Female,United States,Wisconsin,Racine,892088,Divorced,Master's Degree
3338,Leigh Perkins,2025-01-31,leighperkins6036@ymail.com,Female,India,Goa,Panjim,991485,Divorced,Master's Degree
3339,David Goodwin,2023-07-11,davidgoodwin1845@yahoomail.com,Female,India,Pondicherry,Pondicherry,539951,Single,Master's Degree
3340,Stacy Gates,2024-04-27,stacygates8078@ymail.com,Male,India,Chandigarh,Chandigarh,320280,Divorced,Postgraduate Degree
3341,Maryam James,2025-03-27,maryamjames8187@ymail.com,Female,United States,Idaho,Idaho Falls,858327,Common Law,Bachelor's Degree
3342,Berk Lara,2024-08-29,berklara@gmail.com,Male,United States,California,Fresno,727254,Divorced,Bachelor's Degree
3343,Mariam Davenport,2025-03-07,mariamdavenport1319@yahoomail.com,Female,India,Kerala,Kollam,132056,Married,Bachelor's Degree
3344,Michael Maxwell,2023-10-06,michaelmaxwell@ymail.com,Transgender,United States,Vermont,Essex,786008,Married,Postgraduate Degree
3345,Thor Drake,2025-02-17,thordrake8829@yahoomail.com,Male,India,Manipur,Imphal,183540,Married,Master's Degree
3346,Alyssa Finch,2024-04-14,alyssafinch@ymail.com,Transgender,United States,California,San Jose,565252,Divorced,Bachelor's Degree
3347,Unity Carney,2024-04-03,unitycarney@ymail.com,Male,India,Manipur,Imphal,661267,Single,Bachelor's Degree
3348,Irene Grimes,2025-02-20,irenegrimes@ymail.com,Female,United States,Utah,Provo,229487,Married,Postgraduate Degree
3349,Lance Wright,2023-04-14,lancewright@yahoomail.com,Transgender,India,Delhi,Delhi,455739,Divorced,Postgraduate Degree
3350,Violet Cain,2023-12-13,violetcain@ymail.com,Male,United States,Kansas,Wichita,468472,Divorced,Postgraduate Degree
3351,Madaline Harvey,2024-05-17,madalineharvey4656@yahoomail.com,Female,India,Daman and Diu,Daman,376053,Married,Master's Degree
3352,Carson Cunningham,2025-01-17,carsoncunningham7438@yahoomail.com,Male,India,West Bengal,Howrah,130152,Married,Postgraduate Degree
3353,Rhea Weber,2023-06-15,rheaweber@yahoomail.com,Female,United States,Alaska,Anchorage,200296,Divorced,Bachelor's Degree
3354,Anthony Huber,2025-01-27,anthonyhuber@yahoomail.com,Transgender,India,Punjab,Lahore,533522,Single,Postgraduate Degree
3355,Cadman Gibbs,2024-01-23,cadmangibbs11@ymail.com,Male,United States,Maryland,Baltimore,606373,Single,Master's Degree
3356,Chelsea Clemons,2024-01-12,chelseaclemons@yahoomail.com,Male,India,Rajasthan,Alwar,104237,Single,Bachelor's Degree
3357,Aurora Jordan,2023-09-04,aurorajordan9120@ymail.com,Transgender,India,Punjab,Gujranwala,745756,Common Law,Master's Degree
3358,Marshall Christian,2024-10-12,marshallchristian@gmail.com,Transgender,India,Pondicherry,Pondicherry,252050,Married,Postgraduate Degree
3359,Theodore Russell,2023-10-01,theodorerussell4465@yahoomail.com,Male,United States,Minnesota,Saint Paul,572021,Common Law,Bachelor's Degree
3360,Germaine Briggs,2024-06-21,germainebriggs@gmail.com,Female,India,Haryana,Sirsa,364183,Married,Bachelor's Degree
3361,Shafira Phelps,2023-05-16,shafiraphelps@yahoomail.com,Transgender,India,Uttarakhand,Dehradun,457317,Common Law,Master's Degree
3362,Alika Haley,2023-10-21,alikahaley805@gmail.com,Male,India,Uttarakhand,Haridwar,642222,Married,Postgraduate Degree
3363,Rashad Buck,2023-12-16,rashadbuck@ymail.com,Transgender,India,Delhi,Delhi,428582,Divorced,Master's Degree
3364,Indira Vaughn,2023-11-01,indiravaughn6852@gmail.com,Male,India,Himachal Pradesh,Shimla,240572,Married,Master's Degree
3365,Harding Kline,2024-08-10,hardingkline5214@ymail.com,Male,United States,Arizona,Mesa,912371,Common Law,Bachelor's Degree
3366,MacKensie Clarke,2024-10-16,mackensieclarke5995@ymail.com,Female,India,Chandigarh,Chandigarh,296998,Divorced,Postgraduate Degree
3367,Odette Wise,2025-01-05,odettewise9794@gmail.com,Transgender,United States,Nevada,Las Vegas,978087,Single,Bachelor's Degree
3368,Shafira Gould,2023-08-14,shafiragould@gmail.com,Male,United States,Arkansas,Jonesboro,862337,Common Law,Postgraduate Degree
3369,Baker Richardson,2023-12-15,bakerrichardson@ymail.com,Transgender,India,Chhattisgarh,Raipur,666469,Common Law,Master's Degree
3370,Adrienne Dillon,2023-10-31,adriennedillon@ymail.com,Transgender,India,Jharkhand,Ranchi,240150,Married,Bachelor's Degree
3371,Ezra Holloway,2024-11-29,ezraholloway@gmail.com,Female,United States,Missouri,Independence,782126,Married,Bachelor's Degree
3372,Ciara Goodman,2023-07-15,ciaragoodman659@yahoomail.com,Transgender,United States,Minnesota,Bloomington,929907,Single,Postgraduate Degree
3373,Regan Mcdaniel,2025-01-14,reganmcdaniel@gmail.com,Transgender,India,Gujarat,Anand,529801,Single,Postgraduate Degree
3374,Anjolie Hill,2025-03-28,anjoliehill611@yahoomail.com,Male,India,Andhra Pradesh,Bhimavaram,867552,Divorced,Bachelor's Degree
3375,Boris Fowler,2023-11-01,borisfowler@gmail.com,Transgender,India,Gujarat,Gandhinagar,563385,Married,Bachelor's Degree
3376,Carol Vasquez,2023-06-21,carolvasquez@gmail.com,Transgender,India,Mizoram,Aizwal,313704,Married,Postgraduate Degree
3377,Russell Dejesus,2024-07-19,russelldejesus8751@ymail.com,Female,India,Haryana,Hisar,179531,Divorced,Bachelor's Degree
3378,Arsenio Harvey,2024-10-24,arsenioharvey4094@yahoomail.com,Female,India,Dadra and Nagar Haveli,Silvassa,852062,Divorced,Postgraduate Degree
3379,Jack Guerrero,2024-09-06,jackguerrero@ymail.com,Female,India,Andaman and Nicobar Islands,Port Blair,113206,Divorced,Postgraduate Degree
3380,Mallory Cunningham,2024-09-12,mallorycunningham2129@yahoomail.com,Female,India,Uttar Pradesh,Meerut,865998,Common Law,Master's Degree
3381,Germane Bruce,2023-08-31,germanebruce4679@yahoomail.com,Transgender,India,Karnataka,Bijapur,673266,Divorced,Bachelor's Degree
3382,Leigh Gamble,2023-12-07,leighgamble@gmail.com,Male,India,Jammu and Kashmir,Srinagar,592451,Single,Postgraduate Degree
3383,Uta Wall,2023-06-28,utawall@ymail.com,Female,India,Meghalaya,Shillong,871055,Divorced,Bachelor's Degree
3384,Wade Figueroa,2025-02-19,wadefigueroa@yahoomail.com,Transgender,United States,Texas,Fort Worth,482106,Single,Master's Degree
3385,Blossom Garrett,2023-08-07,blossomgarrett5134@gmail.com,Transgender,India,Sikkim,Gangtok,113623,Married,Bachelor's Degree
3386,Ruby Baldwin,2025-03-08,rubybaldwin4493@yahoomail.com,Female,United States,Alabama,Huntsville,620957,Divorced,Postgraduate Degree
3387,Irene Benton,2023-05-18,irenebenton4019@ymail.com,Transgender,India,Tripura,Agartala,244915,Divorced,Bachelor's Degree
3388,Jana Gallagher,2024-08-17,janagallagher@ymail.com,Transgender,United States,Wyoming,Gillette,257290,Married,Master's Degree
3389,Anne Yang,2023-06-19,anneyang324@ymail.com,Male,India,Manipur,Imphal,758711,Common Law,Postgraduate Degree
3390,Risa Perry,2024-12-13,risaperry6720@yahoomail.com,Transgender,United States,Virginia,Newport News,123715,Married,Bachelor's Degree
3391,Fatima Sellers,2024-11-02,fatimasellers@gmail.com,Male,India,West Bengal,Santipur,656239,Common Law,Master's Degree
3392,Maryam Hardy,2024-05-04,maryamhardy@ymail.com,Transgender,India,West Bengal,Berhampore,332261,Single,Postgraduate Degree
3393,Tyrone Vazquez,2023-10-02,tyronevazquez@ymail.com,Male,India,Punjab,Patiala,204736,Divorced,Master's Degree
3394,Kevin Lowery,2023-07-30,kevinlowery9173@yahoomail.com,Male,India,Andaman and Nicobar Islands,Port Blair,643826,Divorced,Master's Degree
3395,Colton Sheppard,2024-10-31,coltonsheppard1865@gmail.com,Male,United States,Missouri,Saint Louis,544008,Married,Master's Degree
3396,Adrienne Dejesus,2025-01-18,adriennedejesus@yahoomail.com,Female,United States,Kansas,Olathe,295222,Divorced,Bachelor's Degree
3397,Porter Patel,2024-01-09,porterpatel@ymail.com,Male,India,Lakshadweep,Kavaratti,492006,Divorced,Bachelor's Degree
3398,Ursula Meyers,2023-05-07,ursulameyers@gmail.com,Male,United States,Nebraska,Kearney,905116,Single,Master's Degree
3399,Dexter Spence,2023-07-04,dexterspence@gmail.com,Transgender,India,Dadra and Nagar Haveli,Silvassa,868550,Single,Master's Degree
3400,Eugenia Sanders,2023-07-09,eugeniasanders@gmail.com,Transgender,United States,Texas,Houston,244612,Married,Bachelor's Degree
3401,Arthur Wilkinson,2025-03-16,arthurwilkinson@gmail.com,Male,India,Delhi,Delhi,153034,Common Law,Bachelor's Degree
3402,Tatyana Marsh,2025-03-13,tatyanamarsh@yahoomail.com,Transgender,India,Chandigarh,Chandigarh,592739,Common Law,Postgraduate Degree
3403,Isaac Webster,2023-05-30,isaacwebster@yahoomail.com,Transgender,India,Rajasthan,Bikaner,963641,Divorced,Bachelor's Degree
3404,Frances Rowe,2024-07-22,francesrowe9872@gmail.com,Male,United States,Ohio,Cincinnati,603548,Divorced,Bachelor's Degree
3405,Garrison Irwin,2023-05-10,garrisonirwin@yahoomail.com,Female,India,Tripura,Agartala,860237,Married,Bachelor's Degree
3406,Jeanette Larson,2024-10-13,jeanettelarson@yahoomail.com,Male,India,Andhra Pradesh,Tirupati,382298,Divorced,Postgraduate Degree
3407,Garrison Johns,2024-04-15,garrisonjohns4004@ymail.com,Female,United States,Mississippi,Biloxi,732581,Divorced,Postgraduate Degree
3408,Zachery Lester,2024-03-05,zacherylester7987@ymail.com,Male,India,Tamil Nadu,Tiruvarur,653008,Married,Postgraduate Degree
3409,Hermione Singleton,2024-03-31,hermionesingleton@yahoomail.com,Female,India,Assam,Silchar,895186,Common Law,Master's Degree
3410,Rachel Pruitt,2023-07-26,rachelpruitt774@ymail.com,Female,United States,Iowa,Iowa City,558694,Single,Postgraduate Degree
3411,Dean Rivers,2023-05-10,deanrivers@yahoomail.com,Transgender,India,Chandigarh,Chandigarh,372542,Married,Postgraduate Degree
3412,Malachi Knight,2023-05-19,malachiknight@yahoomail.com,Transgender,United States,Wisconsin,Milwaukee,354378,Married,Master's Degree
3413,Camille Black,2023-04-10,camilleblack@ymail.com,Transgender,India,Jharkhand,Purulia,143967,Single,Master's Degree
3414,Dorothy Spence,2023-04-10,dorothyspence@yahoomail.com,Female,India,Jammu and Kashmir,Srinagar,625427,Single,Postgraduate Degree
3415,Griffin Carey,2024-03-05,griffincarey@ymail.com,Male,United States,Iowa,Davenport,258629,Single,Postgraduate Degree
3416,Mari Carter,2023-08-21,maricarter@yahoomail.com,Male,United States,Montana,Helena,399735,Divorced,Bachelor's Degree
3417,Zelda Snow,2024-02-18,zeldasnow@ymail.com,Female,India,Andhra Pradesh,Machilipatnam,538126,Single,Master's Degree
3418,Halee Oneil,2025-01-15,haleeoneil@yahoomail.com,Transgender,United States,Virginia,Richmond,795534,Single,Master's Degree
3419,Keelie Day,2023-05-16,keelieday@ymail.com,Transgender,United States,Washington,Olympia,452364,Divorced,Bachelor's Degree
3420,Eagan Kent,2024-07-02,eagankent@yahoomail.com,Transgender,India,Lakshadweep,Kavaratti,952103,Single,Postgraduate Degree
3421,Troy Cruz,2023-08-30,troycruz@gmail.com,Transgender,India,Odisha,Bhubaneswar,528828,Divorced,Bachelor's Degree
3422,Lee Myers,2023-09-10,leemyers@ymail.com,Male,United States,Delaware,Dover,884269,Single,Postgraduate Degree
3423,Nolan Barber,2025-01-26,nolanbarber1096@ymail.com,Female,United States,Missouri,Saint Louis,554135,Common Law,Postgraduate Degree
3424,Ivy Cole,2025-03-16,ivycole@yahoomail.com,Transgender,United States,Virginia,Norfolk,490299,Divorced,Postgraduate Degree
3425,Gannon Hughes,2024-03-24,gannonhughes9397@gmail.com,Female,United States,Maine,Augusta,108357,Married,Master's Degree
3426,Dale Compton,2024-02-29,dalecompton@ymail.com,Female,United States,California,Fresno,192049,Single,Postgraduate Degree
3427,Chanda Gill,2023-04-17,chandagill8791@yahoomail.com,Transgender,India,Tamil Nadu,Valparai,912550,Divorced,Bachelor's Degree
3428,Abraham Moon,2024-02-04,abrahammoon@ymail.com,Female,United States,Kentucky,Covington,691889,Single,Master's Degree
3429,Leigh Mack,2024-05-04,leighmack2586@gmail.com,Male,United States,Nebraska,Grand Island,990311,Common Law,Bachelor's Degree
3430,Lunea Foster,2023-09-17,luneafoster@ymail.com,Transgender,United States,Indiana,Gary,423327,Common Law,Master's Degree
3431,Winifred Dixon,2025-02-12,winifreddixon513@ymail.com,Male,United States,Tennessee,Clarksville,470222,Married,Master's Degree
3432,Alvin Stevenson,2025-01-13,alvinstevenson@yahoomail.com,Male,United States,Arizona,Chandler,607599,Single,Postgraduate Degree
3433,Hakeem Greer,2023-05-18,hakeemgreer@yahoomail.com,Transgender,United States,Vermont,South Burlington,716577,Single,Bachelor's Degree
3434,Ignatius Andrews,2024-04-22,ignatiusandrews@yahoomail.com,Male,India,Manipur,Imphal,742048,Married,Bachelor's Degree
3435,Jerome Atkins,2024-01-04,jeromeatkins@ymail.com,Male,India,Delhi,Delhi,666831,Common Law,Bachelor's Degree
3436,Jonas Gay,2024-12-04,jonasgay@yahoomail.com,Female,India,Andhra Pradesh,Kurnool,927520,Single,Postgraduate Degree
3437,Myra Wagner,2023-04-22,myrawagner671@yahoomail.com,Female,United States,Alabama,Huntsville,808177,Divorced,Master's Degree
3438,Jordan Hurst,2025-01-24,jordanhurst1367@gmail.com,Male,India,Andaman and Nicobar Islands,Port Blair,780501,Married,Master's Degree
3439,Oren Hunt,2023-09-16,orenhunt3618@ymail.com,Transgender,United States,Utah,West Valley City,918681,Divorced,Master's Degree
3440,Jonah Dejesus,2024-06-29,jonahdejesus@yahoomail.com,Transgender,India,Jammu and Kashmir,Jammu,946635,Married,Bachelor's Degree
3441,Donna Bush,2025-03-07,donnabush8167@yahoomail.com,Transgender,United States,Texas,Fort Worth,851632,Married,Master's Degree
3442,Whoopi Horne,2024-11-17,whoopihorne3241@gmail.com,Male,United States,Oregon,Gresham,838991,Married,Postgraduate Degree
3443,Rina Pope,2024-12-31,rinapope@gmail.com,Male,India,Arunachal Pradesh,Itanagar,220745,Common Law,Master's Degree
3444,Alvin Tucker,2024-11-03,alvintucker8712@gmail.com,Transgender,United States,Texas,Austin,853648,Single,Postgraduate Degree
3445,Ariel Rhodes,2023-06-24,arielrhodes9079@yahoomail.com,Female,United States,Indiana,South Bend,438102,Common Law,Master's Degree
3446,Ori Compton,2023-12-11,oricompton@yahoomail.com,Transgender,United States,Nebraska,Lincoln,272729,Single,Postgraduate Degree
3447,Grace Franks,2024-11-20,gracefranks4007@ymail.com,Transgender,India,Pondicherry,Pondicherry,261467,Single,Postgraduate Degree
3448,Chloe Kerr,2024-02-13,chloekerr9042@yahoomail.com,Female,India,West Bengal,Haldia,955106,Divorced,Postgraduate Degree
3449,Fallon Garrett,2023-10-26,fallongarrett@ymail.com,Transgender,India,Kerala,Kollam,798633,Single,Master's Degree
3450,Reese Harrell,2025-01-01,reeseharrell7141@yahoomail.com,Male,India,Goa,Panjim,543138,Common Law,Master's Degree
3451,Ronan Thornton,2024-05-04,ronanthornton@ymail.com,Female,India,Gujarat,Jamnagar,349331,Single,Postgraduate Degree
3452,Rhona Hood,2025-02-24,rhonahood6167@yahoomail.com,Transgender,India,Uttarakhand,Dehradun,912418,Divorced,Bachelor's Degree
3453,Michelle Hartman,2024-03-03,michellehartman@gmail.com,Transgender,India,Lakshadweep,Kavaratti,610142,Common Law,Master's Degree
3454,James Duran,2024-10-16,jamesduran@gmail.com,Male,United States,Arizona,Mesa,812358,Divorced,Postgraduate Degree
3455,Dacey Bryant,2024-07-12,daceybryant@gmail.com,Male,India,Dadra and Nagar Haveli,Silvassa,948645,Common Law,Bachelor's Degree
3456,Nola Alexander,2024-03-29,nolaalexander@gmail.com,Transgender,United States,Connecticut,New Haven,497318,Divorced,Bachelor's Degree
3457,Kirsten Cruz,2024-04-20,kirstencruz3332@ymail.com,Female,India,Arunachal Pradesh,Itanagar,935596,Common Law,Postgraduate Degree
3458,Channing Hutchinson,2024-05-29,channinghutchinson@gmail.com,Male,United States,Alaska,Anchorage,203812,Single,Bachelor's Degree
3459,Bruno Sutton,2024-07-15,brunosutton@gmail.com,Transgender,United States,Maryland,Baltimore,135263,Single,Postgraduate Degree
3460,Virginia Alston,2024-05-02,virginiaalston1797@gmail.com,Male,India,Karnataka,Shimoga,333370,Single,Bachelor's Degree
3461,Angela Walton,2025-01-09,angelawalton7659@gmail.com,Transgender,United States,Maine,Bangor,596413,Single,Master's Degree
3462,Orli Schneider,2023-07-17,orlischneider8854@ymail.com,Transgender,India,Andhra Pradesh,Nizamabad,858816,Married,Bachelor's Degree
3463,Gavin Chase,2024-07-27,gavinchase1506@gmail.com,Female,India,Jharkhand,Hazaribag,740743,Common Law,Postgraduate Degree
3464,Yasir Anderson,2024-08-15,yasiranderson4910@ymail.com,Female,United States,Kansas,Kansas City,318042,Divorced,Master's Degree
3465,Holmes Neal,2023-10-13,holmesneal@gmail.com,Male,India,Himachal Pradesh,Shimla,520054,Common Law,Postgraduate Degree
3466,Uriah Gould,2025-02-15,uriahgould5272@ymail.com,Transgender,India,Mizoram,Aizwal,173008,Common Law,Postgraduate Degree
3467,Dexter Glenn,2024-04-11,dexterglenn@yahoomail.com,Transgender,United States,Oregon,Portland,234509,Single,Bachelor's Degree
3468,Andrew Pace,2024-11-04,andrewpace7771@ymail.com,Female,United States,Minnesota,Minneapolis,256157,Single,Master's Degree
3469,Tanner Koch,2024-08-27,tannerkoch@yahoomail.com,Transgender,India,Goa,Panjim,358960,Single,Master's Degree
3470,Igor Hunter,2023-03-30,igorhunter4039@ymail.com,Female,India,Andaman and Nicobar Islands,Port Blair,291978,Common Law,Postgraduate Degree
3471,Hadassah Burnett,2024-07-17,hadassahburnett@yahoomail.com,Transgender,India,Uttar Pradesh,Budaun,968363,Married,Master's Degree
3472,Meredith Alston,2023-07-13,meredithalston@gmail.com,Transgender,India,Jammu and Kashmir,Jammu,105713,Single,Bachelor's Degree
3473,Declan Barr,2023-11-23,declanbarr@gmail.com,Female,United States,Maine,Augusta,505842,Common Law,Bachelor's Degree
3474,Odessa Padilla,2024-08-23,odessapadilla8615@yahoomail.com,Transgender,India,Tamil Nadu,Coimbatore,881374,Common Law,Bachelor's Degree
3475,Hashim Gay,2023-09-08,hashimgay4343@ymail.com,Male,India,Mizoram,Aizwal,263135,Married,Postgraduate Degree
3476,TaShya Rush,2023-06-01,tashyarush@yahoomail.com,Male,United States,Florida,St. Petersburg,789269,Single,Postgraduate Degree
3477,Scarlett Mccray,2025-03-13,scarlettmccray8792@gmail.com,Male,United States,Michigan,Lansing,358580,Common Law,Master's Degree
3478,Prescott Craft,2024-10-26,prescottcraft5396@ymail.com,Female,United States,California,Fresno,658517,Common Law,Master's Degree
3479,Brenda Gaines,2023-04-01,brendagaines2653@ymail.com,Male,India,Chhattisgarh,Bilaspur,364009,Married,Postgraduate Degree
3480,Veronica Buckner,2023-10-27,veronicabuckner593@gmail.com,Female,India,Madhya Pradesh,Satna,648264,Common Law,Bachelor's Degree
3481,James Marshall,2024-07-01,jamesmarshall1940@ymail.com,Male,United States,Georgia,Atlanta,141216,Single,Postgraduate Degree
3482,Graiden Silva,2024-07-26,graidensilva3846@yahoomail.com,Transgender,India,Tripura,Agartala,400741,Divorced,Master's Degree
3483,Kirestin Ingram,2024-09-25,kirestiningram@ymail.com,Female,United States,Maryland,Columbia,406442,Common Law,Postgraduate Degree
3484,Chiquita Baxter,2024-05-18,chiquitabaxter1674@ymail.com,Transgender,United States,Minnesota,Bloomington,558467,Single,Bachelor's Degree
3485,Cailin Estrada,2023-12-12,cailinestrada@gmail.com,Male,India,Haryana,Faridabad,763792,Single,Postgraduate Degree
3486,Barrett Hardin,2023-08-28,barretthardin@gmail.com,Transgender,India,Goa,Panjim,245845,Married,Bachelor's Degree
3487,Roary Nieves,2023-09-17,roarynieves8367@gmail.com,Male,United States,California,Los Angeles,570102,Single,Master's Degree
3488,Odysseus Buck,2025-03-02,odysseusbuck8247@yahoomail.com,Female,India,Daman and Diu,Daman,822327,Common Law,Postgraduate Degree
3489,Chava Rollins,2023-09-13,chavarollins4582@yahoomail.com,Male,United States,Indiana,South Bend,327974,Common Law,Master's Degree
3490,Lisandra Baker,2024-03-24,lisandrabaker1783@ymail.com,Female,United States,Arkansas,Fort Smith,511723,Single,Bachelor's Degree
3491,Dillon Burgess,2024-09-25,dillonburgess4915@ymail.com,Male,India,Nagaland,Kohima,778192,Single,Bachelor's Degree
3492,Shana Shaw,2024-06-23,shanashaw@yahoomail.com,Male,India,Rajasthan,Jodhpur,115436,Single,Postgraduate Degree
3493,Dominique Coffey,2025-01-17,dominiquecoffey@ymail.com,Female,India,Andhra Pradesh,Proddatur,342871,Divorced,Master's Degree
3494,Quemby Sawyer,2023-05-08,quembysawyer7711@ymail.com,Female,India,Dadra and Nagar Haveli,Silvassa,697618,Divorced,Master's Degree
3495,Valentine English,2024-12-17,valentineenglish@ymail.com,Female,India,Rajasthan,Tonk,634019,Married,Bachelor's Degree
3496,Keegan Sullivan,2025-01-09,keegansullivan6517@yahoomail.com,Male,United States,Kentucky,Lexington,928153,Single,Master's Degree
3497,Angelica Young,2024-06-01,angelicayoung3173@ymail.com,Transgender,United States,Connecticut,New Haven,201059,Common Law,Bachelor's Degree
3498,Jana Simon,2024-08-19,janasimon@gmail.com,Transgender,United States,Iowa,Sioux City,216586,Divorced,Master's Degree
3499,Petra Freeman,2023-07-03,petrafreeman@ymail.com,Male,India,Uttarakhand,Dehradun,871690,Single,Bachelor's Degree
3500,Teegan Fitzgerald,2025-01-01,teeganfitzgerald3398@gmail.com,Male,United States,Ohio,Akron,852512,Common Law,Postgraduate Degree
